"Wijken en buurten";"Regioaanduiding/Gemeentenaam (naam)";"Regioaanduiding/Soort regio (omschrijving)";"Regioaanduiding/Codering (code)";"Regioaanduiding/Indelingswijziging gemeente, wijk, buurt (code)";"Bevolking/Aantal inwoners (aantal)";"Bevolking/Geslacht/Mannen (aantal)";"Bevolking/Geslacht/Vrouwen (aantal)";"Bevolking/Leeftijdsgroepen/0 tot 15 jaar (aantal)";"Bevolking/Leeftijdsgroepen/15 tot 25 jaar (aantal)";"Bevolking/Leeftijdsgroepen/25 tot 45 jaar (aantal)";"Bevolking/Leeftijdsgroepen/45 tot 65 jaar (aantal)";"Bevolking/Leeftijdsgroepen/65 jaar of ouder (aantal)";"Bevolking/Burgerlijke staat/Ongehuwd (aantal)";"Bevolking/Burgerlijke staat/Gehuwd (aantal)";"Bevolking/Burgerlijke staat/Gescheiden (aantal)";"Bevolking/Burgerlijke staat/Verweduwd (aantal)";"Bevolking/Bevolking naar herkomst/Herkomstland/Nederland (aantal)";"Bevolking/Bevolking naar herkomst/Herkomstland/Europa (exclusief Nederland)  (aantal)";"Bevolking/Bevolking naar herkomst/Herkomstland/Buiten Europa  (aantal)";"Bevolking/Bevolking naar herkomst/Geboren in Nederland/Nederland (aantal)";"Bevolking/Bevolking naar herkomst/Geboren in Nederland/Europa (exclusief Nederland)  (aantal)";"Bevolking/Bevolking naar herkomst/Geboren in Nederland/Buiten Europa  (aantal)";"Bevolking/Bevolking naar herkomst/Geboren buiten Nederland/Europa (exclusief Nederland) (aantal)";"Bevolking/Bevolking naar herkomst/Geboren buiten Nederland/Buiten Europa (aantal)";"Bevolking/Geboorte en sterfte/Geboorte totaal (aantal)";"Bevolking/Geboorte en sterfte/Geboorte relatief (per 1 000 inwoners)";"Bevolking/Geboorte en sterfte/Sterfte totaal (aantal)";"Bevolking/Geboorte en sterfte/Sterfte relatief (per 1 000 inwoners)";"Bevolking/Particuliere huishoudens/Huishoudens totaal (aantal)";"Bevolking/Particuliere huishoudens/Eenpersoonshuishoudens (aantal)";"Bevolking/Particuliere huishoudens/Huishoudens zonder kinderen (aantal)";"Bevolking/Particuliere huishoudens/Huishoudens met kinderen (aantal)";"Bevolking/Particuliere huishoudens/Gemiddelde huishoudensgrootte (aantal)";"Bevolking/Bevolkingsdichtheid (aantal inwoners per km²)";"Wonen en vastgoed/Woningvoorraad (aantal)";"Wonen en vastgoed/Nieuwbouw woningen  (aantal)";"Wonen en vastgoed/Niet-woningvoorraad (aantal)";"Wonen en vastgoed/Nieuwbouw niet-woningen (aantal)";"Wonen en vastgoed/Gemiddelde WOZ-waarde van woningen (x 1 000 euro)";"Wonen en vastgoed/Woningen naar type/Percentage eengezinswoning (%)";"Wonen en vastgoed/Woningen naar type/Percentage tussenwoning (eengezins) (%)";"Wonen en vastgoed/Woningen naar type/Percentage hoekwoning (eengezins) (%)";"Wonen en vastgoed/Woningen naar type/Percentage twee-onder-één-kap-woning (ee (%)";"Wonen en vastgoed/Woningen naar type/Percentage vrijstaande woning (eengezins (%)";"Wonen en vastgoed/Woningen naar type/Percentage meergezinswoning (%)";"Wonen en vastgoed/Onbewoonde woningen (%)";"Wonen en vastgoed/Woningen naar eigendom/Koopwoningen (%)";"Wonen en vastgoed/Woningen naar eigendom/Huurwoningen/Huurwoningen totaal (%)";"Wonen en vastgoed/Woningen naar eigendom/Huurwoningen/In bezit woningcorporatie (%)";"Wonen en vastgoed/Woningen naar eigendom/Huurwoningen/In bezit overige verhuurders (%)";"Wonen en vastgoed/Woningen naar bouwjaar/Bouwjaar meer dan tien jaar geleden (%)";"Wonen en vastgoed/Woningen naar bouwjaar/Bouwjaar afgelopen tien jaar (%)";"Energie/Gemiddelde elektriciteitslevering/Gemiddelde elektriciteitslevering totaal (kWh)";"Energie/Gemiddelde elektriciteitslevering/Gemiddelde elektriciteitsteruglevering ()";"Energie/Gemiddeld aardgasverbruik/Gemiddeld aardgasverbruik totaal (m³)";"Energie/Gemiddeld aardgasverbruik/Percentage woningen met stadsverwarming (%)";"Energie/Gemiddeld aardgasverbruik/Aardgasvrije woningen (%)";"Energie/Gemiddeld aardgasverbruik/Aardgaswoningen (%)";"Energie/Woningen met zonnestroom (%)";"Energie/Woningen hoofdz. elektrisch verwarmd (%)";"Energie/Aantal publieke laadpalen (aantal)";"Onderwijs/Onderwijssoort/Leerlingen po (aantal)";"Onderwijs/Onderwijssoort/Leerlingen vo (incl. vavo)  (aantal)";"Onderwijs/Onderwijssoort/Studenten mbo (excl. extranei) (aantal)";"Onderwijs/Onderwijssoort/Studenten hbo (aantal)";"Onderwijs/Onderwijssoort/Studenten wo (aantal)";"Onderwijs/Hoogst behaald onderwijsniveau/Basisonderwijs, vmbo, mbo1 (aantal)";"Onderwijs/Hoogst behaald onderwijsniveau/Havo, vwo, mbo2-4 (aantal)";"Onderwijs/Hoogst behaald onderwijsniveau/Hbo, wo (aantal)";"Arbeid/Werkzame beroepsbevolking (aantal)";"Arbeid/Nettoarbeidsparticipatie (%)";"Arbeid/Onderverdeling werkenden/Percentage werknemers (%)";"Arbeid/Onderverdeling werkenden/Werknemers met vaste arbeidsr (%)";"Arbeid/Onderverdeling werkenden/Werknemers met flexibele arbe (%)";"Arbeid/Onderverdeling werkenden/Percentage zelfstandigen (%)";"Inkomen/Personen/Aantal inkomensontvangers   (aantal)";"Inkomen/Personen/Gemiddeld inkomen per inkomensontvanger  (x 1 000 euro)";"Inkomen/Personen/Gemiddeld inkomen per inwoner  (x 1 000 euro)";"Inkomen/Personen/40% personen met laagste inkomen (%)";"Inkomen/Personen/20% personen met hoogste inkomen (%)";"Inkomen/Personen/Personen in armoede (%)";"Inkomen/Personen/Personen tot 25% boven armoedegrens (%)";"Inkomen/Huishoudens/Gem. gestandaardiseerd inkomen (x 1 000 euro)";"Inkomen/Huishoudens/40% huishoudens met laagste inkomen (%)";"Inkomen/Huishoudens/20% huishoudens met hoogste inkomen (%)";"Inkomen/Huishoudens/Mediaan vermogen van particuliere huish. (x 1 000 euro)";"Sociale zekerheid/Personen per soort uitkering; Bijstand (aantal)";"Sociale zekerheid/Personen per soort uitkering; AO (aantal)";"Sociale zekerheid/Personen per soort uitkering; WW (aantal)";"Sociale zekerheid/Personen per soort uitkering; AOW (aantal)";"Zorg/Jongeren met jeugdzorg in natura (aantal)";"Zorg/Percentage jongeren met jeugdzorg (%)";"Zorg/Wmo-cliënten (aantal)";"Zorg/Wmo-cliënten relatief (per 1 000 inwoners)";"Bedrijfsvestigingen, SBI 2008/Bedrijfsvestigingen totaal (aantal)";"Bedrijfsvestigingen, SBI 2008/Bedrijfsvestigingen naar activiteit/A Landbouw, bosbouw en visserij (aantal)";"Bedrijfsvestigingen, SBI 2008/Bedrijfsvestigingen naar activiteit/B-F Nijverheid en energie (aantal)";"Bedrijfsvestigingen, SBI 2008/Bedrijfsvestigingen naar activiteit/G+I Handel en horeca (aantal)";"Bedrijfsvestigingen, SBI 2008/Bedrijfsvestigingen naar activiteit/H+J Vervoer, informatie en communicatie (aantal)";"Bedrijfsvestigingen, SBI 2008/Bedrijfsvestigingen naar activiteit/K-L Financiële diensten, onroerend goed (aantal)";"Bedrijfsvestigingen, SBI 2008/Bedrijfsvestigingen naar activiteit/M-N Zakelijke dienstverlening (aantal)";"Bedrijfsvestigingen, SBI 2008/Bedrijfsvestigingen naar activiteit/O-Q Overheid, onderwijs en zorg (aantal)";"Bedrijfsvestigingen, SBI 2008/Bedrijfsvestigingen naar activiteit/R-U Cultuur, recreatie, overige diensten (aantal)";"Motorvoertuigen/Personenauto's/Personenauto's totaal (aantal)";"Motorvoertuigen/Personenauto's/Personenauto's; brandstoftype/Personenauto's; brandstof benzine (aantal)";"Motorvoertuigen/Personenauto's/Personenauto's; brandstoftype/Personenauto's; overige brandstof (aantal)";"Motorvoertuigen/Personenauto's/Personenauto's per huishouden (per huishouden)";"Motorvoertuigen/Personenauto's/Personenauto's naar oppervlakte (per km²)";"Motorvoertuigen/Motorfietsen (aantal)";"Nabijheid voorzieningen/Afstand tot huisartsenpraktijk (km)";"Nabijheid voorzieningen/Afstand tot grote supermarkt (km)";"Nabijheid voorzieningen/Afstand tot kinderdagverblijf (km)";"Nabijheid voorzieningen/Basisonderwijs/Afstand tot school (km)";"Nabijheid voorzieningen/Basisonderwijs/Scholen binnen 3 km (aantal)";"Oppervlakte/Oppervlakte totaal (ha)";"Oppervlakte/Oppervlakte land (ha)";"Oppervlakte/Oppervlakte water (ha)";"Postcode/Meest voorkomende postcode (code)";"Postcode/Dekkingspercentage (code)";"Stedelijkheid/Mate van stedelijkheid (code)";"Stedelijkheid/Omgevingsadressendichtheid (per km²)"
"Nederland";"Nederland                               ";"Land      ";"NL00      ";".";18044027;8978451;9065576;2698534;2205523;4650069;4734222;3755679;9033869;6747136;1397508;865514;12902189;1712005;3429833;12902189;611448;1504734;1100557;1925099;;;;;8430352;3380900;2391806;2657646;2,1;536;8274478;;1212492;;398;63;29;13;9;13;37;4;57;42;28;14;92;8;;;;;;;;;;;;;;;;;;;;;;;;;;;;;;;;;;;;;;;;;;;2551540;81035;368615;419230;202150;123345;647530;435095;274540;9247810;6861660;2386150;1,1;275;720590;1,1;1;0,7;0,8;9,8;4154337;3364723;789614;"         .";;2;2077
"'s-Gravenhage";"'s-Gravenhage                           ";"Gemeente  ";"GM0518    ";"1";568945;283615;285330;87708;73577;172265;147524;87871;334779;164801;50733;18632;224131;102190;242624;224131;23558;100608;78632;142016;;;;;285140;140675;61238;83227;2;6901;274171;;27657;;383;21;16;4;1;1;79;7;43;57;30;27;94;6;;;;;;;;;;;;;;;;;;;;;;;;;;;;;;;;;;;;;;;;;;;100760;4330;21635;12645;7675;3235;24090;17160;9990;204250;149490;54760;0,7;2478;11600;0,7;0,6;0,5;0,6;30,8;9812;8244;1568;"         .";;1;5076
"Wijk 01 Oostduinen";"'s-Gravenhage                           ";"Wijk      ";"WK051801  ";"1";0;0;0;0;0;0;0;0;0;0;0;0;0;0;0;0;0;0;0;0;;;;;0;0;0;0;;;0;;22;;;;;;;;;;;;;;;;;;;;;;;;;;;;;;;;;;;;;;;;;;;;;;;;;;;;;;;;;;0;;;;;;;;;0;0;0;;;0;;;;;;322;312;10;"         .";;4;661
"Oostduinen";"'s-Gravenhage                           ";"Buurt     ";"BU05180170";"1";0;0;0;0;0;0;0;0;0;0;0;0;0;0;0;0;0;0;0;0;;;;;0;0;0;0;;;0;;22;;;;;;;;;;;;;;;;;;;;;;;;;;;;;;;;;;;;;;;;;;;;;;;;;;;;;;;;;;0;;;;;;;;;0;0;0;;;0;;;;;;322;312;10;"      2597";5;4;661
"Wijk 02 Belgisch Park";"'s-Gravenhage                           ";"Wijk      ";"WK051802  ";"1";8360;4070;4295;1225;1260;1840;2280;1760;4690;2645;660;370;4945;1585;1835;4945;475;720;1105;1115;;;;;4305;2155;1025;1125;1,9;7879;4165;;458;;541;20;13;4;1;1;80;11;61;38;13;25;100;0;;;;;;;;;;;;;;;;;;;;;;;;;;;;;;;;;;;;;;;;;;;1505;5;120;265;95;90;480;280;170;3010;2210;800;0,7;2837;230;0,8;0,4;0,5;0,6;8,3;106;106;0;"         .";;1;2518
"Belgisch Park";"'s-Gravenhage                           ";"Buurt     ";"BU05180271";"1";8365;4065;4290;1220;1260;1840;2280;1755;4690;2640;655;370;4940;1585;1830;4945;475;720;1105;1115;;;;;4305;2155;1025;1120;1,9;7879;4165;;458;;541;20;13;4;1;1;80;11;61;38;13;25;100;0;;;;;;;;;;;;;;;;;;;;;;;;;;;;;;;;;;;;;;;;;;;1505;5;120;265;95;90;480;280;170;3010;2210;800;0,7;2837;230;0,8;0,4;0,5;0,6;8,3;106;106;0;"      2587";3;1;2518
"Wijk 03 Westbroekpark en Duttendel";"'s-Gravenhage                           ";"Wijk      ";"WK051803  ";"1";2365;1060;1310;300;220;335;600;915;950;975;215;230;1450;415;500;1455;155;170;265;330;;;;;1150;530;355;265;2;1380;1387;;327;;752;28;6;5;11;6;72;16;61;39;4;35;93;7;;;;;;;;;;;;;;;;;;;;;;;;;;;;;;;;;;;;;;;;;;;415;0;20;30;15;60;175;75;35;1165;845;320;1;678;50;1,1;1,3;0,6;0,6;14,3;179;172;8;"         .";;2;1751
"Westbroekpark";"'s-Gravenhage                           ";"Buurt     ";"BU05180373";"1";1055;475;575;110;90;100;235;525;350;475;100;130;645;190;215;645;75;70;120;145;;;;;540;255;190;100;1,9;2550;643;;58;;754;20;6;5;7;3;80;17;60;40;8;32;85;15;;;;;;;;;;;;;;;;;;;;;;;;;;;;;;;;;;;;;;;;;;;170;0;10;10;5;25;70;30;15;510;360;145;0,9;1234;10;0,8;1,1;0,8;0,8;16,4;46;41;5;"      2597";4;2;2444
"Duttendel";"'s-Gravenhage                           ";"Buurt     ";"BU05180374";"1";1315;580;730;190;135;240;360;390;605;495;115;100;805;225;285;805;80;100;145;185;;;;;610;280;160;170;2;1010;744;;269;;750;34;6;5;14;9;66;15;61;38;0;38;100;0;;;;;;;;;;;;;;;;;;;;;;;;;;;;;;;;;;;;;;;;;;;245;0;10;20;10;35;105;45;20;655;485;170;1,1;503;40;1,3;1,4;0,5;0,5;12,7;133;130;3;"      2597";1;3;1272
"Wijk 04 Benoordenhout";"'s-Gravenhage                           ";"Wijk      ";"WK051804  ";"1";15230;7200;8030;2615;1370;3095;4020;4130;7200;5865;1155;1010;8060;3485;3680;8060;1045;1395;2445;2285;;;;;7205;3140;1915;2150;2,1;5677;7886;;1465;;654;27;22;4;1;1;73;14;69;31;3;27;96;4;;;;;;;;;;;;;;;;;;;;;;;;;;;;;;;;;;;;;;;;;;;2675;0;100;250;215;180;1105;590;230;6220;4490;1730;0,9;2318;210;0,8;0,6;0,8;0,9;12,6;274;268;6;"         .";;2;2205
"Nassaubuurt";"'s-Gravenhage                           ";"Buurt     ";"BU05180448";"1";1695;825;870;295;180;420;460;345;860;680;95;70;890;350;455;895;100;165;250;295;;;;;800;335;215;260;2,1;5988;785;;96;;812;45;40;5;0;0;55;11;69;29;1;28;99;1;;;;;;;;;;;;;;;;;;;;;;;;;;;;;;;;;;;;;;;;;;;610;0;20;65;60;40;255;115;55;750;515;230;0,9;2641;30;0,5;0,5;0,5;0,6;17,3;29;28;0;"      2596";1;1;3424
"Uilennest";"'s-Gravenhage                           ";"Buurt     ";"BU05180475";"1";2320;1095;1235;320;195;555;645;605;1205;780;215;125;1170;520;635;1170;150;220;365;415;;;;;1235;655;300;285;1,8;7884;1291;;210;;519;14;12;2;0;0;86;11;79;21;0;21;100;0;;;;;;;;;;;;;;;;;;;;;;;;;;;;;;;;;;;;;;;;;;;350;0;15;20;25;15;150;90;35;965;725;240;0,8;3280;35;1,3;0,4;1,2;1,1;12,6;30;29;1;"      2597";3;2;1996
"Duinzigt";"'s-Gravenhage                           ";"Buurt     ";"BU05180476";"1";2660;1160;1500;240;165;375;515;1365;875;1045;285;455;1525;490;640;1530;180;245;315;390;;;;;1460;810;430;225;1,7;3826;1750;;733;;554;7;1;2;1;3;93;12;63;36;2;34;99;1;;;;;;;;;;;;;;;;;;;;;;;;;;;;;;;;;;;;;;;;;;;300;0;10;30;20;20;125;70;25;1275;965;310;0,9;1838;40;1,1;0,5;1,4;1,6;9,3;70;69;0;"      2597";1;3;1401
"Waalsdorp";"'s-Gravenhage                           ";"Buurt     ";"BU05180477";"1";4085;1970;2120;890;435;705;1215;845;2050;1650;230;155;2285;905;900;2285;320;375;585;520;;;;;1735;605;435;695;2,4;6369;1787;;163;;811;52;43;5;3;1;48;10;82;18;0;18;98;2;;;;;;;;;;;;;;;;;;;;;;;;;;;;;;;;;;;;;;;;;;;640;0;15;40;50;45;270;170;55;1590;1145;445;0,9;2475;50;0,6;1;0,6;0,8;11,1;65;64;0;"      2597";5;2;2143
"Arendsdorp";"'s-Gravenhage                           ";"Buurt     ";"BU05180478";"1";2000;970;1025;370;170;455;480;530;940;765;160;140;860;645;490;860;130;175;515;315;;;;;890;380;240;265;2,1;3898;1162;;117;;553;26;19;6;1;1;74;32;39;60;18;42;80;20;;;;;;;;;;;;;;;;;;;;;;;;;;;;;;;;;;;;;;;;;;;325;0;25;20;25;40;140;60;25;700;475;225;0,8;1362;20;0,7;0,6;0,6;0,7;14,5;55;51;4;"      2596";1;1;2955
"Van Hoytemastraat e.o.";"'s-Gravenhage                           ";"Buurt     ";"BU05180479";"1";2465;1185;1280;505;225;590;715;435;1270;950;175;70;1325;580;565;1325;170;220;410;350;;;;;1075;360;290;420;2,3;9637;1111;;146;;700;24;20;3;0;1;76;9;76;23;0;23;100;0;;;;;;;;;;;;;;;;;;;;;;;;;;;;;;;;;;;;;;;;;;;445;0;15;75;40;25;165;85;35;945;665;280;0,9;3682;35;0,9;0,4;0,5;0,4;13,9;26;26;0;"      2596";1;1;2521
"Wijk 05 Archipelbuurt";"'s-Gravenhage                           ";"Wijk      ";"WK051805  ";"1";6260;2955;3305;715;640;1515;1850;1535;3360;2065;590;250;3175;1390;1695;3175;355;615;1040;1075;;;;;3570;1995;855;720;1,7;7198;3764;;356;;658;25;21;3;1;1;75;15;56;44;14;30;100;0;;;;;;;;;;;;;;;;;;;;;;;;;;;;;;;;;;;;;;;;;;;1515;0;85;145;90;140;620;260;175;2535;1860;675;0,7;2917;130;0,4;0,5;0,3;0,6;24,9;87;87;0;"         .";;1;3469
"Archipelbuurt";"'s-Gravenhage                           ";"Buurt     ";"BU05180546";"1";6260;2960;3300;720;640;1515;1850;1535;3360;2060;590;245;3175;1390;1695;3175;355;615;1040;1075;;;;;3570;1990;855;720;1,7;7198;3764;;356;;658;25;21;3;1;1;75;15;56;44;14;30;100;0;;;;;;;;;;;;;;;;;;;;;;;;;;;;;;;;;;;;;;;;;;;1515;0;85;145;90;140;620;260;175;2535;1860;675;0,7;2917;130;0,4;0,5;0,3;0,6;24,9;87;87;0;"      2585";1;1;3469
"Wijk 06 Van Stolkpark en Scheveningse Bo";"'s-Gravenhage                           ";"Wijk      ";"WK051806  ";"1";795;380;410;80;85;155;240;235;335;340;75;50;390;225;180;390;50;65;180;115;;;;;410;190;115;105;1,9;735;436;;66;;979;26;7;6;4;9;74;14;58;41;11;30;100;0;;;;;;;;;;;;;;;;;;;;;;;;;;;;;;;;;;;;;;;;;;;215;0;5;10;20;25;75;40;35;410;275;135;1;378;25;0,9;1,3;0,4;0,8;15,9;111;108;3;"         .";;1;3597
"Van Stolkpark en Scheveningse Bosjes";"'s-Gravenhage                           ";"Buurt     ";"BU05180605";"1";795;385;415;85;85;155;235;235;335;335;75;50;395;225;180;395;45;65;175;115;;;;;410;190;115;105;1,9;735;436;;66;;979;26;7;6;4;9;74;14;58;41;11;30;100;0;;;;;;;;;;;;;;;;;;;;;;;;;;;;;;;;;;;;;;;;;;;215;0;5;10;20;25;75;40;35;410;275;135;1;378;25;0,9;1,3;0,4;0,8;15,9;111;108;3;"      2585";3;1;3597
"Wijk 07 Scheveningen";"'s-Gravenhage                           ";"Wijk      ";"WK051807  ";"1";19335;9310;10030;2650;2040;5555;5135;3960;11110;5535;1740;950;11985;3495;3855;11985;950;1635;2540;2220;;;;;10505;5495;2450;2560;1,8;8387;10984;;1572;;425;17;14;3;0;0;83;12;49;50;21;30;89;11;;;;;;;;;;;;;;;;;;;;;;;;;;;;;;;;;;;;;;;;;;;3960;15;450;670;270;225;1165;680;485;6810;5140;1670;0,6;2954;575;0,5;0,7;0,5;0,8;13,8;232;231;1;"         .";;1;4024
"Oud Scheveningen";"'s-Gravenhage                           ";"Buurt     ";"BU05180701";"1";2925;1455;1465;420;260;875;810;555;1785;725;275;140;2050;380;495;2050;105;240;270;260;;;;;1605;860;345;400;1,8;9911;1686;;200;;360;23;17;5;0;0;77;10;46;54;31;23;100;0;;;;;;;;;;;;;;;;;;;;;;;;;;;;;;;;;;;;;;;;;;;550;0;70;80;40;20;155;110;80;1040;805;235;0,6;3524;110;0,7;0,7;0,3;1,4;13,3;29;29;0;"      2584";2;1;4022
"Vissershaven";"'s-Gravenhage                           ";"Buurt     ";"BU05180702";"1";4900;2350;2550;625;510;1385;1315;1060;2695;1530;440;230;3130;865;900;3130;220;380;640;520;;;;;2630;1290;720;615;1,8;5784;2729;;695;;428;4;3;0;0;0;96;11;43;57;28;29;60;40;;;;;;;;;;;;;;;;;;;;;;;;;;;;;;;;;;;;;;;;;;;1160;5;140;200;80;90;375;175;105;1915;1390;530;0,7;2264;160;0,7;0,6;0,5;1;18,7;85;85;0;"      2583";1;1;3602
"Scheveningen Badplaats";"'s-Gravenhage                           ";"Buurt     ";"BU05180703";"1";5650;2765;2885;745;615;1730;1570;990;3360;1610;470;210;3275;1105;1265;3275;300;500;810;770;;;;;3200;1735;725;735;1,8;8751;3335;;336;;436;23;19;3;0;0;77;16;59;40;9;31;100;0;;;;;;;;;;;;;;;;;;;;;;;;;;;;;;;;;;;;;;;;;;;1265;5;130;235;100;80;340;210;165;2040;1545;495;0,6;3158;165;0,4;0,6;0,5;0,7;10,7;65;65;0;"      2586";1;1;4036
"Visserijbuurt";"'s-Gravenhage                           ";"Buurt     ";"BU05180704";"1";4105;1925;2180;630;470;1130;1000;875;2375;1110;395;220;2420;820;870;2420;220;385;595;485;;;;;2125;1095;440;590;1,9;15126;2234;;264;;409;16;14;2;0;0;84;10;44;56;26;29;96;4;;;;;;;;;;;;;;;;;;;;;;;;;;;;;;;;;;;;;;;;;;;690;0;80;115;40;25;180;140;105;1220;955;265;0,6;4492;75;0,4;0,8;0,4;0,7;13,5;27;27;0;"      2584";2;1;4523
"Rijslag";"'s-Gravenhage                           ";"Buurt     ";"BU05180772";"1";1765;815;945;230;190;425;435;480;895;555;165;150;1110;330;325;1110;100;130;225;190;;;;;950;515;220;215;1,8;7137;1000;;77;;523;29;21;5;3;1;71;13;49;50;9;41;100;0;;;;;;;;;;;;;;;;;;;;;;;;;;;;;;;;;;;;;;;;;;;290;0;30;40;15;15;110;50;30;595;450;145;0,6;2417;65;0,5;0,5;0,2;0,2;11,5;26;25;1;"      2586";5;1;4171
"Wijk 08 Duindorp";"'s-Gravenhage                           ";"Wijk      ";"WK051808  ";"1";5740;2860;2880;965;585;1515;1670;1005;3275;1690;545;230;4480;640;620;4480;245;295;395;325;;;;;2825;1245;625;960;2;6289;2840;;122;;377;28;23;5;1;0;72;3;43;57;52;5;100;0;;;;;;;;;;;;;;;;;;;;;;;;;;;;;;;;;;;;;;;;;;;560;10;150;65;40;10;125;110;60;1970;1655;315;0,7;2158;150;1,4;0,4;0,4;0,4;23,1;91;91;0;"         .";;2;2407
"Duindorp";"'s-Gravenhage                           ";"Buurt     ";"BU05180800";"1";5740;2860;2880;970;585;1515;1670;1010;3275;1690;550;225;4480;640;620;4480;245;295;395;325;;;;;2825;1245;625;955;2;6289;2840;;122;;377;28;23;5;1;0;72;3;43;57;52;5;100;0;;;;;;;;;;;;;;;;;;;;;;;;;;;;;;;;;;;;;;;;;;;560;10;150;65;40;10;125;110;60;1970;1655;315;0,7;2158;150;1,4;0,4;0,4;0,4;23,1;91;91;0;"      2583";1;2;2407
"Wijk 09 Geuzen- en Statenkwartier";"'s-Gravenhage                           ";"Wijk      ";"WK051809  ";"1";14800;7060;7740;2225;1750;3650;4295;2885;8120;5070;1020;580;7760;3780;3265;7760;865;1245;2910;2015;;;;;7330;3330;1880;2115;2;11114;7565;;657;;620;27;23;3;1;0;73;12;59;40;11;29;99;1;;;;;;;;;;;;;;;;;;;;;;;;;;;;;;;;;;;;;;;;;;;2660;5;195;340;180;150;930;580;285;5125;3780;1340;0,7;3848;305;0,5;0,5;0,5;0,6;24,7;135;133;2;"         .";;1;4333
"Statenkwartier";"'s-Gravenhage                           ";"Buurt     ";"BU05180907";"1";10310;4970;5345;1540;1315;2420;3100;1940;5650;3590;690;380;4840;3050;2420;4845;665;855;2385;1570;;;;;5085;2330;1290;1470;2;10188;5190;;481;;714;29;25;3;0;0;71;13;60;39;3;36;99;1;;;;;;;;;;;;;;;;;;;;;;;;;;;;;;;;;;;;;;;;;;;2050;0;110;280;135;130;755;425;215;3570;2510;1065;0,7;3528;205;0,5;0,5;0,4;0,6;25,7;101;101;0;"      2582";2;1;4371
"Geuzenkwartier";"'s-Gravenhage                           ";"Buurt     ";"BU05180908";"1";4485;2090;2395;685;440;1230;1190;945;2470;1485;335;200;2920;730;835;2920;205;395;525;445;;;;;2245;1000;595;650;2;14054;2375;;176;;417;24;20;2;1;0;76;10;57;42;28;14;100;0;;;;;;;;;;;;;;;;;;;;;;;;;;;;;;;;;;;;;;;;;;;605;0;85;55;45;20;170;150;70;1550;1275;280;0,7;4863;100;0,7;0,6;0,6;0,7;22,5;34;32;2;"      2581";5;1;4248
"Wijk 10 Zorgvliet";"'s-Gravenhage                           ";"Wijk      ";"WK051810  ";"1";710;365;345;75;50;120;195;270;270;340;45;50;340;210;155;340;50;50;160;110;;;;;375;160;150;75;1,9;821;418;;110;;939;16;4;2;3;6;84;22;68;32;2;30;100;0;;;;;;;;;;;;;;;;;;;;;;;;;;;;;;;;;;;;;;;;;;;390;0;15;30;15;50;145;80;50;365;230;135;1;422;10;0,6;0,8;0,5;0,6;34,6;88;86;1;"         .";;1;4329
"Zorgvliet";"'s-Gravenhage                           ";"Buurt     ";"BU05181041";"1";710;365;345;80;50;120;195;270;270;340;45;45;345;210;155;340;55;50;155;105;;;;;380;160;145;75;1,9;821;418;;110;;939;16;4;2;3;6;84;22;68;32;2;30;100;0;;;;;;;;;;;;;;;;;;;;;;;;;;;;;;;;;;;;;;;;;;;390;0;15;30;15;50;145;80;50;365;230;135;1;422;10;0,6;0,8;0,5;0,6;34,6;88;86;1;"      2517";1;1;4329
"Wijk 11 Duinoord";"'s-Gravenhage                           ";"Wijk      ";"WK051811  ";"1";8860;4325;4535;1235;890;2960;2450;1325;5390;2620;670;180;4295;2435;2125;4300;555;830;1875;1295;;;;;4800;2445;1250;1115;1,8;13603;4698;;310;;546;11;10;1;0;0;89;10;52;48;5;43;91;9;;;;;;;;;;;;;;;;;;;;;;;;;;;;;;;;;;;;;;;;;;;1650;10;120;180;120;70;550;355;250;2695;2030;670;0,6;4142;135;0,4;0,6;0,3;0,5;43,6;68;65;3;"         .";;1;6231
"Stadhoudersplantsoen";"'s-Gravenhage                           ";"Buurt     ";"BU05181142";"1";2865;1380;1485;370;245;1010;730;510;1695;820;255;95;1295;885;690;1295;165;245;720;445;;;;;1650;890;430;330;1,7;13060;1642;;94;;479;7;7;0;0;0;93;9;42;58;6;52;73;27;;;;;;;;;;;;;;;;;;;;;;;;;;;;;;;;;;;;;;;;;;;460;5;40;55;40;15;170;90;45;905;700;210;0,5;4135;30;0,3;0,5;0,3;0,3;41,9;23;22;1;"      2517";2;1;5459
"Sweelinckplein e.o.";"'s-Gravenhage                           ";"Buurt     ";"BU05181143";"1";5990;2945;3045;870;645;1950;1715;815;3695;1795;420;85;3005;1550;1435;3005;395;585;1155;850;;;;;3150;1550;815;785;1,9;13879;3056;;216;;583;13;12;1;0;0;87;10;57;42;5;38;100;0;;;;;;;;;;;;;;;;;;;;;;;;;;;;;;;;;;;;;;;;;;;1190;5;80;125;80;55;380;270;200;1790;1330;460;0,6;4145;105;0,5;0,6;0,4;0,6;44,5;44;43;1;"      2517";2;1;6639
"Wijk 12 Bomen- en Bloemenbuurt";"'s-Gravenhage                           ";"Wijk      ";"WK051812  ";"1";14975;6970;8010;2230;1440;3935;4190;3185;8315;4545;1455;665;9405;2615;2960;9405;855;1380;1755;1585;;;;;7715;3555;1945;2220;1,9;10633;7795;;764;;428;14;12;1;0;0;86;6;69;30;6;25;100;0;;;;;;;;;;;;;;;;;;;;;;;;;;;;;;;;;;;;;;;;;;;2425;15;250;320;180;85;745;495;330;5250;4180;1075;0,7;3728;335;0,4;0,5;0,4;0,5;37,5;142;141;2;"         .";;1;5609
"Bloemenbuurt-West";"'s-Gravenhage                           ";"Buurt     ";"BU05181250";"1";2275;1040;1235;315;225;400;705;625;1060;840;230;150;1680;260;335;1675;100;175;165;160;;;;;1050;395;295;360;2,1;8063;1122;;124;;510;37;32;4;0;0;63;8;84;16;1;14;100;0;;;;;;;;;;;;;;;;;;;;;;;;;;;;;;;;;;;;;;;;;;;350;0;25;25;25;25;125;90;30;910;720;190;0,9;3232;50;0,3;0,9;0,6;0,4;32;28;28;0;"      2565";1;1;4240
"Bloemenbuurt-Oost";"'s-Gravenhage                           ";"Buurt     ";"BU05181251";"1";6490;3000;3490;1030;560;1730;1815;1350;3600;1920;680;290;4125;1090;1270;4125;385;625;705;650;;;;;3360;1560;835;970;1,9;10809;3410;;255;;409;8;7;1;1;0;92;6;71;29;5;24;99;1;;;;;;;;;;;;;;;;;;;;;;;;;;;;;;;;;;;;;;;;;;;950;5;95;120;75;30;295;210;125;2300;1845;460;0,7;3835;135;0,4;0,4;0,4;0,7;35,3;61;60;1;"      2565";2;1;5115
"Bomenbuurt";"'s-Gravenhage                           ";"Buurt     ";"BU05181252";"1";6215;2930;3290;885;655;1805;1660;1210;3655;1780;545;230;3595;1260;1360;3595;370;580;890;780;;;;;3305;1600;810;890;1,9;11811;3263;;385;;419;12;11;1;0;0;88;7;63;37;8;29;100;0;;;;;;;;;;;;;;;;;;;;;;;;;;;;;;;;;;;;;;;;;;;1125;15;130;175;80;30;325;200;175;2040;1615;425;0,6;3873;145;0,4;0,5;0,3;0,5;41,8;53;53;0;"      2565";4;1;6572
"Wijk 13 Vogelwijk";"'s-Gravenhage                           ";"Wijk      ";"WK051813  ";"1";5440;2665;2775;1055;690;690;1830;1170;2565;2400;285;190;3690;845;900;3690;335;485;510;415;;;;;2105;475;670;955;2,6;2031;2170;;106;;939;73;28;25;17;3;27;6;90;10;2;8;98;2;;;;;;;;;;;;;;;;;;;;;;;;;;;;;;;;;;;;;;;;;;;960;0;30;75;55;85;415;225;70;2465;1705;760;1,2;921;150;0,9;0,9;0,4;0,4;25,8;268;268;0;"         .";;1;2883
"Vogelwijk";"'s-Gravenhage                           ";"Buurt     ";"BU05181309";"1";5435;2660;2775;1055;690;695;1830;1170;2565;2395;285;190;3685;850;900;3690;335;485;510;415;;;;;2105;475;670;960;2,6;2031;2170;;106;;939;73;28;25;17;3;27;6;90;10;2;8;98;2;;;;;;;;;;;;;;;;;;;;;;;;;;;;;;;;;;;;;;;;;;;960;0;30;75;55;85;415;225;70;2465;1705;760;1,2;921;150;0,9;0,9;0,4;0,4;25,8;268;268;0;"      2566";1;1;2883
"Wijk 14 Bohemen en Meer en Bos";"'s-Gravenhage                           ";"Wijk      ";"WK051814  ";"1";4925;2175;2750;465;305;935;1305;1915;2050;1690;745;440;3315;635;975;3315;250;410;385;565;;;;;2850;1580;745;530;1,7;3969;3119;;306;;363;9;7;2;1;0;91;7;63;37;16;21;99;1;;;;;;;;;;;;;;;;;;;;;;;;;;;;;;;;;;;;;;;;;;;650;5;45;75;25;25;235;150;90;2120;1685;435;0,7;1707;100;0,8;0,5;0,5;0,6;20;127;124;3;"         .";;1;3335
"Bosjes van Pex";"'s-Gravenhage                           ";"Buurt     ";"BU05181481";"1";365;185;180;45;30;65;125;110;160;145;50;10;250;50;65;250;20;35;30;35;;;;;205;95;55;50;1,8;790;213;;94;;454;18;8;4;5;2;82;7;86;14;0;14;100;0;;;;;;;;;;;;;;;;;;;;;;;;;;;;;;;;;;;;;;;;;;;80;0;0;15;0;5;30;15;15;180;135;45;0,9;386;10;0,6;0,8;0,7;0,8;26,5;46;46;0;"      2565";4;1;3683
"Bohemen en Meer en Bos";"'s-Gravenhage                           ";"Buurt     ";"BU05181492";"1";4560;1990;2570;425;280;870;1175;1810;1885;1550;700;425;3070;585;910;3065;230;380;355;530;;;;;2645;1485;685;475;1,7;5865;2906;;212;;356;8;7;1;0;0;92;7;61;39;17;22;99;1;;;;;;;;;;;;;;;;;;;;;;;;;;;;;;;;;;;;;;;;;;;570;5;45;65;20;20;205;140;75;1940;1550;390;0,7;2495;90;0,8;0,5;0,5;0,6;19,5;81;78;3;"      2555";2;1;3300
"Wijk 15 Kijkduin en Ockenburgh";"'s-Gravenhage                           ";"Wijk      ";"WK051815  ";"1";3700;1755;1945;390;390;650;1065;1205;1635;1600;280;180;2255;790;650;2255;155;305;635;345;;;;;1870;800;625;445;1,9;784;1673;;482;;670;49;20;9;8;12;51;14;53;47;11;36;70;30;;;;;;;;;;;;;;;;;;;;;;;;;;;;;;;;;;;;;;;;;;;565;0;45;85;30;60;210;100;40;1785;1215;570;1;378;85;1,8;0,8;0,8;1,4;9,9;482;472;10;"         .";;2;1545
"Ockenburgh";"'s-Gravenhage                           ";"Buurt     ";"BU05181590";"1";1380;665;715;155;140;250;420;420;605;650;90;35;905;160;310;910;65;150;90;165;;;;;570;155;240;180;2,2;401;664;;269;;608;64;18;12;13;21;36;22;54;46;11;36;52;48;;;;;;;;;;;;;;;;;;;;;;;;;;;;;;;;;;;;;;;;;;;225;0;10;25;15;20;90;45;25;685;440;245;1,2;199;40;2;1,2;0,7;1,5;7,6;354;344;10;"      2553";6;3;1461
"Kijkduin";"'s-Gravenhage                           ";"Buurt     ";"BU05181591";"1";2320;1090;1230;235;250;395;645;785;1030;950;190;145;1350;630;335;1345;90;155;540;180;;;;;1300;645;390;275;1,8;1815;1009;;213;;710;40;22;7;5;6;60;9;52;48;11;37;81;19;;;;;;;;;;;;;;;;;;;;;;;;;;;;;;;;;;;;;;;;;;;340;0;35;60;20;40;115;55;15;1100;775;325;0,8;859;45;1,7;0,6;0,9;1,3;11,2;128;128;0;"      2554";1;2;1609
"Wijk 16 Kraayenstein en Vroondaal";"'s-Gravenhage                           ";"Wijk      ";"WK051816  ";"1";10485;5385;5100;2345;1070;2885;2825;1370;5710;3820;725;230;6520;1270;2700;6520;495;1340;775;1360;;;;;4140;1320;940;1875;2,5;3472;4109;;147;;594;64;34;13;7;10;36;5;69;31;15;16;60;40;;;;;;;;;;;;;;;;;;;;;;;;;;;;;;;;;;;;;;;;;;;1345;10;190;125;130;75;450;270;105;4420;3015;1405;1,1;1463;315;2,1;1;0,9;1,7;7,8;336;302;34;"         .";;2;1625
"Kraayenstein en Vroondaal";"'s-Gravenhage                           ";"Buurt     ";"BU05181697";"1";10485;5385;5100;2345;1070;2880;2820;1370;5715;3820;720;235;6515;1270;2705;6520;490;1340;780;1360;;;;;4135;1325;945;1870;2,5;3472;4109;;147;;594;64;34;13;7;10;36;5;69;31;15;16;60;40;;;;;;;;;;;;;;;;;;;;;;;;;;;;;;;;;;;;;;;;;;;1345;10;190;125;130;75;450;270;105;4420;3015;1405;1,1;1463;315;2,1;1;0,9;1,7;7,8;336;302;34;"      2553";1;2;1625
"Wijk 17 Loosduinen";"'s-Gravenhage                           ";"Wijk      ";"WK051817  ";"1";17945;8705;9235;2630;1835;4165;4670;4655;8875;6160;1835;1075;10625;2120;5195;10625;785;2340;1340;2855;;;;;8530;3615;2200;2720;2;6640;8751;;1152;;325;36;29;7;0;0;64;4;48;52;39;13;98;2;;;;;;;;;;;;;;;;;;;;;;;;;;;;;;;;;;;;;;;;;;;2655;30;600;465;200;85;580;480;215;7265;5590;1675;0,9;2689;440;0,6;0,6;0,6;0,5;24;274;270;4;"         .";;1;4108
"Kerketuinen en Zichtenburg";"'s-Gravenhage                           ";"Buurt     ";"BU05181785";"1";165;120;45;5;10;80;75;5;140;5;15;0;35;50;80;40;5;25;45;50;;;;;95;80;15;0;1,2;204;200;;402;;88;2;1;0;0;1;99;33;2;98;59;40;100;0;;;;;;;;;;;;;;;;;;;;;;;;;;;;;;;;;;;;;;;;;;;625;5;100;170;45;45;165;70;30;615;245;370;;;10;0,9;0,5;0,6;0,6;24,6;82;82;0;"      2544";1;1;3551
"Houtwijk";"'s-Gravenhage                           ";"Buurt     ";"BU05181786";"1";12740;6255;6480;2035;1430;2850;3390;3040;6270;4715;1170;590;7330;1385;4025;7330;545;1840;845;2185;;;;;5615;2030;1520;2065;2,2;8928;5562;;530;;363;48;38;10;0;0;52;3;57;43;37;6;97;3;;;;;;;;;;;;;;;;;;;;;;;;;;;;;;;;;;;;;;;;;;;1415;15;340;200;115;25;310;300;115;4800;3820;975;0,9;3363;315;0,7;0,7;0,7;0,5;27,5;146;143;3;"      2552";1;1;4193
"Kom Loosduinen";"'s-Gravenhage                           ";"Buurt     ";"BU05181795";"1";5040;2335;2705;585;395;1235;1205;1610;2465;1435;645;490;3260;685;1095;3255;235;475;445;625;;;;;2820;1505;665;655;1,7;11009;2989;;220;;269;17;13;4;0;0;83;4;34;66;42;23;100;0;;;;;;;;;;;;;;;;;;;;;;;;;;;;;;;;;;;;;;;;;;;615;15;165;95;40;15;105;110;70;1855;1525;330;0,7;4049;115;0,5;0,4;0,3;0,5;15,3;47;46;1;"      2552";5;1;4052
"Wijk 18 Waldeck";"'s-Gravenhage                           ";"Wijk      ";"WK051818  ";"1";17655;8260;9400;2250;1475;3980;4270;5685;8540;5505;2235;1375;10480;2175;5005;10480;785;2130;1390;2875;;;;;9690;5160;2310;2220;1,8;9728;10020;;1160;;308;18;14;4;0;0;82;6;43;57;41;16;97;3;;;;;;;;;;;;;;;;;;;;;;;;;;;;;;;;;;;;;;;;;;;1750;40;370;210;145;35;385;370;190;6460;5325;1135;0,7;3561;350;0,6;0,7;0,5;0,5;22,3;185;181;4;"         .";;1;4620
"Waldeck-Zuid";"'s-Gravenhage                           ";"Buurt     ";"BU05181806";"1";2045;930;1110;260;170;420;475;715;970;635;265;175;1155;235;655;1155;90;235;145;420;;;;;1155;605;275;280;1,8;9899;1194;;131;;275;10;8;2;0;0;90;6;44;56;50;6;100;0;;;;;;;;;;;;;;;;;;;;;;;;;;;;;;;;;;;;;;;;;;;175;5;30;15;15;5;45;35;20;695;575;120;0,6;3374;25;0,6;0,4;0,5;0,5;14,3;21;21;0;"      2551";2;1;4237
"Nieuw Waldeck";"'s-Gravenhage                           ";"Buurt     ";"BU05181840";"1";7375;3595;3780;1305;815;1820;1870;1565;4000;2225;810;340;3995;920;2465;3995;325;1170;595;1295;;;;;3560;1640;710;1210;2,1;11881;3648;;107;;293;38;29;8;0;0;62;7;29;71;66;5;100;0;;;;;;;;;;;;;;;;;;;;;;;;;;;;;;;;;;;;;;;;;;;710;25;220;70;65;5;110;155;65;2525;2125;400;0,7;4065;155;0,5;0,8;0,6;0,5;21,5;65;62;3;"      2551";2;1;5105
"Rosenburg";"'s-Gravenhage                           ";"Buurt     ";"BU05181882";"1";3245;1565;1675;295;205;875;740;1125;1655;860;460;265;2010;390;840;2010;140;330;250;515;;;;;1900;1120;460;320;1,6;6413;1859;;190;;324;2;1;1;0;0;98;3;30;70;36;33;88;12;;;;;;;;;;;;;;;;;;;;;;;;;;;;;;;;;;;;;;;;;;;370;5;60;60;30;10;90;80;40;1105;890;215;0,6;2189;60;0,6;0,8;0,4;0,8;33,6;52;51;1;"      2555";4;1;5071
"Componistenbuurt";"'s-Gravenhage                           ";"Buurt     ";"BU05181893";"1";1820;810;1010;185;140;295;535;660;760;665;240;150;1225;265;330;1225;95;160;165;165;;;;;1030;520;310;195;1,8;12387;1069;;156;;406;12;10;1;0;0;88;6;88;12;0;12;100;0;;;;;;;;;;;;;;;;;;;;;;;;;;;;;;;;;;;;;;;;;;;220;0;15;20;15;5;85;45;30;770;620;150;0,7;5243;40;0,4;0,5;0,6;0,5;25,9;15;15;0;"      2555";1;1;4472
"Waldeck-Noord";"'s-Gravenhage                           ";"Buurt     ";"BU05181894";"1";3180;1365;1815;205;145;565;650;1620;1160;1120;460;445;2095;375;710;2095;140;235;235;480;;;;;2040;1270;560;215;1,5;9476;2250;;576;;293;4;3;1;0;0;96;8;53;47;21;26;99;1;;;;;;;;;;;;;;;;;;;;;;;;;;;;;;;;;;;;;;;;;;;275;5;45;45;25;5;60;60;30;1365;1115;250;0,7;4074;70;1;0,3;0,4;0,3;15,8;34;34;0;"      2551";3;1;3894
"Wijk 19 Vruchtenbuurt";"'s-Gravenhage                           ";"Wijk      ";"WK051819  ";"1";9965;4720;5240;1665;1010;2660;2835;1795;5510;3320;805;335;6870;1300;1800;6870;505;995;790;800;;;;;4570;1675;1240;1660;2,1;9620;4600;;332;;443;17;16;1;0;0;83;4;79;21;5;16;99;1;;;;;;;;;;;;;;;;;;;;;;;;;;;;;;;;;;;;;;;;;;;1490;5;160;165;105;60;435;345;210;3485;2790;695;0,8;3365;225;0,4;1;0,3;0,5;37,6;104;104;0;"         .";;1;5208
"Vruchtenbuurt";"'s-Gravenhage                           ";"Buurt     ";"BU05181953";"1";7320;3485;3835;1265;765;1880;2090;1320;4050;2475;545;245;5070;950;1300;5070;375;720;575;575;;;;;3245;1145;870;1230;2,2;13682;3258;;241;;463;22;21;1;0;0;78;4;80;20;5;15;99;1;;;;;;;;;;;;;;;;;;;;;;;;;;;;;;;;;;;;;;;;;;;1115;5;120;110;75;55;325;275;155;2515;1995;520;0,8;4702;155;0,4;0,9;0,3;0,5;36,8;54;54;0;"      2564";1;1;5035
"Eykenduinen";"'s-Gravenhage                           ";"Buurt     ";"BU05181983";"1";2645;1235;1410;405;245;780;740;475;1450;845;260;90;1795;345;500;1800;135;275;215;220;;;;;1320;530;370;420;2;5279;1342;;91;;393;6;5;1;0;0;94;5;77;23;4;19;100;0;;;;;;;;;;;;;;;;;;;;;;;;;;;;;;;;;;;;;;;;;;;370;0;40;55;30;5;110;70;55;970;795;175;0,7;1937;70;0,5;1,1;0,4;0,7;39,9;50;50;0;"      2564";2;1;5632
"Wijk 20 Valkenboskwartier";"'s-Gravenhage                           ";"Wijk      ";"WK051820  ";"1";18455;9120;9340;2450;2185;7235;4535;2055;12525;4040;1505;385;8285;4315;5865;8285;945;2360;3370;3505;;;;;10230;5590;2190;2450;1,8;17391;9878;;629;;333;7;6;0;0;0;93;8;49;51;11;40;100;0;;;;;;;;;;;;;;;;;;;;;;;;;;;;;;;;;;;;;;;;;;;3685;160;890;355;260;45;860;595;515;5175;4235;940;0,5;4876;445;0,4;0,5;0,4;0,6;48,5;107;106;1;"         .";;1;8207
"Heesterbuurt";"'s-Gravenhage                           ";"Buurt     ";"BU05182054";"1";6795;3305;3490;980;785;2585;1700;750;4570;1460;615;150;3410;1430;1960;3410;355;825;1075;1135;;;;;3840;2130;740;970;1,8;16556;3678;;179;;304;5;5;0;0;0;95;6;49;50;25;25;100;0;;;;;;;;;;;;;;;;;;;;;;;;;;;;;;;;;;;;;;;;;;;1200;45;315;105;85;20;280;190;165;1990;1660;330;0,5;4850;175;0,4;0,7;0,6;0,6;44,2;41;41;0;"      2563";3;1;7570
"Valkenboskwartier";"'s-Gravenhage                           ";"Buurt     ";"BU05182055";"1";11670;5810;5855;1470;1395;4650;2835;1305;7955;2580;890;240;4875;2885;3910;4875;590;1535;2295;2375;;;;;6390;3460;1455;1480;1,8;17916;6200;;450;;350;8;7;0;0;0;92;9;48;51;3;48;100;0;;;;;;;;;;;;;;;;;;;;;;;;;;;;;;;;;;;;;;;;;;;2480;120;575;250;175;30;580;405;350;3185;2580;610;0,5;4893;265;0,4;0,4;0,3;0,5;51;66;65;1;"      2562";6;1;8577
"Wijk 21 Regentessekwartier";"'s-Gravenhage                           ";"Wijk      ";"WK051821  ";"1";14415;7185;7230;1980;1725;5705;3320;1690;9825;3200;1095;300;6110;3235;5080;6105;665;2065;2570;3010;;;;;8015;4470;1720;1825;1,8;15760;7774;;602;;389;12;11;1;0;0;88;9;35;65;17;48;94;6;;;;;;;;;;;;;;;;;;;;;;;;;;;;;;;;;;;;;;;;;;;3015;95;510;350;200;60;805;505;495;3770;2990;780;0,5;4121;275;0,5;0,6;0,4;0,5;51,9;94;91;3;"         .";;1;8724
"Rond de Energiecentrale";"'s-Gravenhage                           ";"Buurt     ";"BU05182110";"1";6810;3415;3395;900;830;2785;1495;800;4620;1480;555;150;2480;1445;2890;2475;265;1190;1175;1700;;;;;3760;2115;805;850;1,8;13650;3650;;341;;339;14;13;1;0;0;86;7;29;71;24;47;88;12;;;;;;;;;;;;;;;;;;;;;;;;;;;;;;;;;;;;;;;;;;;1320;45;290;150;80;10;320;225;195;1740;1380;360;0,5;3490;120;0,4;0,8;0,3;0,4;51,7;52;50;2;"      2562";6;1;9184
"Koningsplein e.o.";"'s-Gravenhage                           ";"Buurt     ";"BU05182144";"1";7610;3775;3835;1080;895;2920;1825;885;5210;1715;535;145;3630;1790;2190;3630;395;875;1395;1315;;;;;4250;2360;915;975;1,8;18292;4124;;261;;435;10;9;1;0;0;90;11;40;59;11;48;100;0;;;;;;;;;;;;;;;;;;;;;;;;;;;;;;;;;;;;;;;;;;;1700;50;220;200;120;45;490;275;300;2030;1605;425;0,5;4878;155;0,5;0,5;0,4;0,6;52,2;43;42;1;"      2562";6;1;8306
"Wijk 22 Zeeheldenkwartier";"'s-Gravenhage                           ";"Wijk      ";"WK051822  ";"1";12915;6445;6470;1495;1595;5090;3105;1630;8955;2680;1040;245;5480;2735;4705;5475;635;1640;2100;3065;;;;;7295;4450;1520;1320;1,6;15914;6868;;801;;437;10;9;1;0;0;90;12;34;66;24;42;99;1;;;;;;;;;;;;;;;;;;;;;;;;;;;;;;;;;;;;;;;;;;;2725;10;235;400;230;125;835;425;465;3250;2525;725;0,4;4004;290;0,7;0,4;0,4;0,9;44,9;81;81;0;"         .";;1;6897
"Zeeheldenkwartier";"'s-Gravenhage                           ";"Buurt     ";"BU05182245";"1";12920;6450;6465;1490;1600;5090;3105;1630;8955;2685;1035;245;5480;2730;4705;5480;630;1640;2105;3065;;;;;7295;4455;1520;1320;1,6;15914;6868;;801;;437;10;9;1;0;0;90;12;34;66;24;42;99;1;;;;;;;;;;;;;;;;;;;;;;;;;;;;;;;;;;;;;;;;;;;2725;10;235;400;230;125;835;425;465;3250;2525;725;0,4;4004;290;0,7;0,4;0,4;0,9;44,9;81;81;0;"      2518";4;1;6897
"Wijk 23 Willemspark";"'s-Gravenhage                           ";"Wijk      ";"WK051823  ";"1";1725;855;875;160;175;560;505;325;1065;465;140;45;730;460;530;730;80;160;380;375;;;;;1075;640;270;160;1,6;5202;1218;;303;;564;18;16;1;0;0;82;21;40;59;3;56;100;0;;;;;;;;;;;;;;;;;;;;;;;;;;;;;;;;;;;;;;;;;;;770;5;30;105;45;110;260;105;110;685;480;205;0,6;2071;45;0,7;0,8;0,3;0,5;20,2;35;33;1;"         .";;1;4411
"Willemspark";"'s-Gravenhage                           ";"Buurt     ";"BU05182347";"1";1725;855;870;160;175;555;505;325;1070;465;145;45;730;460;535;730;75;160;385;375;;;;;1075;640;270;160;1,6;5202;1218;;303;;564;18;16;1;0;0;82;21;40;59;3;56;100;0;;;;;;;;;;;;;;;;;;;;;;;;;;;;;;;;;;;;;;;;;;;770;5;30;105;45;110;260;105;110;685;480;205;0,6;2071;45;0,7;0,8;0,3;0,5;20,2;35;33;1;"      2514";3;1;4411
"Wijk 24 Haagse Bos";"'s-Gravenhage                           ";"Wijk      ";"WK051824  ";"1";485;235;255;10;25;145;90;220;225;130;70;65;235;120;130;235;30;30;95;100;;;;;295;200;75;20;1,4;417;419;;51;;295;0;0;0;0;0;100;17;44;56;6;50;100;0;;;;;;;;;;;;;;;;;;;;;;;;;;;;;;;;;;;;;;;;;;;140;0;5;10;5;5;45;25;50;140;110;30;0,5;121;5;0,6;0,6;0,5;1,1;19,9;128;117;11;"         .";;1;4072
"Haagse Bos";"'s-Gravenhage                           ";"Buurt     ";"BU05182449";"1";490;230;255;10;25;145;90;215;225;130;65;65;235;120;135;235;25;30;95;105;;;;;295;195;75;20;1,4;417;419;;51;;295;0;0;0;0;0;100;17;44;56;6;50;100;0;;;;;;;;;;;;;;;;;;;;;;;;;;;;;;;;;;;;;;;;;;;140;0;5;10;5;5;45;25;50;140;110;30;0,5;121;5;0,6;0,6;0,5;1,1;19,9;128;117;11;"      2594";1;1;4072
"Wijk 25 Mariahoeve en Marlot";"'s-Gravenhage                           ";"Wijk      ";"WK051825  ";"1";15675;7540;8135;2295;1405;4850;3855;3270;8890;4295;1770;710;6295;2460;6920;6295;690;2515;1765;4405;;;;;8615;4755;1725;2135;1,8;5152;8931;;1335;;301;12;7;3;1;1;88;6;39;61;42;18;95;5;;;;;;;;;;;;;;;;;;;;;;;;;;;;;;;;;;;;;;;;;;;1805;10;295;195;195;60;465;380;200;5520;4265;1260;0,6;1815;305;0,7;0,6;0,6;0,6;11,4;309;304;5;"         .";;1;3149
"Landen";"'s-Gravenhage                           ";"Buurt     ";"BU05182561";"1";5325;2555;2770;795;490;1725;1300;1020;3150;1310;625;235;1975;780;2570;1975;235;990;545;1580;;;;;2955;1670;540;750;1,8;8660;3055;;306;;272;9;5;2;1;1;91;6;34;65;52;14;97;3;;;;;;;;;;;;;;;;;;;;;;;;;;;;;;;;;;;;;;;;;;;555;5;110;60;65;15;135;110;55;1905;1460;450;0,6;3102;95;0,8;0,5;0,8;0,5;11,2;63;61;1;"      2591";1;1;2655
"Kampen";"'s-Gravenhage                           ";"Buurt     ";"BU05182567";"1";2875;1430;1445;485;215;985;675;510;1715;760;315;80;1130;435;1310;1125;125;480;315;835;;;;;1630;920;285;420;1,8;4808;1682;;311;;284;11;7;2;2;0;89;6;37;63;45;18;88;12;;;;;;;;;;;;;;;;;;;;;;;;;;;;;;;;;;;;;;;;;;;300;0;30;35;45;10;70;65;40;890;725;170;0,5;1492;60;0,6;0,8;0,7;0,8;12;61;60;1;"      2592";1;1;3856
"Marlot";"'s-Gravenhage                           ";"Buurt     ";"BU05182568";"1";775;395;380;120;95;105;260;190;345;370;30;35;445;165;170;440;50;80;120;95;;;;;325;85;110;125;2,4;869;352;;57;;902;64;19;21;17;7;36;15;90;9;0;9;100;0;;;;;;;;;;;;;;;;;;;;;;;;;;;;;;;;;;;;;;;;;;;150;0;5;15;10;20;65;25;10;400;275;125;1,2;447;25;1,5;1;1,2;1;7,3;92;89;3;"      2594";1;2;1563
"Burgen en Horsten";"'s-Gravenhage                           ";"Buurt     ";"BU05182569";"1";6700;3160;3540;895;605;2035;1625;1545;3680;1850;810;365;2750;1075;2870;2755;290;975;790;1895;;;;;3705;2080;790;845;1,7;7162;3842;;661;;277;10;7;2;0;0;90;5;39;61;37;24;97;3;;;;;;;;;;;;;;;;;;;;;;;;;;;;;;;;;;;;;;;;;;;800;5;145;80;75;15;200;185;95;2325;1805;515;0,6;2484;125;0,5;0,5;0,4;0,4;11,8;94;94;0;"      2592";3;1;3352
"Wijk 26 Bezuidenhout";"'s-Gravenhage                           ";"Wijk      ";"WK051826  ";"1";19650;9570;10080;2420;2380;8265;4250;2335;12930;5050;1280;395;8250;4710;6690;8250;990;2315;3720;4375;;;;;11305;6150;2895;2260;1,7;10196;10853;;882;;390;6;6;1;0;0;94;7;44;56;14;42;90;10;;;;;;;;;;;;;;;;;;;;;;;;;;;;;;;;;;;;;;;;;;;3765;10;315;480;420;185;1235;615;505;6610;4320;2285;0,6;3429;390;0,9;0,4;0,3;0,6;19,2;193;193;0;"         .";;1;4598
"Bezuidenhout-West";"'s-Gravenhage                           ";"Buurt     ";"BU05182664";"1";5020;2440;2585;520;935;2200;945;425;3575;1000;380;65;1355;1070;2600;1355;175;990;895;1610;;;;;3060;1895;650;520;1,6;9319;3027;;181;;310;4;4;1;0;0;96;5;14;86;34;52;70;30;;;;;;;;;;;;;;;;;;;;;;;;;;;;;;;;;;;;;;;;;;;890;10;80;125;105;30;280;145;115;1175;900;275;0,4;2181;75;1,5;0,4;0,5;0,8;20,1;54;54;0;"      2595";1;1;5096
"Bezuidenhout-Midden";"'s-Gravenhage                           ";"Buurt     ";"BU05182665";"1";5335;2610;2725;815;635;1995;1270;620;3350;1605;280;95;2110;1510;1715;2110;310;515;1205;1195;;;;;2895;1535;660;700;1,8;8600;2512;;446;;484;16;14;2;0;0;84;8;52;48;3;45;95;5;;;;;;;;;;;;;;;;;;;;;;;;;;;;;;;;;;;;;;;;;;;1415;0;90;185;175;115;500;190;165;2460;1140;1325;0,8;3968;115;0,9;0,5;0,3;0,5;22,4;62;62;0;"      2595";2;1;4643
"Bezuidenhout-Oost";"'s-Gravenhage                           ";"Buurt     ";"BU05182666";"1";9290;4515;4775;1080;810;4070;2040;1290;5995;2440;625;230;4790;2130;2375;4790;510;805;1620;1570;;;;;5345;2720;1585;1040;1,7;12102;5314;;255;;392;3;3;0;0;0;97;8;57;42;7;35;99;1;;;;;;;;;;;;;;;;;;;;;;;;;;;;;;;;;;;;;;;;;;;1460;0;145;170;140;45;460;275;225;2970;2285;690;0,6;3870;195;0,6;0,4;0,3;0,5;16,9;77;77;0;"      2593";2;1;4287
"Wijk 27 Stationsbuurt";"'s-Gravenhage                           ";"Wijk      ";"WK051827  ";"1";13125;6615;6510;1440;3275;4660;2495;1260;9715;2160;1030;215;3030;2835;7260;3030;355;2360;2485;4895;;;;;8515;6050;1205;1260;1,5;14464;7165;;755;;289;9;8;1;0;0;91;6;14;86;52;33;92;8;;;;;;;;;;;;;;;;;;;;;;;;;;;;;;;;;;;;;;;;;;;2355;45;370;355;225;70;515;380;395;3640;2215;1425;0,4;4013;195;0,4;0,5;0,5;0,6;42,7;94;91;3;"         .";;1;7358
"Huygenspark";"'s-Gravenhage                           ";"Buurt     ";"BU05182718";"1";8290;4050;4245;880;2515;2785;1405;705;6365;1195;615;115;1690;1620;4980;1690;190;1680;1430;3300;;;;;5570;4150;630;780;1,5;18218;4649;;351;;260;7;7;0;0;0;93;4;8;92;65;26;90;10;;;;;;;;;;;;;;;;;;;;;;;;;;;;;;;;;;;;;;;;;;;1250;25;175;200;140;25;300;210;180;1395;1135;260;0,3;3067;100;0,4;0,3;0,6;0,7;44,2;47;46;1;"      2515";4;1;7855
"Rivierenbuurt-Zuid";"'s-Gravenhage                           ";"Buurt     ";"BU05182762";"1";950;510;440;65;190;460;170;60;765;120;60;10;215;305;425;220;25;100;280;325;;;;;695;520;110;65;1,4;9606;520;;80;;238;0;0;0;0;0;100;8;17;83;19;64;100;0;;;;;;;;;;;;;;;;;;;;;;;;;;;;;;;;;;;;;;;;;;;245;5;55;35;15;5;30;20;80;180;150;30;0,3;1840;10;0,7;0,8;0,3;0,7;38,2;10;10;0;"      2515";1;1;6729
"Rivierenbuurt-Noord";"'s-Gravenhage                           ";"Buurt     ";"BU05182763";"1";3885;2050;1830;490;565;1415;920;485;2580;850;360;95;1125;910;1855;1120;135;575;775;1275;;;;;2255;1370;465;415;1,7;10989;1996;;324;;368;14;11;3;0;0;86;9;27;72;30;42;96;4;;;;;;;;;;;;;;;;;;;;;;;;;;;;;;;;;;;;;;;;;;;855;20;140;120;70;40;185;150;135;2065;925;1135;0,9;5838;85;0,4;0,8;0,3;0,5;40,6;37;35;2;"      2515";3;1;6449
"Wijk 28 Centrum";"'s-Gravenhage                           ";"Wijk      ";"WK051828  ";"1";21920;11175;10740;2065;2910;9115;4905;2920;15160;4425;1875;455;7665;4535;9715;7665;855;3390;3680;6330;;;;;13910;8805;3090;2010;1,6;11067;13893;;3041;;375;7;6;1;0;0;93;11;21;78;34;44;94;6;;;;;;;;;;;;;;;;;;;;;;;;;;;;;;;;;;;;;;;;;;;6420;25;430;1500;510;225;1595;920;1210;6770;4070;2700;0,5;3418;405;0,6;0,5;0,5;0,6;44;205;198;7;"         .";;1;7911
"Kortenbos";"'s-Gravenhage                           ";"Buurt     ";"BU05182811";"1";7850;3950;3905;855;1065;2910;1895;1125;5315;1665;695;180;2945;1550;3360;2940;320;1275;1235;2080;;;;;4785;2960;1020;805;1,6;12985;4767;;792;;346;6;5;0;0;0;94;10;27;72;36;37;99;1;;;;;;;;;;;;;;;;;;;;;;;;;;;;;;;;;;;;;;;;;;;1845;10;145;430;165;50;425;305;315;1845;1510;330;0,4;3048;175;0,5;0,5;0,4;0,5;46,5;63;60;3;"      2513";5;1;8461
"Voorhout";"'s-Gravenhage                           ";"Buurt     ";"BU05182812";"1";2595;1325;1270;150;355;1190;540;355;1775;600;145;75;985;795;815;985;110;195;680;620;;;;;1785;1195;435;150;1,5;4402;1918;;936;;557;13;12;1;0;0;87;23;28;71;8;63;99;1;;;;;;;;;;;;;;;;;;;;;;;;;;;;;;;;;;;;;;;;;;;1660;0;60;415;105;110;490;210;270;1030;645;385;0,6;1746;55;0,6;0,7;0,7;0,8;33,2;62;59;3;"      2514";4;1;6193
"Uilebomen";"'s-Gravenhage                           ";"Buurt     ";"BU05182813";"1";4035;2065;1965;410;375;1900;820;525;2685;945;335;70;1275;750;2005;1275;155;715;595;1295;;;;;2420;1340;685;395;1,7;14107;2456;;327;;413;4;3;1;0;0;96;9;18;82;31;51;74;26;;;;;;;;;;;;;;;;;;;;;;;;;;;;;;;;;;;;;;;;;;;825;5;35;175;80;20;210;150;150;2450;780;1670;1;8561;50;0,6;0,4;0,6;1;41,5;29;29;0;"      2511";1;1;7011
"Zuidwal";"'s-Gravenhage                           ";"Buurt     ";"BU05182814";"1";7435;3835;3600;655;1115;3115;1650;910;5390;1220;700;130;2465;1430;3540;2460;270;1205;1165;2340;;;;;4920;3300;955;665;1,5;14862;4752;;986;;313;7;6;1;0;0;93;9;14;86;45;41;98;2;;;;;;;;;;;;;;;;;;;;;;;;;;;;;;;;;;;;;;;;;;;2085;15;190;480;160;40;470;255;475;1450;1135;315;0,3;2896;125;0,6;0,4;0,4;0,6;46,4;51;50;1;"      2512";2;1;8668
"Wijk 29 Schildersbuurt";"'s-Gravenhage                           ";"Wijk      ";"WK051829  ";"1";30330;15125;15205;5285;4475;8420;8080;4080;17215;8850;3320;945;2730;3025;24580;2725;460;9840;2560;14740;;;;;13685;6365;2200;5115;2,2;20826;12740;;763;;269;14;12;2;0;0;86;4;19;81;66;15;97;3;;;;;;;;;;;;;;;;;;;;;;;;;;;;;;;;;;;;;;;;;;;4555;440;1470;505;320;30;630;845;310;7335;5860;1475;0,5;5035;250;0,4;0,4;0,3;0,4;49,3;146;146;1;"         .";;1;8671
"Schildersbuurt-West";"'s-Gravenhage                           ";"Buurt     ";"BU05182915";"1";14120;7145;6970;2410;2115;4265;3630;1690;8275;3980;1455;410;1175;1885;11060;1175;235;4520;1645;6540;;;;;6480;3085;1045;2350;2,2;21944;5846;;382;;271;12;10;1;0;0;88;5;24;76;54;22;93;7;;;;;;;;;;;;;;;;;;;;;;;;;;;;;;;;;;;;;;;;;;;2470;280;890;270;160;15;315;410;125;3560;2790;770;0,5;5532;100;0,4;0,5;0,3;0,4;50,2;64;64;0;"      2525";6;1;8711
"Schildersbuurt-Noord";"'s-Gravenhage                           ";"Buurt     ";"BU05182916";"1";9555;4705;4850;1665;1395;2480;2560;1445;5330;2780;1115;330;1105;615;7825;1105;135;3125;480;4695;;;;;4345;2075;690;1580;2,2;20553;4260;;228;;264;16;14;1;0;0;84;4;15;85;75;10;99;1;;;;;;;;;;;;;;;;;;;;;;;;;;;;;;;;;;;;;;;;;;;1230;70;305;155;100;10;195;270;120;2175;1750;425;0,5;4683;105;0,4;0,3;0,4;0,5;47,6;47;46;1;"      2526";3;1;8907
"Schildersbuurt-Oost";"'s-Gravenhage                           ";"Buurt     ";"BU05182917";"1";6665;3275;3390;1205;965;1670;1880;940;3620;2085;750;210;440;530;5700;440;90;2190;435;3500;;;;;2855;1205;465;1185;2,3;19124;2634;;153;;272;16;14;2;0;0;84;2;15;85;79;7;100;0;;;;;;;;;;;;;;;;;;;;;;;;;;;;;;;;;;;;;;;;;;;855;90;270;80;60;5;120;165;65;1600;1320;280;0,6;4588;45;0,5;0,4;0,3;0,3;49,7;35;35;0;"      2526";6;1;8202
"Wijk 30 Transvaalkwartier";"'s-Gravenhage                           ";"Wijk      ";"WK051830  ";"1";16360;8495;7870;2925;2375;5015;4180;1865;9860;4525;1540;435;1020;3955;11385;1020;490;4565;3465;6820;;;;;7390;3530;1270;2580;2,2;19970;6205;;507;;276;15;13;1;0;0;85;4;28;72;43;29;99;1;;;;;;;;;;;;;;;;;;;;;;;;;;;;;;;;;;;;;;;;;;;3790;640;1585;430;150;20;375;450;140;4195;3195;1000;0,6;5124;130;0,4;0,3;0,3;0,3;52,6;82;82;0;"         .";;1;8109
"Transvaalkwartier-Noord";"'s-Gravenhage                           ";"Buurt     ";"BU05183032";"1";4075;2010;2060;740;515;1330;990;495;2450;1040;470;120;320;695;3055;320;100;1180;595;1880;;;;;1970;1005;310;660;2,1;22052;1809;;137;;242;5;5;0;0;0;95;4;10;90;66;24;99;1;;;;;;;;;;;;;;;;;;;;;;;;;;;;;;;;;;;;;;;;;;;710;95;260;95;30;5;90;90;40;895;705;190;0,5;4851;30;0,5;0,3;0,3;0,3;52,3;18;18;0;"      2571";1;1;9044
"Transvaalkwartier-Midden";"'s-Gravenhage                           ";"Buurt     ";"BU05183033";"1";4975;2545;2435;945;700;1445;1195;695;2865;1470;475;170;325;985;3670;325;115;1545;870;2120;;;;;2145;960;400;780;2,3;18216;1860;;184;;288;16;15;1;0;0;84;5;26;74;43;31;100;0;;;;;;;;;;;;;;;;;;;;;;;;;;;;;;;;;;;;;;;;;;;1100;135;440;145;40;10;120;160;50;1315;970;345;0,6;4808;45;0,4;0,4;0,5;0,4;52,6;27;27;0;"      2572";4;1;8197
"Transvaalkwartier-Zuid";"'s-Gravenhage                           ";"Buurt     ";"BU05183034";"1";7305;3935;3375;1240;1160;2240;1990;675;4545;2015;595;155;375;2275;4660;375;275;1840;2000;2820;;;;;3270;1565;565;1140;2,2;20233;2536;;186;;292;21;18;3;0;0;79;4;42;58;27;31;99;1;;;;;;;;;;;;;;;;;;;;;;;;;;;;;;;;;;;;;;;;;;;1980;410;885;185;75;5;160;205;50;1985;1520;465;0,6;5502;55;0,3;0,3;0,2;0,3;52,9;36;36;0;"      2572";2;1;7374
"Wijk 31 Rustenburg en Oostbroek";"'s-Gravenhage                           ";"Wijk      ";"WK051831  ";"1";19095;10000;9090;2880;2655;7205;4745;1610;12740;4550;1420;385;5060;6810;7225;5060;1065;2800;5750;4420;;;;;9865;4910;2155;2795;1,9;20351;8529;;449;;255;9;8;1;0;0;91;5;53;46;8;39;100;0;;;;;;;;;;;;;;;;;;;;;;;;;;;;;;;;;;;;;;;;;;;4320;600;2000;350;195;30;525;385;240;5655;4605;1050;0,6;6027;325;0,5;0,4;0,3;0,5;53,9;95;94;1;"         .";;1;7559
"Rustenburg";"'s-Gravenhage                           ";"Buurt     ";"BU05183130";"1";6160;3205;2950;915;755;2235;1575;680;3955;1500;520;185;2355;1800;2000;2355;310;845;1485;1160;;;;;3200;1545;720;940;1,9;18237;2970;;95;;255;21;19;2;0;0;79;6;53;46;16;30;100;0;;;;;;;;;;;;;;;;;;;;;;;;;;;;;;;;;;;;;;;;;;;1130;115;510;100;60;10;150;115;70;1945;1600;345;0,6;5765;170;0,7;0,6;0,4;0,5;52,7;34;34;1;"      2574";2;1;7633
"Oostbroek-Noord";"'s-Gravenhage                           ";"Buurt     ";"BU05183131";"1";4580;2390;2200;645;635;1845;1110;350;3160;1025;325;75;1130;1580;1870;1135;235;705;1340;1165;;;;;2440;1270;555;625;1,9;20345;2079;;163;;260;1;1;0;0;0;99;6;54;46;0;46;100;0;;;;;;;;;;;;;;;;;;;;;;;;;;;;;;;;;;;;;;;;;;;1050;145;405;110;55;5;140;115;75;1340;1085;255;0,5;5947;55;0,3;0,4;0,3;0,7;52,9;23;23;0;"      2573";2;1;8348
"Oostbroek-Zuid";"'s-Gravenhage                           ";"Buurt     ";"BU05183135";"1";8355;4410;3945;1320;1265;3125;2065;580;5625;2030;570;130;1570;3435;3345;1570;515;1250;2925;2100;;;;;4230;2100;890;1235;2;22257;3480;;191;;252;2;2;0;0;0;98;4;53;47;5;42;100;0;;;;;;;;;;;;;;;;;;;;;;;;;;;;;;;;;;;;;;;;;;;2140;340;1080;145;80;15;230;155;95;2370;1920;450;0,6;6310;100;0,5;0,3;0,3;0,5;55,3;38;38;0;"      2573";2;1;7015
"Wijk 32 Leyenburg";"'s-Gravenhage                           ";"Wijk      ";"WK051832  ";"1";17020;8365;8660;2405;2040;5630;4040;2910;10030;4640;1695;660;8260;3385;5380;8255;720;2225;2665;3160;;;;;9150;4685;2025;2435;1,8;13205;8492;;748;;282;10;8;1;0;0;90;5;55;45;13;32;92;8;;;;;;;;;;;;;;;;;;;;;;;;;;;;;;;;;;;;;;;;;;;2535;165;880;235;175;35;420;415;210;5735;4745;990;0,6;4448;415;0,7;0,5;0,4;0,6;47,2;135;129;6;"         .";;1;5978
"Leyenburg";"'s-Gravenhage                           ";"Buurt     ";"BU05183284";"1";17025;8365;8660;2405;2040;5630;4040;2910;10030;4640;1695;660;8260;3385;5385;8255;720;2230;2665;3155;;;;;9150;4685;2030;2435;1,8;13205;8492;;748;;282;10;8;1;0;0;90;5;55;45;13;32;92;8;;;;;;;;;;;;;;;;;;;;;;;;;;;;;;;;;;;;;;;;;;;2535;165;880;235;175;35;420;415;210;5735;4745;990;0,6;4448;415;0,7;0,5;0,4;0,6;47,2;135;129;6;"      2547";5;1;5978
"Wijk 33 Bouwlust";"'s-Gravenhage                           ";"Wijk      ";"WK051833  ";"1";29485;14550;14930;5560;3920;8290;7320;4390;16790;8320;3275;1100;6625;4100;18755;6625;810;8380;3295;10375;;;;;14230;7105;2300;4825;2,1;7092;12877;;935;;275;18;12;4;1;1;82;4;26;74;61;12;96;4;;;;;;;;;;;;;;;;;;;;;;;;;;;;;;;;;;;;;;;;;;;4155;430;1365;360;340;65;625;775;205;9340;7370;1970;0,7;2246;390;0,8;0,6;0,5;0,6;20,1;428;416;13;"         .";;1;3434
"Venen, Oorden en Raden";"'s-Gravenhage                           ";"Buurt     ";"BU05183387";"1";8400;4265;4140;1665;1130;2390;2175;1045;4820;2370;960;245;1560;1010;5830;1560;215;2525;790;3310;;;;;3955;1925;610;1420;2,1;10560;3744;;284;;262;18;12;5;0;1;82;5;24;76;55;21;97;3;;;;;;;;;;;;;;;;;;;;;;;;;;;;;;;;;;;;;;;;;;;1250;145;430;115;110;10;180;215;45;2610;2075;535;0,7;3283;125;0,6;0,4;0,3;0,4;22,2;81;80;2;"      2544";1;1;3556
"Zijden, Steden en Zichten";"'s-Gravenhage                           ";"Buurt     ";"BU05183396";"1";7850;3935;3915;1470;1035;2315;1955;1075;4480;2225;900;245;1625;1045;5180;1630;215;2305;825;2870;;;;;3790;1800;675;1315;2,1;8222;3517;;328;;248;14;10;3;1;0;86;3;27;73;62;11;100;0;;;;;;;;;;;;;;;;;;;;;;;;;;;;;;;;;;;;;;;;;;;1150;135;405;85;70;15;155;230;50;2550;2035;515;0,7;2672;85;0,5;0,4;0,2;0,4;20,3;98;95;3;"      2543";3;1;3753
"Dreven en Gaarden";"'s-Gravenhage                           ";"Buurt     ";"BU05183398";"1";10805;5285;5520;2065;1435;3030;2550;1720;6225;2955;1180;450;2205;1510;7095;2210;320;3210;1190;3880;;;;;5145;2540;825;1780;2,1;10857;4678;;291;;255;17;14;3;0;0;83;4;24;76;67;9;98;2;;;;;;;;;;;;;;;;;;;;;;;;;;;;;;;;;;;;;;;;;;;1515;145;505;130;135;15;220;280;85;3280;2635;645;0,6;3293;135;0,8;0,6;0,5;0,6;20,4;100;100;0;"      2542";2;1;3438
"De Uithof";"'s-Gravenhage                           ";"Buurt     ";"BU05183399";"1";2420;1060;1360;355;320;550;640;555;1265;765;230;160;1230;545;650;1230;55;340;485;315;;;;;1340;840;195;310;1,8;1716;938;;32;;522;45;14;9;8;14;55;4;44;56;55;1;66;34;;;;;;;;;;;;;;;;;;;;;;;;;;;;;;;;;;;;;;;;;;;240;5;25;25;20;25;70;45;20;895;625;270;0,7;635;45;1,8;1,7;1,5;1,6;11,2;149;141;8;"      2544";1;2;1671
"Wijk 34 Morgenstond";"'s-Gravenhage                           ";"Wijk      ";"WK051834  ";"1";20790;10800;9990;3740;2275;6920;5285;2565;12380;5495;2355;560;4780;2970;13035;4785;645;5720;2325;7315;;;;;10565;5505;1745;3310;1,9;12364;10161;;629;;262;10;8;2;0;0;90;4;24;76;63;12;92;8;;;;;;;;;;;;;;;;;;;;;;;;;;;;;;;;;;;;;;;;;;;3385;255;1180;375;245;40;510;625;150;6620;5285;1335;0,6;3937;335;0,5;0,5;0,4;0,5;31,1;169;168;1;"         .";;1;4560
"Morgenstond-Zuid";"'s-Gravenhage                           ";"Buurt     ";"BU05183480";"1";6710;3550;3160;1195;715;2385;1765;660;4205;1530;815;160;1265;1315;4135;1265;245;1675;1075;2455;;;;;3395;1820;525;1055;1,9;14182;3192;;182;;226;2;2;0;0;0;98;3;15;85;70;15;92;8;;;;;;;;;;;;;;;;;;;;;;;;;;;;;;;;;;;;;;;;;;;1095;105;495;85;75;10;130;155;40;1905;1545;360;0,6;4027;105;0,5;0,6;0,4;0,6;28,2;49;47;1;"      2541";4;1;4251
"Morgenstond-West";"'s-Gravenhage                           ";"Buurt     ";"BU05183488";"1";7955;3990;3965;1470;935;2415;2000;1135;4385;2535;785;255;1980;890;5085;1975;230;2445;660;2640;;;;;3730;1700;705;1325;2,1;13085;3486;;186;;318;22;18;4;0;0;78;3;43;57;49;8;89;11;;;;;;;;;;;;;;;;;;;;;;;;;;;;;;;;;;;;;;;;;;;1390;85;405;185;100;20;230;305;60;2845;2230;615;0,8;4678;155;0,5;0,6;0,4;0,4;29,7;61;61;0;"      2545";2;1;4783
"Morgenstond-Oost";"'s-Gravenhage                           ";"Buurt     ";"BU05183489";"1";6125;3255;2860;1080;630;2125;1520;770;3790;1430;755;150;1545;765;3820;1540;175;1600;595;2215;;;;;3440;1985;515;935;1,8;10199;3483;;261;;238;6;5;1;0;0;94;8;14;86;70;15;95;5;;;;;;;;;;;;;;;;;;;;;;;;;;;;;;;;;;;;;;;;;;;895;70;280;100;70;10;150;170;50;1870;1510;360;0,5;3117;75;0,7;0,4;0,4;0,4;36,2;60;60;0;"      2541";6;1;4618
"Wijk 35 Zuiderpark";"'s-Gravenhage                           ";"Wijk      ";"WK051835  ";"1";180;85;95;10;0;15;60;90;55;50;50;25;100;10;65;100;0;5;10;60;;;;;130;100;15;15;1,4;180;101;;47;;212;1;0;0;0;1;99;2;0;100;99;1;100;0;;;;;;;;;;;;;;;;;;;;;;;;;;;;;;;;;;;;;;;;;;;50;0;0;15;0;5;10;10;10;55;45;10;0,4;57;5;1;0,3;0,3;0,5;53,2;108;98;10;"         .";;1;5393
"Zuiderpark";"'s-Gravenhage                           ";"Buurt     ";"BU05183536";"1";175;85;90;10;0;15;55;90;55;50;50;25;95;10;65;95;0;5;10;60;;;;;130;95;15;15;1,4;180;101;;47;;212;1;0;0;0;1;99;2;0;100;99;1;100;0;;;;;;;;;;;;;;;;;;;;;;;;;;;;;;;;;;;;;;;;;;;50;0;0;15;0;5;10;10;10;55;45;10;0,4;57;5;1;0,3;0,3;0,5;53,2;108;98;10;"      2533";3;1;5393
"Wijk 36 Moerwijk";"'s-Gravenhage                           ";"Wijk      ";"WK051836  ";"1";21640;11415;10225;4075;2745;6950;5355;2520;13470;5115;2510;545;4165;3265;14215;4165;630;5845;2635;8370;;;;;11125;6050;1685;3385;1,9;12127;10585;;435;;230;9;8;1;0;0;91;5;17;83;66;17;93;7;;;;;;;;;;;;;;;;;;;;;;;;;;;;;;;;;;;;;;;;;;;3150;265;1120;305;230;25;495;565;155;6250;5075;1175;0,6;3503;320;0,7;0,6;0,5;0,5;41,3;180;178;2;"         .";;1;4374
"Moerwijk-Oost";"'s-Gravenhage                           ";"Buurt     ";"BU05183620";"1";3400;1835;1570;670;340;1190;810;390;2090;805;435;70;645;435;2325;645;100;1030;340;1295;;;;;1750;1015;230;510;1,9;8856;1763;;114;;247;11;10;1;0;0;89;12;16;84;75;9;83;17;;;;;;;;;;;;;;;;;;;;;;;;;;;;;;;;;;;;;;;;;;;515;25;150;65;35;5;90;110;30;1025;800;220;0,6;2662;55;0,3;0,5;0,2;0,4;41,1;39;38;0;"      2531";2;1;3919
"Moerwijk-West";"'s-Gravenhage                           ";"Buurt     ";"BU05183637";"1";6380;3320;3060;1270;750;1750;1720;885;3880;1425;885;190;1160;665;4555;1165;150;1720;510;2835;;;;;3340;1810;495;1040;1,9;12533;3323;;187;;204;5;4;1;0;0;95;4;5;95;72;23;97;3;;;;;;;;;;;;;;;;;;;;;;;;;;;;;;;;;;;;;;;;;;;745;55;235;115;55;5;105;145;30;1705;1420;285;0,5;3350;70;0,6;0,5;0,4;0,5;41,6;51;51;0;"      2533";2;1;4297
"Moerwijk-Noord";"'s-Gravenhage                           ";"Buurt     ";"BU05183638";"1";7075;3755;3320;1100;1075;2310;1870;715;4535;1675;705;165;1325;1820;3930;1325;275;1490;1545;2445;;;;;3715;2000;635;1080;1,9;15093;3148;;71;;244;9;8;1;0;0;91;4;33;67;47;20;100;0;;;;;;;;;;;;;;;;;;;;;;;;;;;;;;;;;;;;;;;;;;;1255;150;580;80;70;5;180;125;65;2035;1685;350;0,5;4340;125;0,8;0,9;0,6;0,6;49;47;47;1;"      2531";3;1;5105
"Moerwijk-Zuid";"'s-Gravenhage                           ";"Buurt     ";"BU05183639";"1";4785;2505;2280;1035;580;1690;950;530;2970;1215;485;115;1035;340;3405;1035;105;1600;240;1805;;;;;2310;1225;325;755;2;11323;2351;;63;;238;14;12;3;0;0;86;3;15;85;76;9;87;13;;;;;;;;;;;;;;;;;;;;;;;;;;;;;;;;;;;;;;;;;;;635;35;150;45;65;10;115;190;25;1490;1170;320;0,6;3525;70;0,8;0,6;0,4;0,5;29,5;43;42;1;"      2532";2;1;3864
"Wijk 37 Groente- en Fruitmarkt";"'s-Gravenhage                           ";"Wijk      ";"WK051837  ";"1";7540;4465;3070;1135;1355;2665;1865;520;5080;1730;625;110;935;1300;5305;935;195;2235;1105;3075;;;;;2330;1025;405;905;2,3;16885;1711;;258;;313;27;21;6;0;0;73;3;38;62;29;32;100;0;;;;;;;;;;;;;;;;;;;;;;;;;;;;;;;;;;;;;;;;;;;1535;195;605;185;95;20;215;150;65;2070;1565;505;0,9;4632;85;1,1;0,8;0,6;0,5;45,8;50;45;5;"         .";;1;6396
"Groente- en Fruitmarkt";"'s-Gravenhage                           ";"Buurt     ";"BU05183721";"1";7540;4465;3070;1140;1355;2665;1870;515;5075;1730;625;110;935;1300;5305;930;200;2235;1105;3075;;;;;2330;1025;400;900;2,3;16885;1711;;258;;313;27;21;6;0;0;73;3;38;62;29;32;100;0;;;;;;;;;;;;;;;;;;;;;;;;;;;;;;;;;;;;;;;;;;;1535;195;605;185;95;20;215;150;65;2070;1565;505;0,9;4632;85;1,1;0,8;0,6;0,5;45,8;50;45;5;"      2525";1;1;6396
"Wijk 38 Laakkwartier en Spoorwijk";"'s-Gravenhage                           ";"Wijk      ";"WK051838  ";"1";44730;23295;21435;6395;7670;16295;10420;3950;29950;10075;3795;910;8240;11670;24820;8240;1650;9125;10020;15695;;;;;24140;13475;4445;6215;1,8;16661;21095;;1275;;249;10;8;1;0;0;90;6;29;70;34;37;86;14;;;;;;;;;;;;;;;;;;;;;;;;;;;;;;;;;;;;;;;;;;;8800;720;3515;890;570;60;1300;1125;615;12435;10000;2435;0,5;4631;785;0,6;0,5;0,4;0,5;40,7;281;268;12;"         .";;1;6375
"Laakhaven-Oost";"'s-Gravenhage                           ";"Buurt     ";"BU05183819";"1";5265;2530;2735;590;1460;1830;950;440;3830;915;430;90;960;845;3460;965;110;1205;735;2245;;;;;3340;2270;485;590;1,6;18043;3086;;112;;239;2;2;0;0;0;98;3;12;88;67;21;71;29;;;;;;;;;;;;;;;;;;;;;;;;;;;;;;;;;;;;;;;;;;;655;15;110;95;60;5;155;155;60;1050;855;190;0,3;3594;75;0,7;0,7;0,6;0,6;39,5;34;29;5;"      2521";3;1;7204
"Laakhaven-West";"'s-Gravenhage                           ";"Buurt     ";"BU05183822";"1";7345;3770;3575;1090;1090;3085;1500;585;4850;1630;760;110;1220;915;5210;1220;160;2180;755;3025;;;;;4240;2680;610;950;1,7;13111;3713;;450;;252;2;2;0;0;0;98;3;11;89;44;45;53;47;;;;;;;;;;;;;;;;;;;;;;;;;;;;;;;;;;;;;;;;;;;1435;35;330;235;145;20;275;295;100;2030;1555;470;0,5;3620;105;0,6;0,6;0,7;0,7;47,4;62;56;6;"      2521";1;1;7408
"Spoorwijk";"'s-Gravenhage                           ";"Buurt     ";"BU05183823";"1";3820;1950;1870;655;615;1065;1110;375;2225;1165;340;90;665;490;2665;665;95;1210;395;1455;;;;;1635;675;265;700;2,3;11509;1621;;43;;282;53;42;10;0;0;47;15;34;66;56;10;99;1;;;;;;;;;;;;;;;;;;;;;;;;;;;;;;;;;;;;;;;;;;;595;45;230;45;35;5;100;115;25;1275;1010;265;0,8;3837;90;0,3;0,6;0,3;0,4;42,7;33;33;0;"      2524";1;1;4590
"Laakkwartier-West";"'s-Gravenhage                           ";"Buurt     ";"BU05183824";"1";8280;4470;3815;1145;1225;3095;2130;690;5520;1905;660;195;1775;2940;3570;1775;395;1195;2540;2375;;;;;4285;2145;950;1190;1,9;17953;3578;;226;;254;16;14;1;0;0;84;5;45;54;12;43;96;4;;;;;;;;;;;;;;;;;;;;;;;;;;;;;;;;;;;;;;;;;;;1845;220;885;140;95;5;245;150;105;2565;2120;445;0,6;5559;170;0,4;0,4;0,3;0,4;42,1;47;46;1;"      2523";5;1;5463
"Laakkwartier-Oost";"'s-Gravenhage                           ";"Buurt     ";"BU05183825";"1";11600;6225;5370;1595;1865;4395;2760;985;7955;2580;820;240;2445;4445;4710;2440;600;1410;3845;3305;;;;;6220;3255;1410;1560;1,9;21196;5199;;262;;245;6;6;0;0;0;94;6;46;53;4;49;100;0;;;;;;;;;;;;;;;;;;;;;;;;;;;;;;;;;;;;;;;;;;;2680;300;1350;215;115;15;310;190;185;3310;2685;625;0,5;6047;240;0,8;0,5;0,4;0,4;40,7;56;55;1;"      2522";2;1;6740
"Noordpolderbuurt";"'s-Gravenhage                           ";"Buurt     ";"BU05183826";"1";8415;4345;4075;1325;1425;2830;1970;870;5570;1875;780;190;1175;2040;5205;1170;290;1925;1750;3285;;;;;4405;2460;720;1225;1,9;17101;3898;;182;;242;4;4;0;0;0;96;6;22;78;48;30;96;4;;;;;;;;;;;;;;;;;;;;;;;;;;;;;;;;;;;;;;;;;;;1590;105;610;165;115;10;215;225;140;2210;1775;435;0,5;4489;105;0,7;0,5;0,3;0,3;33,2;49;49;0;"      2516";4;1;5760
"Wijk 39 Binckhorst";"'s-Gravenhage                           ";"Wijk      ";"WK051839  ";"1";3425;1950;1470;270;510;2145;415;85;2460;765;190;10;930;535;1950;935;90;665;450;1290;;;;;1870;1025;600;245;1,6;2562;1902;;450;;386;5;4;1;0;0;95;8;8;92;23;69;30;70;;;;;;;;;;;;;;;;;;;;;;;;;;;;;;;;;;;;;;;;;;;1390;5;150;200;175;60;450;205;145;1575;1020;555;0,8;1179;85;1;1,4;0,4;1;22,3;146;134;12;"         .";;1;3870
"Binckhorst";"'s-Gravenhage                           ";"Buurt     ";"BU05183960";"1";3420;1950;1475;270;510;2140;415;85;2460;765;190;10;935;535;1950;930;85;665;450;1290;;;;;1875;1025;600;245;1,6;2562;1902;;450;;386;5;4;1;0;0;95;8;8;92;23;69;30;70;;;;;;;;;;;;;;;;;;;;;;;;;;;;;;;;;;;;;;;;;;;1390;5;150;200;175;60;450;205;145;1575;1020;555;0,8;1179;85;1;1,4;0,4;1;22,3;146;134;12;"      2516";1;1;3870
"Wijk 40 Wateringse Veld";"'s-Gravenhage                           ";"Wijk      ";"WK051840  ";"1";24420;12070;12355;4855;3375;5995;7040;3160;12655;9270;1760;730;10715;1850;11855;10715;780;6520;1070;5335;;;;;9175;2415;2110;4650;2,6;8070;8708;;264;;479;68;47;13;4;3;32;2;61;38;28;10;85;15;;;;;;;;;;;;;;;;;;;;;;;;;;;;;;;;;;;;;;;;;;;3410;65;645;355;345;125;890;760;225;10255;7475;2780;1,1;3389;645;0,7;0,8;0,5;0,7;18,1;328;303;25;"         .";;1;2784
"Erasmus Veld";"'s-Gravenhage                           ";"Buurt     ";"BU05184001";"1";4100;2015;2090;800;435;1235;975;660;2130;1420;360;190;1570;275;2255;1570;100;1255;175;1005;;;;;1620;595;330;690;2,4;5569;1524;;41;;437;51;34;10;1;5;49;6;47;53;37;16;47;53;;;;;;;;;;;;;;;;;;;;;;;;;;;;;;;;;;;;;;;;;;;590;15;115;65;55;15;145;150;35;1635;1205;430;1;2219;80;1;1,2;0,9;1;21,6;76;74;3;"      2548";1;1;3572
"Hoge Veld";"'s-Gravenhage                           ";"Buurt     ";"BU05184002";"1";9305;4600;4705;2185;1380;2405;2520;825;5145;3320;625;215;3945;720;4635;3945;290;2640;430;2000;;;;;3355;860;585;1910;2,8;9048;3169;;122;;501;66;47;10;5;4;34;2;59;41;28;13;87;13;;;;;;;;;;;;;;;;;;;;;;;;;;;;;;;;;;;;;;;;;;;1360;35;270;125;140;50;335;300;105;3630;2590;1040;1,1;3531;245;0,7;0,8;0,4;0,5;22,4;109;103;7;"      2548";1;1;2968
"Parkbuurt oosteinde";"'s-Gravenhage                           ";"Buurt     ";"BU05184003";"1";3395;1730;1665;525;505;625;1160;585;1560;1550;185;105;1895;315;1180;1895;150;615;165;570;;;;;1280;245;410;630;2,7;7526;1247;;35;;572;89;51;24;9;5;11;2;93;7;4;3;98;2;;;;;;;;;;;;;;;;;;;;;;;;;;;;;;;;;;;;;;;;;;;460;0;55;45;45;35;165;90;25;1680;1180;500;1,3;3722;125;1;0,8;0,4;0,7;19,5;46;45;1;"      2548";1;1;2966
"Lage Veld";"'s-Gravenhage                           ";"Buurt     ";"BU05184004";"1";4255;2020;2230;745;555;910;1295;755;2045;1715;340;160;1815;320;2120;1815;125;1120;185;1010;;;;;1685;445;490;750;2,5;11770;1631;;23;;411;62;48;13;0;0;38;1;56;44;42;3;100;0;;;;;;;;;;;;;;;;;;;;;;;;;;;;;;;;;;;;;;;;;;;480;5;110;50;50;10;135;95;25;1795;1370;425;1,1;4964;90;0,5;0,5;0,6;0,9;12,4;46;36;10;"      2548";1;2;2372
"Zonne Veld";"'s-Gravenhage                           ";"Buurt     ";"BU05184005";"1";3360;1700;1660;605;500;825;1095;335;1775;1270;255;65;1485;220;1655;1490;105;895;115;760;;;;;1235;275;295;670;2,7;7497;1137;;43;;469;83;60;17;6;2;17;2;62;38;24;14;97;3;;;;;;;;;;;;;;;;;;;;;;;;;;;;;;;;;;;;;;;;;;;515;5;95;70;55;20;110;130;35;1515;1120;390;1,2;3378;105;0,5;0,5;0,4;0,6;8;50;45;5;"      2548";1;2;1618
"Wijk 41 Hoornwijk";"'s-Gravenhage                           ";"Wijk      ";"WK051841  ";"1";990;520;470;220;140;375;180;70;660;255;60;15;330;70;590;325;15;285;50;305;;;;;465;235;70;160;2,1;279;418;;1330;;478;41;24;5;3;8;59;4;43;57;47;10;17;83;;;;;;;;;;;;;;;;;;;;;;;;;;;;;;;;;;;;;;;;;;;920;5;175;210;90;60;220;85;65;840;545;295;1,8;238;70;1;1,7;0,9;0,9;11,4;371;354;17;"         .";;3;1309
"Vlietzoom-West";"'s-Gravenhage                           ";"Buurt     ";"BU05184106";"1";170;85;90;25;25;30;60;40;100;55;10;5;145;10;20;145;5;15;0;5;;;;;85;40;25;20;2;95;69;;1030;;750;96;26;14;20;35;4;12;83;17;0;17;99;1;;;;;;;;;;;;;;;;;;;;;;;;;;;;;;;;;;;;;;;;;;;425;5;85;100;45;30;110;20;30;330;205;125;;;30;0,8;1,6;0,6;0,7;13,5;191;184;7;"      2495";1;3;1339
"Vliegeniersbuurt";"'s-Gravenhage                           ";"Buurt     ";"BU05184107";"1";0;0;0;0;0;0;0;0;0;0;0;0;0;0;0;0;0;0;0;0;;;;;0;0;0;0;;;0;;267;;;;;;;;;;;;;;;;;;;;;;;;;;;;;;;;;;;;;;;;;;;;;;;;;;;;;;;;;;295;0;40;90;25;25;70;25;15;175;95;85;;;15;;;;;;118;118;0;"      2497";1;3;1321
"De Reef";"'s-Gravenhage                           ";"Buurt     ";"BU05184110";"1";810;435;380;190;120;345;120;30;565;200;50;0;185;60;575;180;10;275;45;295;;;;;380;195;50;135;2,2;1569;349;;33;;422;30;23;3;0;3;70;2;35;64;56;9;0;100;;;;;;;;;;;;;;;;;;;;;;;;;;;;;;;;;;;;;;;;;;;200;0;45;20;25;5;40;40;20;340;250;90;0,9;652;25;1;1,7;0,9;1;11;62;52;10;"      2496";1;3;1216
"Wijk 42 Ypenburg";"'s-Gravenhage                           ";"Wijk      ";"WK051842  ";"1";26520;13260;13260;4810;4165;5885;8880;2790;14160;9915;1950;505;13520;2780;10220;13525;1160;5185;1625;5040;;;;;10190;2540;2355;5295;2,6;5889;9764;;458;;516;76;47;14;9;6;24;2;57;43;25;17;99;1;;;;;;;;;;;;;;;;;;;;;;;;;;;;;;;;;;;;;;;;;;;3510;15;545;440;350;110;1015;775;260;11395;8290;3100;1,1;2530;905;1;1,2;0,6;0,7;9;505;450;54;"         .";;2;1642
"Bosweide";"'s-Gravenhage                           ";"Buurt     ";"BU05184208";"1";1895;960;930;295;330;230;780;260;825;960;80;30;1055;330;505;1055;140;225;195;280;;;;;665;80;220;365;2,9;2764;669;;59;;893;93;6;6;42;39;7;3;95;5;0;5;100;0;;;;;;;;;;;;;;;;;;;;;;;;;;;;;;;;;;;;;;;;;;;285;0;10;20;30;30;130;50;15;1015;650;365;1,5;1479;80;1;1,3;1;1,1;6,7;74;68;5;"      2496";1;3;1474
"Tedingerbroek";"'s-Gravenhage                           ";"Buurt     ";"BU05184209";"1";0;0;0;0;0;0;0;0;0;0;0;0;0;0;0;0;0;0;0;0;;;;;0;0;0;0;;;0;;2;;;;;;;;;;;;;;;;;;;;;;;;;;;;;;;;;;;;;;;;;;;;;;;;;;;;;;;;;;0;;;;;;;;;0;0;0;;;0;;;;;;50;41;9;"      2496";1;4;808
"De Venen";"'s-Gravenhage                           ";"Buurt     ";"BU05184211";"1";1805;940;870;440;185;625;420;140;1090;565;140;20;705;170;935;705;60;510;115;425;;;;;790;310;145;340;2,3;5365;743;;75;;424;37;26;8;0;3;63;2;31;69;56;14;97;3;;;;;;;;;;;;;;;;;;;;;;;;;;;;;;;;;;;;;;;;;;;330;0;55;45;35;5;75;100;15;740;520;220;0,9;2190;70;1,2;1,9;0,2;1,2;12,7;35;34;2;"      2496";1;2;1594
"Morgenweide";"'s-Gravenhage                           ";"Buurt     ";"BU05184212";"1";7045;3525;3520;1330;1035;1820;2150;715;3805;2470;590;180;3215;695;3130;3220;265;1600;435;1530;;;;;2825;800;600;1430;2,5;8409;2741;;98;;456;64;49;12;3;0;36;2;48;52;21;30;100;0;;;;;;;;;;;;;;;;;;;;;;;;;;;;;;;;;;;;;;;;;;;960;5;160;130;95;20;260;215;70;2965;2225;740;1;3538;260;0,9;0,9;0,3;0,3;10,4;87;84;4;"      2496";1;2;1973
"Singels";"'s-Gravenhage                           ";"Buurt     ";"BU05184213";"1";5435;2695;2740;910;790;1190;1790;750;2765;2120;410;145;2565;590;2285;2565;245;1150;340;1135;;;;;2150;580;540;1030;2,5;9777;2031;;70;;470;74;61;12;1;1;26;2;61;39;26;13;100;0;;;;;;;;;;;;;;;;;;;;;;;;;;;;;;;;;;;;;;;;;;;635;5;95;90;65;15;170;145;50;2265;1680;585;1,1;4071;180;0,7;0,6;0,5;0,7;7,6;57;56;2;"      2497";1;2;1669
"Waterbuurt";"'s-Gravenhage                           ";"Buurt     ";"BU05184214";"1";4675;2340;2335;790;720;1155;1500;515;2585;1660;355;75;2305;410;1960;2305;180;955;230;1005;;;;;1815;450;455;910;2,5;5662;1684;;119;;455;87;63;18;2;5;13;2;56;44;25;19;100;0;;;;;;;;;;;;;;;;;;;;;;;;;;;;;;;;;;;;;;;;;;;610;0;140;80;50;10;145;130;50;1990;1460;530;1,1;2408;135;0,9;1,1;0,9;0,9;8,9;107;83;24;"      2497";1;2;1766
"De Bras";"'s-Gravenhage                           ";"Buurt     ";"BU05184215";"1";5665;2795;2865;1045;1110;865;2235;410;3095;2145;365;60;3670;580;1410;3675;265;750;315;660;;;;;1945;320;395;1225;2,9;6638;1896;;35;;609;93;38;20;25;9;7;1;64;36;28;8;98;2;;;;;;;;;;;;;;;;;;;;;;;;;;;;;;;;;;;;;;;;;;;690;0;85;75;75;25;235;135;60;2425;1760;665;1,2;2843;180;1,7;1,9;0,8;0,8;8,4;95;85;10;"      2498";1;3;1091
"Wijk 43 Forepark";"'s-Gravenhage                           ";"Wijk      ";"WK051843  ";"1";150;75;75;20;10;30;40;40;70;65;15;0;105;20;25;105;5;15;20;10;;;;;70;25;20;25;2,1;51;47;;583;;757;96;11;2;23;60;4;6;89;11;0;11;87;13;;;;;;;;;;;;;;;;;;;;;;;;;;;;;;;;;;;;;;;;;;;865;5;95;205;110;60;270;60;60;1240;410;830;;;25;1;1,7;0,5;0,6;11,2;304;295;9;"         .";;3;1320
"Vlietzoom-Oost";"'s-Gravenhage                           ";"Buurt     ";"BU05184316";"1";105;55;55;15;5;20;30;35;45;50;15;5;75;20;15;75;5;5;10;5;;;;;50;15;20;15;2;84;33;;168;;827;97;0;0;33;64;3;9;88;12;0;12;100;0;;;;;;;;;;;;;;;;;;;;;;;;;;;;;;;;;;;;;;;;;;;60;0;10;5;5;10;10;10;5;85;45;35;1,6;65;5;0,8;1,7;0,5;0,5;12;133;129;4;"      2491";1;3;1423
"De Rivieren";"'s-Gravenhage                           ";"Buurt     ";"BU05184317";"1";40;15;25;10;0;10;15;5;25;15;5;0;30;5;10;30;0;10;5;0;;;;;20;5;0;10;2,2;25;14;;415;;;;;;;;;;;;;;;;;;;;;;;;;;;;;;;;;;;;;;;;;;;;;;;;;;;;;;;;;;805;5;85;200;105;50;260;50;50;1155;365;795;;;20;1,3;1,8;0,5;1;9,1;171;166;5;"      2491";1;3;1271
"Wijk 44 Leidschenveen";"'s-Gravenhage                           ";"Wijk      ";"WK051844  ";"1";20340;10195;10150;3705;3075;4195;6835;2525;10000;8570;1275;490;10500;1615;8220;10500;685;3960;930;4260;;;;;7560;1715;1830;4015;2,7;5843;7457;;213;;510;75;53;14;5;3;25;2;66;34;27;7;96;4;;;;;;;;;;;;;;;;;;;;;;;;;;;;;;;;;;;;;;;;;;;2330;10;270;330;275;90;700;485;170;8795;6455;2340;1,2;2527;650;1,2;1,5;0,6;0,8;6,9;376;348;28;"         .";;3;1489
"De Lanen";"'s-Gravenhage                           ";"Buurt     ";"BU05184418";"1";5335;2730;2605;1140;870;1220;1775;330;2860;2135;280;65;2500;475;2360;2500;175;1160;295;1205;;;;;1840;330;360;1145;2,9;7898;1777;;31;;534;81;53;20;5;4;19;1;70;29;24;5;94;6;;;;;;;;;;;;;;;;;;;;;;;;;;;;;;;;;;;;;;;;;;;600;5;90;85;65;15;160;135;45;2150;1530;620;1,2;3184;130;1,3;1,4;0,6;0,7;8,7;70;68;2;"      2493";1;3;1459
"De Velden";"'s-Gravenhage                           ";"Buurt     ";"BU05184419";"1";4110;2080;2030;625;630;840;1380;630;1900;1840;260;110;2180;260;1670;2180;110;785;150;890;;;;;1630;420;450;760;2,5;5664;1601;;71;;490;70;50;17;1;2;30;3;61;39;18;21;95;5;;;;;;;;;;;;;;;;;;;;;;;;;;;;;;;;;;;;;;;;;;;505;5;50;85;55;20;150;100;40;1820;1360;460;1,1;2507;155;1,4;1,3;0,6;0,7;8,3;75;73;3;"      2492";1;2;1510
"De Vissen";"'s-Gravenhage                           ";"Buurt     ";"BU05184420";"1";8175;4035;4140;1245;1180;1510;2845;1395;3750;3555;580;290;4555;660;2960;4560;310;1395;350;1560;;;;;3165;780;865;1520;2,5;6946;3174;;61;;489;74;56;9;6;2;26;3;66;34;32;2;98;2;;;;;;;;;;;;;;;;;;;;;;;;;;;;;;;;;;;;;;;;;;;905;0;100;110;115;45;285;190;60;3745;2820;930;1,2;3183;300;1,2;1,3;0,6;0,5;6;129;118;12;"      2492";1;3;1470
"Rietbuurt";"'s-Gravenhage                           ";"Buurt     ";"BU05184421";"1";2725;1345;1375;695;395;625;830;170;1490;1040;155;30;1260;225;1235;1265;90;625;140;605;;;;;920;185;155;585;2,9;3013;905;;50;;567;73;48;13;7;5;27;2;65;35;33;3;97;3;;;;;;;;;;;;;;;;;;;;;;;;;;;;;;;;;;;;;;;;;;;320;0;30;45;40;15;105;60;25;1080;745;335;1,2;1196;65;0,8;2,8;0,5;1,9;3,7;102;90;11;"      2493";1;2;1573
