"Nabijheid voorzieningen; afstand locatie, wijk- en buurtcijfers 2025"
""
"";"";"Wijken en buurten"
"Onderwerp";"";"Nederland";"Rotterdam";"Rotterdam Centrum";"Stadsdriehoek";"Oude Westen";"Cool";"Cs Kwartier";"Nieuwe Werk";"Dijkzigt";"Delfshaven";"Delfshaven";"Bospolder";"Tussendijken";"Spangen";"Nieuwe Westen";"Middelland";"Oud Mathenesse";"Witte Dorp";"Schiemond";"Overschie";"Kleinpolder";"Noord Kethel";"Schieveen";"Zestienhoven";"Overschie";"Landzicht";"Noord";"Agniesebuurt";"Provenierswijk";"Bergpolder";"Blijdorp";"Liskwartier";"Oude Noorden";"Blijdorpsepolder";"Hillegersberg-Schiebroek";"Schiebroek";"Hillegersberg Zuid";"Hillegersberg Noord";"Terbregge";"Molenlaankwartier";"Kralingen-Crooswijk";"Rubroek";"Nieuw Crooswijk";"Oud Crooswijk";"Kralingen West";"Kralingen Oost";"Kralingse Bos";"De Esch";"Struisenburg";"Feijenoord";"Kop van Zuid";"Kop van Zuid - Entrepot";"Vreewijk";"Bloemhof";"Hillesluis";"Katendrecht";"Afrikaanderwijk";"Feijenoord";"Noordereiland";"IJsselmonde";"Oud IJsselmonde";"Lombardijen";"Groot IJsselmonde";"Beverwaard";"Pernis";"Pernis";"Prins Alexander";"'s-Gravenland";"Kralingseveer";"Prinsenland";"Het Lage Land";"Ommoord";"Zevenkamp";"Oosterflank";"Nesselande";"Charlois";"Charlois Zuidrand";"Tarwewijk";"Carnisse";"Zuidwijk";"Oud Charlois";"Wielewaal";"Zuidplein";"Pendrecht";"Zuiderpark";"Heijplaat";"Hoogvliet";"Hoogvliet Noord";"Hoogvliet Zuid";"Hoek van Holland";"Strand en Duin";"Dorp";"Rijnpoort";"Spaanse Polder";"Spaanse Polder";"Nieuw Mathenesse";"Nieuw Mathenesse";"Waalhaven-Eemhaven";"Waalhaven";"Eemhaven";"Waalhaven Zuid";"Vondelingenplaat";"Vondelingenplaat";"Botlek-Europoort-Maasvlakte";"Botlek";"Europoort";"Maasvlakte";"Rotterdam-Noord-West";"Bedrijvenpark Noord-West";"Rivium";"Rivium";"Rozenburg";"Rozenburg";"Noordzeeweg"
"Regioaanduiding|Gemeentenaam";"naam";"Nederland";"Rotterdam";"Rotterdam";"Rotterdam";"Rotterdam";"Rotterdam";"Rotterdam";"Rotterdam";"Rotterdam";"Rotterdam";"Rotterdam";"Rotterdam";"Rotterdam";"Rotterdam";"Rotterdam";"Rotterdam";"Rotterdam";"Rotterdam";"Rotterdam";"Rotterdam";"Rotterdam";"Rotterdam";"Rotterdam";"Rotterdam";"Rotterdam";"Rotterdam";"Rotterdam";"Rotterdam";"Rotterdam";"Rotterdam";"Rotterdam";"Rotterdam";"Rotterdam";"Rotterdam";"Rotterdam";"Rotterdam";"Rotterdam";"Rotterdam";"Rotterdam";"Rotterdam";"Rotterdam";"Rotterdam";"Rotterdam";"Rotterdam";"Rotterdam";"Rotterdam";"Rotterdam";"Rotterdam";"Rotterdam";"Rotterdam";"Rotterdam";"Rotterdam";"Rotterdam";"Rotterdam";"Rotterdam";"Rotterdam";"Rotterdam";"Rotterdam";"Rotterdam";"Rotterdam";"Rotterdam";"Rotterdam";"Rotterdam";"Rotterdam";"Rotterdam";"Rotterdam";"Rotterdam";"Rotterdam";"Rotterdam";"Rotterdam";"Rotterdam";"Rotterdam";"Rotterdam";"Rotterdam";"Rotterdam";"Rotterdam";"Rotterdam";"Rotterdam";"Rotterdam";"Rotterdam";"Rotterdam";"Rotterdam";"Rotterdam";"Rotterdam";"Rotterdam";"Rotterdam";"Rotterdam";"Rotterdam";"Rotterdam";"Rotterdam";"Rotterdam";"Rotterdam";"Rotterdam";"Rotterdam";"Rotterdam";"Rotterdam";"Rotterdam";"Rotterdam";"Rotterdam";"Rotterdam";"Rotterdam";"Rotterdam";"Rotterdam";"Rotterdam";"Rotterdam";"Rotterdam";"Rotterdam";"Rotterdam";"Rotterdam";"Rotterdam";"Rotterdam";"Rotterdam";"Rotterdam";"Rotterdam"
"Regioaanduiding|Soort regio";"omschrijving";"Land";"Gemeente";"Wijk";"Buurt";"Buurt";"Buurt";"Buurt";"Buurt";"Buurt";"Wijk";"Buurt";"Buurt";"Buurt";"Buurt";"Buurt";"Buurt";"Buurt";"Buurt";"Buurt";"Wijk";"Buurt";"Buurt";"Buurt";"Buurt";"Buurt";"Buurt";"Wijk";"Buurt";"Buurt";"Buurt";"Buurt";"Buurt";"Buurt";"Buurt";"Wijk";"Buurt";"Buurt";"Buurt";"Buurt";"Buurt";"Wijk";"Buurt";"Buurt";"Buurt";"Buurt";"Buurt";"Buurt";"Buurt";"Buurt";"Wijk";"Buurt";"Buurt";"Buurt";"Buurt";"Buurt";"Buurt";"Buurt";"Buurt";"Buurt";"Wijk";"Buurt";"Buurt";"Buurt";"Buurt";"Wijk";"Buurt";"Wijk";"Buurt";"Buurt";"Buurt";"Buurt";"Buurt";"Buurt";"Buurt";"Buurt";"Wijk";"Buurt";"Buurt";"Buurt";"Buurt";"Buurt";"Buurt";"Buurt";"Buurt";"Buurt";"Buurt";"Wijk";"Buurt";"Buurt";"Wijk";"Buurt";"Buurt";"Buurt";"Wijk";"Buurt";"Wijk";"Buurt";"Wijk";"Buurt";"Buurt";"Buurt";"Wijk";"Buurt";"Wijk";"Buurt";"Buurt";"Buurt";"Wijk";"Buurt";"Wijk";"Buurt";"Wijk";"Buurt";"Buurt"
"Regioaanduiding|Codering";"code";"NL00";"GM0599";"WK059901";"BU05990110";"BU05990111";"BU05990112";"BU05990113";"BU05990118";"BU05990119";"WK059903";"BU05990320";"BU05990321";"BU05990322";"BU05990323";"BU05990324";"BU05990325";"BU05990327";"BU05990328";"BU05990329";"WK059904";"BU05990451";"BU05990452";"BU05990454";"BU05990455";"BU05990456";"BU05990457";"WK059905";"BU05990515";"BU05990516";"BU05990531";"BU05990532";"BU05990534";"BU05990535";"BU05990558";"WK059906";"BU05990660";"BU05990661";"BU05990662";"BU05990664";"BU05990665";"WK059908";"BU05990814";"BU05990836";"BU05990837";"BU05990841";"BU05990842";"BU05990843";"BU05990845";"BU05990847";"WK059910";"BU05991017";"BU05991079";"BU05991080";"BU05991081";"BU05991082";"BU05991085";"BU05991086";"BU05991087";"BU05991088";"WK059912";"BU05991283";"BU05991284";"BU05991289";"BU05991290";"WK059913";"BU05991391";"WK059914";"BU05991444";"BU05991446";"BU05991448";"BU05991449";"BU05991463";"BU05991466";"BU05991467";"BU05991468";"WK059915";"BU05991570";"BU05991571";"BU05991572";"BU05991573";"BU05991574";"BU05991575";"BU05991576";"BU05991577";"BU05991578";"BU05991593";"WK059916";"BU05991692";"BU05991699";"WK059917";"BU05991701";"BU05991702";"BU05991703";"WK059918";"BU05991853";"WK059919";"BU05991926";"WK059921";"BU05992194";"BU05992196";"BU05992198";"WK059922";"BU05992295";"WK059923";"BU05992306";"BU05992307";"BU05992308";"WK059924";"BU05992459";"WK059925";"BU05992540";"WK059927";"BU05992704";"BU05992705"
"Regioaanduiding|Indelingswijziging wijken en buurten";"code";".";"1";"1";"1";"1";"1";"1";"1";"1";"1";"1";"1";"1";"1";"1";"1";"1";"1";"1";"1";"1";"1";"1";"1";"1";"1";"1";"1";"1";"1";"1";"1";"1";"1";"1";"1";"1";"1";"1";"1";"1";"1";"1";"1";"1";"1";"1";"1";"1";"1";"1";"1";"1";"1";"1";"1";"1";"1";"1";"1";"1";"1";"1";"1";"1";"1";"1";"1";"1";"1";"1";"1";"1";"1";"1";"1";"1";"1";"1";"1";"1";"1";"1";"1";"1";"1";"1";"1";"1";"1";"1";"1";"1";"1";"1";"1";"1";"1";"1";"1";"1";"1";"1";"1";"1";"1";"1";"1";"1";"1";"1";"1";"1";"1"
"Gezondheid en welzijn|Huisartsenpraktijk|Afstand tot huisartsenpraktijk";"km";"1,1";"0,7";"0,6";"0,5";"0,7";"0,8";"1,2";"0,4";"0,4";"0,5";"0,8";"0,5";"0,4";"0,5";"0,6";"0,4";"0,6";"0,9";"0,4";"1,1";"0,4";"2,7";"3,7";"2,3";"0,9";"1,3";"0,5";"0,4";"0,7";"0,5";"0,5";"0,5";"0,6";"1,3";"0,7";"0,7";"0,4";"0,8";"0,9";"0,8";"0,6";"0,5";"0,5";"0,5";"0,5";"0,7";"1,3";"0,8";"0,7";"0,6";"0,4";"0,5";"0,7";"0,6";"0,7";"0,4";"0,8";"0,5";"1,0";"0,7";"1,8";"0,5";"0,6";"0,8";"0,6";"0,6";"0,9";"1,3";"1,1";"0,8";"0,4";"0,9";"0,9";"0,6";"1,1";"0,7";"1,5";"0,6";"0,5";"0,7";"0,5";"1,2";"0,8";"0,5";"0,8";"4,7";"1,0";"0,8";"1,2";"0,9";"1,8";"0,6";"2,7";"1,6";"1,6";"1,1";"1,1";"3,1";"2,3";"4,2";".";".";".";"7,8";".";".";"10,0";".";".";".";".";"1,2";"1,2";"."
"Gezondheid en welzijn|Huisartsenpraktijk|Aantal huisartsenpraktijken|Binnen 1 km";"aantal";"1,2";"1,9";"2,2";"2,9";"2,1";"1,3";"0,5";"1,8";"2,9";"2,9";"1,7";"2,7";"4,4";"2,1";"3,8";"3,8";"2,2";"1,0";"1,1";"1,6";"2,8";"0,0";"0,0";"0,0";"1,5";"0,0";"3,2";"3,0";"2,3";"3,8";"2,6";"4,0";"3,2";"0,0";"1,3";"1,4";"2,5";"0,6";"0,8";"0,9";"2,7";"4,7";"1,9";"4,0";"2,9";"1,5";"0,1";"0,7";"1,0";"2,1";"1,6";"2,9";"2,5";"2,5";"1,5";"1,8";"2,1";"2,3";"0,6";"1,6";"0,0";"2,3";"2,0";"0,8";"0,9";"0,9";"1,0";"0,3";"0,3";"1,1";"2,6";"0,6";"0,7";"1,7";"0,4";"2,3";"0,0";"3,0";"3,5";"1,5";"2,8";"0,3";"2,0";"1,7";"1,1";"0,0";"0,6";"0,7";"0,5";"0,7";"0,0";"0,9";"0,0";"0,1";"0,1";"0,2";"0,2";"0,1";"0,2";"0,0";".";".";".";"0,0";".";".";"0,0";".";".";".";".";"0,4";"0,4";"."
"Gezondheid en welzijn|Huisartsenpraktijk|Aantal huisartsenpraktijken|Binnen 3 km";"aantal";"7,7";"15,7";"31,8";"32,2";"32,6";"35,7";"34,0";"19,0";"26,8";"22,3";"20,2";"19,1";"21,8";"20,2";"24,5";"29,9";"17,2";"17,3";"17,2";"6,1";"7,2";"0,9";"0,7";"6,8";"4,5";"4,0";"26,6";"28,6";"30,0";"24,5";"28,9";"23,9";"26,2";"19,2";"9,2";"7,2";"18,3";"8,6";"5,4";"5,8";"18,5";"27,5";"21,2";"24,6";"18,1";"12,5";"10,9";"5,0";"15,9";"21,1";"19,8";"19,7";"21,9";"25,7";"23,2";"17,4";"23,9";"13,6";"15,2";"11,4";"7,5";"18,0";"10,7";"6,7";"1,0";"1,0";"7,5";"7,9";"3,1";"8,6";"9,8";"6,2";"7,6";"12,3";"3,5";"16,0";"4,3";"25,8";"20,5";"13,0";"13,7";"9,7";"24,6";"11,3";"18,4";"0,0";"4,9";"4,4";"5,1";"1,2";"1,6";"1,0";"0,7";"11,8";"11,8";"17,0";"17,0";"3,4";"5,1";"1,5";".";".";".";"0,0";".";".";"0,0";".";".";".";".";"1,0";"1,0";"."
"Gezondheid en welzijn|Huisartsenpraktijk|Aantal huisartsenpraktijken|Binnen 5 km";"aantal";"16,9";"40,2";"68,1";"64,6";"71,8";"71,0";"66,9";"70,0";"72,1";"56,8";"61,1";"52,6";"55,6";"48,8";"63,0";"69,7";"37,5";"38,2";"51,3";"33,1";"41,7";"2,7";"5,1";"25,9";"29,6";"24,3";"57,6";"61,4";"59,8";"56,4";"56,7";"56,6";"57,6";"49,3";"30,2";"24,8";"44,0";"27,4";"32,1";"29,1";"48,9";"56,9";"48,5";"54,7";"51,3";"41,7";"38,1";"25,5";"52,1";"53,6";"72,7";"66,3";"47,7";"46,7";"48,3";"49,2";"59,9";"57,9";"62,5";"33,1";"28,2";"46,6";"33,9";"16,1";"1,2";"1,2";"21,8";"27,4";"14,5";"28,3";"27,9";"17,5";"20,3";"27,4";"14,3";"40,8";"23,9";"51,2";"49,8";"37,2";"44,6";"29,6";"43,9";"30,3";"43,9";"1,6";"11,4";"12,3";"10,9";"3,1";"3,7";"2,9";"2,9";"34,6";"34,6";"38,0";"38,0";"13,2";"21,3";"3,5";".";".";".";"1,4";".";".";"0,0";".";".";".";".";"3,1";"3,1";"."
"Gezondheid en welzijn|Huisartsenpraktijk|Afstand tot huisartsenpost";"km";".";".";".";".";".";".";".";".";".";".";".";".";".";".";".";".";".";".";".";".";".";".";".";".";".";".";".";".";".";".";".";".";".";".";".";".";".";".";".";".";".";".";".";".";".";".";".";".";".";".";".";".";".";".";".";".";".";".";".";".";".";".";".";".";".";".";".";".";".";".";".";".";".";".";".";".";".";".";".";".";".";".";".";".";".";".";".";".";".";".";".";".";".";".";".";".";".";".";".";".";".";".";".";".";".";".";".";".";".";".";".";".";".";"."
"Gezondheid en welzijn|Afstand tot apotheek";"km";"1,3";"0,8";"0,6";"0,6";"0,4";"0,5";"0,7";"0,8";"0,7";"0,6";"0,9";"0,5";"0,5";"0,5";"0,6";"0,5";"0,4";"0,7";"0,9";"1,2";"0,4";"2,8";"4,0";"2,4";"1,3";"1,7";"0,6";"0,7";"1,0";"0,5";"0,7";"0,6";"0,5";"1,3";"0,8";"0,7";"0,6";"0,8";"2,1";"0,7";"0,7";"0,4";"0,6";"0,4";"0,7";"0,7";"1,9";"0,8";"1,1";"0,9";"1,1";"0,8";"1,1";"0,6";"1,1";"0,6";"0,7";"0,9";"1,1";"0,8";"1,8";"0,6";"0,7";"0,8";"0,7";"0,7";"0,9";"1,5";"1,8";"0,7";"0,5";"0,8";"0,9";"0,7";"1,2";"0,8";"1,5";"0,6";"0,5";"0,7";"0,8";"1,4";"0,8";"0,7";"0,8";"5,1";"0,8";"0,7";"0,8";"0,9";"1,8";"0,6";"2,8";"1,7";"1,7";"1,5";"1,5";"3,6";"2,7";"4,7";".";".";".";"8,1";".";".";"10,5";".";".";".";".";"0,8";"0,8";"."
"Gezondheid en welzijn|Ziekenhuis (incl. buitenpolikliniek)|Afstand tot ziekenhuis";"km";"5,0";"2,5";"1,2";"1,2";"1,1";"1,2";"1,8";"0,4";"1,0";"2,3";"1,8";"2,3";"2,3";"3,0";"2,0";"1,4";"3,9";"3,6";"2,4";"3,5";"3,5";"5,0";"6,0";"2,6";"4,0";"4,2";"1,9";"1,9";"2,0";"1,2";"1,7";"1,7";"2,3";"3,0";"3,7";"3,5";"2,2";"4,2";"4,6";"4,8";"1,4";"1,5";"2,5";"1,9";"1,1";"0,6";"3,3";"1,9";"1,2";"2,2";"2,2";"2,7";"1,6";"1,4";"2,2";"2,8";"2,3";"3,3";"2,5";"2,5";"3,6";"1,9";"1,9";"4,0";"9,3";"9,3";"2,8";"2,0";"3,3";"2,0";"2,5";"4,4";"2,9";"2,4";"1,3";"2,4";"4,0";"1,4";"1,6";"2,5";"2,6";"3,5";"0,9";"3,0";"1,9";"7,2";"4,8";"4,5";"4,9";"4,4";"3,6";"4,7";"5,5";"3,8";"3,8";"3,6";"3,6";"5,9";"4,4";"7,7";".";".";".";"11,8";".";".";"15,2";".";".";".";".";"1,2";"1,2";"."
"Gezondheid en welzijn|Ziekenhuis (incl. buitenpolikliniek)|Aantal ziekenhuizen|Binnen 5 km";"aantal";"1,1";"4,1";"7,9";"8,4";"7,4";"7,8";"7,0";"8,0";"8,0";"5,6";"6,5";"4,9";"5,5";"4,6";"6,1";"7,1";"3,4";"3,9";"5,1";"1,8";"2,6";"0,5";"0,2";"1,1";"1,3";"1,0";"6,9";"7,0";"6,9";"6,8";"6,3";"7,0";"7,2";"3,9";"1,9";"1,1";"5,1";"1,1";"2,1";"0,8";"7,5";"8,0";"7,8";"8,0";"7,9";"7,0";"5,2";"5,0";"7,7";"5,6";"7,4";"7,0";"2,7";"5,8";"5,0";"5,9";"6,7";"7,0";"7,7";"2,1";"2,4";"2,0";"2,0";"2,4";"0,0";"0,0";"2,2";"4,4";"3,8";"3,3";"3,0";"1,2";"2,1";"1,4";"2,0";"3,3";"1,5";"5,2";"4,0";"2,8";"4,0";"1,7";"3,7";"1,1";"3,9";"0,0";"0,6";"0,9";"0,5";"0,8";"0,9";"0,7";"0,5";"2,4";"2,4";"4,0";"4,0";"0,9";"1,7";"0,0";".";".";".";"0,0";".";".";"0,0";".";".";".";".";"1,1";"1,1";"."
"Gezondheid en welzijn|Ziekenhuis (incl. buitenpolikliniek)|Aantal ziekenhuizen|Binnen 10 km";"aantal";"2,8";"10,8";"12,3";"12,3";"12,2";"12,1";"12,9";"12,0";"12,4";"10,9";"11,2";"10,9";"10,8";"10,0";"10,9";"12,0";"10,0";"10,0";"11,0";"10,4";"10,3";"3,5";"7,6";"10,8";"10,5";"9,3";"12,7";"13,0";"13,0";"12,8";"12,5";"12,5";"12,8";"10,2";"11,5";"11,0";"12,0";"11,2";"12,8";"11,5";"12,9";"12,8";"12,0";"13,2";"12,5";"13,0";"14,7";"13,7";"13,4";"12,7";"13,3";"13,2";"13,1";"12,3";"13,2";"11,6";"12,6";"13,1";"11,3";"13,4";"14,0";"13,1";"13,7";"13,0";"1,7";"1,7";"10,4";"13,9";"14,0";"13,3";"13,0";"11,0";"8,0";"11,9";"3,5";"11,1";"9,3";"11,8";"11,3";"12,2";"11,0";"10,7";"11,6";"10,1";"11,1";"4,8";"1,1";"1,1";"1,0";"2,0";"2,0";"2,0";"2,5";"9,7";"9,7";"10,0";"10,0";"7,0";"9,3";"4,0";".";".";".";"0,7";".";".";"0,0";".";".";".";".";"3,0";"3,0";"."
"Gezondheid en welzijn|Ziekenhuis (incl. buitenpolikliniek)|Aantal ziekenhuizen|Binnen 20 km";"aantal";"8,3";"23,0";"23,5";"23,3";"23,8";"23,5";"24,2";"23,0";"23,3";"24,4";"23,8";"24,0";"24,2";"24,8";"25,0";"24,5";"24,0";"24,0";"23,5";"26,9";"26,9";"25,7";"28,3";"25,5";"27,9";"28,0";"25,5";"25,6";"25,7";"26,0";"26,3";"25,3";"24,8";"26,0";"23,3";"22,9";"24,3";"22,8";"23,9";"23,5";"22,5";"23,9";"22,9";"24,0";"21,8";"21,4";"23,6";"21,7";"22,0";"23,3";"23,1";"23,3";"24,0";"22,5";"24,2";"22,4";"23,1";"23,3";"22,0";"25,2";"24,7";"25,0";"25,7";"24,3";"19,0";"19,0";"21,9";"21,0";"21,0";"21,4";"22,6";"23,0";"21,8";"21,2";"21,0";"22,7";"22,3";"22,8";"23,0";"22,0";"23,1";"23,0";"22,3";"23,0";"22,9";"19,3";"21,2";"21,8";"20,9";"8,2";"8,5";"8,0";"9,3";"26,0";"26,0";"23,0";"23,0";"20,5";"21,3";"19,3";".";".";".";"5,5";".";".";"1,0";".";".";".";".";"12,5";"12,5";"."
"Gezondheid en welzijn|Ziekenhuis (excl. buitenpolikliniek)|Afstand tot ziekenhuis";"km";"7,2";"3,4";"1,7";"2,1";"1,1";"1,2";"1,8";"2,2";"1,0";"2,3";"1,8";"2,3";"2,3";"3,0";"2,0";"1,4";"3,9";"3,6";"2,4";"3,5";"3,5";"5,0";"6,5";"2,6";"4,0";"4,2";"1,9";"2,0";"2,0";"1,2";"1,7";"1,7";"2,4";"3,0";"3,7";"3,5";"2,2";"4,2";"4,9";"4,9";"3,7";"2,9";"3,6";"3,4";"3,5";"4,2";"4,2";"5,2";"3,5";"2,3";"2,8";"2,9";"1,6";"1,4";"2,2";"2,8";"2,3";"3,6";"3,4";"2,5";"3,6";"1,9";"1,9";"4,1";"9,3";"9,3";"4,2";"2,5";"4,0";"2,0";"2,5";"4,8";"5,4";"2,4";"7,7";"2,4";"4,0";"1,4";"1,6";"2,5";"2,6";"3,5";"0,9";"3,0";"1,9";"7,2";"4,8";"4,5";"4,9";"14,8";"14,0";"15,0";"14,2";"3,8";"3,8";"3,6";"3,6";"5,9";"4,4";"7,7";".";".";".";"21,0";".";".";"29,3";".";".";".";".";"12,7";"12,7";"."
"Gezondheid en welzijn|Ziekenhuis (excl. buitenpolikliniek)|Aantal ziekenhuizen|Binnen 5 km";"aantal";"0,7";"2,1";"3,5";"3,5";"3,4";"3,6";"3,0";"4,0";"4,0";"3,2";"3,4";"2,7";"3,0";"3,4";"3,1";"3,4";"3,3";"3,0";"2,6";"1,8";"2,6";"0,5";"0,0";"1,1";"1,3";"1,0";"3,0";"3,0";"3,0";"3,0";"3,0";"3,0";"3,0";"3,0";"1,1";"1,0";"2,3";"1,0";"0,4";"0,7";"2,6";"3,0";"2,9";"3,0";"2,9";"2,2";"1,1";"0,5";"2,7";"3,2";"3,4";"3,4";"2,3";"3,7";"3,2";"3,0";"3,6";"3,3";"3,5";"1,6";"1,6";"2,0";"1,5";"1,0";"0,0";"0,0";"0,7";"1,0";"1,0";"1,0";"1,0";"0,6";"0,3";"1,0";"0,0";"2,4";"1,1";"3,3";"3,0";"2,0";"3,0";"1,7";"3,1";"1,0";"2,9";"0,0";"0,6";"0,9";"0,5";"0,0";"0,0";"0,0";"0,0";"2,4";"2,4";"3,0";"3,0";"0,8";"1,5";"0,0";".";".";".";"0,0";".";".";"0,0";".";".";".";".";"0,0";"0,0";"."
"Gezondheid en welzijn|Ziekenhuis (excl. buitenpolikliniek)|Aantal ziekenhuizen|Binnen 10 km";"aantal";"1,6";"4,9";"7,0";"7,0";"7,0";"7,0";"7,0";"7,0";"7,0";"5,9";"6,1";"5,9";"5,8";"5,0";"5,9";"6,9";"5,0";"5,0";"6,0";"4,9";"5,0";"3,2";"4,4";"4,9";"4,9";"4,3";"6,7";"7,0";"7,0";"6,8";"6,5";"6,5";"6,8";"5,0";"4,9";"5,0";"6,0";"4,5";"4,3";"4,1";"6,5";"7,0";"6,6";"7,0";"6,5";"6,0";"6,0";"6,0";"6,4";"5,4";"6,7";"5,8";"5,2";"5,0";"5,2";"5,1";"5,2";"5,9";"6,1";"5,3";"5,7";"5,1";"5,5";"5,0";"1,7";"1,7";"3,4";"5,8";"6,0";"5,3";"4,6";"3,1";"1,9";"3,9";"1,0";"5,0";"4,6";"5,1";"5,1";"5,0";"5,0";"5,0";"5,0";"5,0";"5,0";"3,2";"1,1";"1,1";"1,0";"0,0";"0,0";"0,0";"0,0";"5,0";"5,0";"5,0";"5,0";"4,0";"4,7";"3,0";".";".";".";"0,3";".";".";"0,0";".";".";".";".";"0,0";"0,0";"."
"Gezondheid en welzijn|Ziekenhuis (excl. buitenpolikliniek)|Aantal ziekenhuizen|Binnen 20 km";"aantal";"4,3";"9,7";"10,1";"10,0";"10,2";"10,0";"10,2";"10,0";"10,0";"10,3";"10,0";"10,0";"10,2";"10,8";"10,7";"10,1";"10,0";"10,0";"10,0";"11,3";"10,9";"13,7";"13,5";"11,0";"11,9";"12,0";"11,4";"11,6";"11,7";"12,0";"11,9";"11,3";"10,8";"11,0";"9,9";"9,3";"10,3";"9,7";"10,8";"10,5";"9,7";"10,2";"9,6";"10,5";"9,7";"9,2";"10,7";"8,8";"9,9";"9,7";"10,0";"10,1";"9,7";"9,2";"9,8";"9,4";"9,8";"9,9";"10,0";"10,3";"9,9";"10,0";"10,7";"10,0";"8,0";"8,0";"9,3";"9,0";"9,0";"9,1";"9,6";"10,0";"9,1";"9,0";"8,9";"9,5";"9,0";"9,8";"10,0";"9,0";"9,9";"9,0";"9,3";"9,0";"9,6";"8,7";"7,3";"7,8";"7,1";"3,2";"3,5";"3,0";"3,8";"10,4";"10,4";"9,0";"9,0";"9,0";"9,1";"8,9";".";".";".";"2,1";".";".";"0,0";".";".";".";".";"5,3";"5,3";"."
"Gezondheid en welzijn|Afstand tot consultatiebureau";"km";".";".";".";".";".";".";".";".";".";".";".";".";".";".";".";".";".";".";".";".";".";".";".";".";".";".";".";".";".";".";".";".";".";".";".";".";".";".";".";".";".";".";".";".";".";".";".";".";".";".";".";".";".";".";".";".";".";".";".";".";".";".";".";".";".";".";".";".";".";".";".";".";".";".";".";".";".";".";".";".";".";".";".";".";".";".";".";".";".";".";".";".";".";".";".";".";".";".";".";".";".";".";".";".";".";".";".";".";".";".";".";".";".";"."
"Gezondheid en welzijn|Fysiotherapeut|Afstand tot fysiotherapeut";"km";".";".";".";".";".";".";".";".";".";".";".";".";".";".";".";".";".";".";".";".";".";".";".";".";".";".";".";".";".";".";".";".";".";".";".";".";".";".";".";".";".";".";".";".";".";".";".";".";".";".";".";".";".";".";".";".";".";".";".";".";".";".";".";".";".";".";".";".";".";".";".";".";".";".";".";".";".";".";".";".";".";".";".";".";".";".";".";".";".";".";".";".";".";".";".";".";".";".";".";".";".";".";".";".";".";".";".";".";".";".";".";".";".";"."
"Gezondheid en welzijn|Fysiotherapeut|Aantal fysiotherapeuten|Binnen 1 km";"aantal";".";".";".";".";".";".";".";".";".";".";".";".";".";".";".";".";".";".";".";".";".";".";".";".";".";".";".";".";".";".";".";".";".";".";".";".";".";".";".";".";".";".";".";".";".";".";".";".";".";".";".";".";".";".";".";".";".";".";".";".";".";".";".";".";".";".";".";".";".";".";".";".";".";".";".";".";".";".";".";".";".";".";".";".";".";".";".";".";".";".";".";".";".";".";".";".";".";".";".";".";".";".";".";".";".";".";".";".";".";".";".";".";".";"."
"Gezondheid en welzijn|Fysiotherapeut|Aantal fysiotherapeuten|Binnen 3 km";"aantal";".";".";".";".";".";".";".";".";".";".";".";".";".";".";".";".";".";".";".";".";".";".";".";".";".";".";".";".";".";".";".";".";".";".";".";".";".";".";".";".";".";".";".";".";".";".";".";".";".";".";".";".";".";".";".";".";".";".";".";".";".";".";".";".";".";".";".";".";".";".";".";".";".";".";".";".";".";".";".";".";".";".";".";".";".";".";".";".";".";".";".";".";".";".";".";".";".";".";".";".";".";".";".";".";".";".";".";".";".";".";".";".";".";"."
"Gezondheid en welzijn|Fysiotherapeut|Aantal fysiotherapeuten|Binnen 5 km";"aantal";".";".";".";".";".";".";".";".";".";".";".";".";".";".";".";".";".";".";".";".";".";".";".";".";".";".";".";".";".";".";".";".";".";".";".";".";".";".";".";".";".";".";".";".";".";".";".";".";".";".";".";".";".";".";".";".";".";".";".";".";".";".";".";".";".";".";".";".";".";".";".";".";".";".";".";".";".";".";".";".";".";".";".";".";".";".";".";".";".";".";".";".";".";".";".";".";".";".";".";".";".";".";".";".";".";".";".";".";".";".";".";".";".";"."
"Detailhandel|Winkels dagelijkse boodschappen|Afstand tot grote supermarkt";"km";"1,0";"0,6";"0,4";"0,4";"0,4";"0,4";"0,6";"0,6";"0,5";"0,5";"0,6";"0,4";"0,7";"0,6";"0,5";"0,5";"0,4";"0,7";"0,3";"1,2";"0,4";"2,5";"3,1";"2,7";"1,0";"1,4";"0,5";"0,4";"0,6";"0,6";"0,5";"0,4";"0,4";"1,2";"0,8";"0,8";"0,6";"0,7";"2,0";"0,6";"0,5";"0,4";"0,7";"0,3";"0,3";"0,7";"1,9";"0,8";"0,7";"0,6";"0,5";"0,4";"0,8";"0,4";"0,4";"0,8";"0,5";"0,9";"0,3";"0,8";"1,6";"0,6";"0,8";"0,7";"0,5";"0,5";"0,8";"0,6";"1,9";"0,9";"0,5";"0,8";"0,8";"0,5";"1,2";"0,5";"1,4";"0,4";"0,4";"0,4";"0,5";"1,4";"0,3";"0,5";"0,7";"0,4";"0,7";"0,8";"0,6";"0,7";"1,0";"0,6";"2,7";"1,4";"1,4";"1,2";"1,2";"1,4";"1,2";"1,6";".";".";".";"8,0";".";".";"10,3";".";".";".";".";"0,6";"0,6";"."
"Detailhandel|Winkels dagelijkse boodschappen|Aantal grote supermarkten|Binnen 1 km";"aantal";"1,7";"3,3";"6,3";"7,4";"5,2";"8,1";"4,8";"1,2";"5,0";"3,7";"2,8";"3,8";"3,9";"1,4";"5,0";"5,7";"3,0";"1,2";"1,9";"2,0";"3,5";"0,0";"0,0";"0,0";"1,9";"0,0";"5,3";"4,5";"3,8";"3,3";"3,2";"7,8";"6,9";"0,0";"1,6";"1,3";"2,2";"1,9";"0,0";"2,1";"4,7";"8,2";"2,1";"5,0";"6,2";"2,6";"0,1";"0,7";"3,3";"3,6";"1,9";"4,8";"1,6";"5,0";"4,9";"2,4";"6,2";"1,4";"2,7";"1,9";"0,1";"3,6";"1,8";"0,9";"0,9";"0,9";"1,5";"1,1";"0,0";"0,7";"2,7";"1,7";"1,6";"1,6";"0,6";"5,3";"0,1";"7,4";"8,3";"3,2";"4,1";"0,0";"5,2";"6,0";"3,0";"1,0";"1,7";"1,6";"1,7";"1,6";"0,4";"2,0";"0,0";"0,2";"0,2";"0,0";"0,0";"0,3";"0,3";"0,3";".";".";".";"0,0";".";".";"0,0";".";".";".";".";"1,5";"1,5";"."
"Detailhandel|Winkels dagelijkse boodschappen|Aantal grote supermarkten|Binnen 3 km";"aantal";"11,0";"25,5";"54,5";"57,2";"51,3";"60,2";"56,0";"39,3";"44,7";"34,1";"29,6";"27,7";"31,5";"29,6";"39,6";"47,1";"27,6";"26,8";"24,1";"6,4";"8,5";"1,7";"1,0";"4,4";"5,6";"5,0";"43,9";"49,3";"50,0";"40,5";"44,9";"38,5";"44,6";"24,3";"12,1";"10,6";"24,0";"10,2";"8,2";"6,5";"35,9";"52,9";"39,8";"46,3";"37,0";"21,7";"12,4";"10,5";"32,3";"36,3";"41,7";"35,7";"37,1";"40,2";"35,9";"30,7";"40,5";"27,7";"35,9";"12,2";"10,1";"17,5";"11,8";"7,5";"1,0";"1,0";"10,5";"9,6";"2,6";"10,7";"11,8";"10,0";"11,5";"17,3";"4,5";"27,8";"9,4";"39,5";"36,4";"23,0";"26,7";"20,5";"41,8";"19,4";"34,3";"1,0";"10,7";"9,6";"11,3";"5,0";"5,3";"5,0";"1,7";"23,2";"23,2";"26,5";"26,5";"5,6";"8,9";"1,7";".";".";".";"0,0";".";".";"0,0";".";".";".";".";"3,0";"3,0";"."
"Detailhandel|Winkels dagelijkse boodschappen|Aantal grote supermarkten|Binnen 5 km";"aantal";"23,7";"62,8";"111,1";"105,7";"115,9";"117,1";"110,6";"112,3";"120,3";"95,1";"103,2";"90,0";"98,4";"80,9";"104,7";"113,8";"61,5";"62,5";"87,1";"52,0";"69,3";"8,9";"5,4";"39,4";"43,1";"31,1";"88,5";"95,8";"94,6";"88,2";"90,1";"84,8";"86,1";"81,2";"41,2";"32,5";"69,1";"34,9";"45,4";"35,0";"77,4";"90,1";"73,9";"84,2";"81,1";"67,8";"62,4";"44,3";"82,4";"87,9";"113,9";"106,5";"70,4";"80,6";"81,2";"84,5";"102,0";"97,3";"103,1";"40,6";"41,4";"62,4";"38,1";"17,7";"1,7";"1,7";"30,0";"40,1";"22,5";"38,3";"38,2";"26,0";"27,5";"36,6";"16,0";"66,9";"38,0";"87,9";"80,5";"58,1";"72,4";"49,7";"72,1";"50,2";"70,3";"6,4";"19,2";"20,4";"18,6";"7,4";"8,4";"7,1";"4,9";"56,4";"56,4";"63,6";"63,6";"23,9";"38,5";"6,7";".";".";".";"1,7";".";".";"0,0";".";".";".";".";"6,8";"6,8";"."
"Detailhandel|Winkels dagelijkse boodschappen|Afstand tot ov. dagel. levensmiddelen";"km";"0,9";"0,5";"0,3";"0,4";"0,2";"0,2";"0,4";"0,4";"0,7";"0,3";"0,4";"0,3";"0,2";"0,4";"0,2";"0,3";"0,3";"0,4";"0,7";"0,9";"0,3";"2,5";"3,4";"2,0";"0,7";"0,9";"0,3";"0,3";"0,3";"0,4";"0,4";"0,3";"0,3";"1,2";"0,6";"0,4";"0,4";"0,7";"1,2";"0,5";"0,4";"0,3";"0,3";"0,4";"0,3";"0,7";"1,6";"0,8";"0,5";"0,4";"0,6";"0,3";"0,5";"0,2";"0,3";"0,5";"0,3";"0,6";"0,4";"0,6";"1,5";"0,5";"0,5";"0,5";"0,4";"0,4";"0,9";"1,2";"1,2";"1,0";"0,5";"1,1";"0,7";"0,6";"1,1";"0,5";"1,3";"0,2";"0,2";"0,3";"0,4";"1,2";"0,2";"0,4";"0,5";"4,5";"0,6";"0,5";"0,6";"1,0";"1,2";"0,9";"2,8";"0,7";"0,7";"0,7";"0,7";"3,0";"2,0";"4,3";".";".";".";"7,6";".";".";"9,9";".";".";".";".";"0,7";"0,7";"."
"Detailhandel|Winkels dagelijkse boodschappen|Aantal overige dagelijkse levensmiddelen|Binnen 1 km";"aantal";"6,9";"17,7";"37,9";"37,2";"44,2";"53,7";"29,6";"5,0";"22,0";"35,2";"12,9";"39,4";"59,7";"21,0";"47,9";"46,3";"25,3";"14,1";"2,1";"5,8";"9,9";"0,0";"0,0";"0,0";"5,4";"0,8";"31,0";"34,7";"18,9";"24,1";"15,2";"40,7";"42,0";"0,1";"9,8";"12,7";"6,9";"9,3";"0,3";"10,9";"21,1";"39,1";"11,6";"29,0";"25,4";"11,7";"0,8";"0,7";"10,2";"19,6";"3,3";"12,7";"12,2";"36,5";"33,4";"7,9";"28,7";"5,4";"3,6";"6,0";"0,1";"8,1";"6,8";"4,2";"2,8";"2,8";"4,0";"1,5";"0,1";"2,1";"10,5";"3,9";"2,9";"6,7";"1,1";"23,0";"0,3";"44,6";"34,2";"17,2";"16,6";"0,2";"25,9";"13,2";"13,4";"0,0";"4,9";"7,0";"3,9";"1,3";"0,3";"1,7";"0,0";"0,9";"0,9";"1,0";"1,0";"0,5";"1,1";"0,0";".";".";".";"0,0";".";".";"0,0";".";".";".";".";"3,5";"3,5";"."
"Detailhandel|Winkels dagelijkse boodschappen|Aantal overige dagelijkse levensmiddelen|Binnen 3 km";"aantal";"47,1";"133,4";"314,4";"303,9";"335,9";"357,8";"351,3";"202,8";"271,7";"231,6";"200,6";"196,3";"221,1";"210,9";"261,2";"309,1";"187,3";"193,9";"171,2";"26,2";"32,7";"5,0";"2,4";"30,7";"16,7";"15,0";"268,3";"297,8";"312,0";"260,5";"293,9";"235,0";"253,5";"173,7";"69,0";"59,3";"145,5";"58,0";"32,2";"36,0";"179,7";"285,0";"209,8";"248,1";"184,0";"89,2";"49,7";"32,2";"151,4";"177,2";"218,8";"179,6";"186,8";"197,2";"174,2";"149,4";"193,7";"129,1";"151,5";"50,1";"45,1";"84,4";"43,3";"25,0";"3,0";"3,0";"28,6";"28,6";"10,5";"34,1";"37,1";"26,6";"24,6";"49,4";"10,0";"126,0";"30,7";"196,5";"173,7";"95,2";"117,5";"79,1";"206,5";"77,9";"158,3";"0,0";"29,5";"29,2";"29,6";"5,1";"5,3";"5,0";"3,1";"117,0";"117,0";"198,6";"198,6";"24,4";"43,2";"5,1";".";".";".";"0,0";".";".";"0,0";".";".";".";".";"7,0";"7,0";"."
"Detailhandel|Winkels dagelijkse boodschappen|Aantal overige dagelijkse levensmiddelen|Binnen 5 km";"aantal";"102,3";"313,5";"595,8";"572,5";"614,8";"623,8";"584,8";"606,0";"645,0";"523,1";"569,2";"505,4";"535,8";"469,9";"563,9";"602,7";"351,6";"361,3";"492,9";"313,1";"418,5";"30,1";"18,6";"236,0";"261,0";"172,5";"489,4";"514,6";"515,0";"488,9";"502,8";"476,3";"474,6";"466,9";"232,6";"195,6";"405,1";"192,2";"213,8";"178,7";"397,0";"495,9";"401,7";"454,0";"408,1";"318,3";"244,3";"202,4";"413,3";"426,5";"620,7";"557,2";"303,1";"377,3";"370,7";"429,8";"504,7";"486,8";"549,5";"179,6";"187,0";"277,6";"171,9";"65,8";"5,9";"5,9";"87,3";"134,1";"74,2";"116,7";"114,6";"75,1";"76,9";"97,4";"40,3";"321,8";"172,1";"439,9";"400,3";"257,3";"369,4";"231,1";"331,3";"222,2";"329,1";"9,8";"63,9";"67,9";"61,7";"12,2";"16,3";"10,8";"13,4";"320,5";"320,5";"364,5";"364,5";"101,7";"177,5";"14,6";".";".";".";"9,4";".";".";"0,0";".";".";".";".";"24,6";"24,6";"."
"Detailhandel|Warenhuis|Afstand tot warenhuis";"km";"2,7";"1,7";"1,1";"1,0";"1,4";"0,8";"0,5";"1,9";"2,1";"1,7";"2,5";"2,2";"1,6";"1,9";"1,1";"1,4";"1,8";"2,1";"2,8";"1,4";"0,7";"5,6";"4,0";"2,9";"1,2";"1,6";"2,1";"1,5";"1,7";"2,2";"2,1";"2,3";"2,1";"2,0";"1,3";"0,9";"2,3";"1,1";"2,6";"1,1";"1,3";"1,3";"2,4";"1,8";"0,8";"1,1";"2,3";"2,4";"1,0";"1,5";"1,3";"0,8";"2,1";"1,7";"1,6";"1,6";"0,7";"1,3";"2,1";"2,0";"2,5";"2,5";"1,2";"2,7";"5,9";"5,9";"1,6";"1,3";"3,8";"1,0";"0,9";"1,9";"2,5";"0,9";"1,5";"2,3";"3,6";"1,3";"1,4";"2,6";"2,4";"3,3";"0,7";"2,9";"1,8";"7,1";"1,8";"1,2";"2,1";"1,0";"1,6";"0,8";"4,3";"1,7";"1,7";"2,2";"2,2";"5,0";"4,3";"6,0";".";".";".";"8,4";".";".";"10,3";".";".";".";".";"1,1";"1,1";"."
"Detailhandel|Warenhuis|Aantal warenhuizen|Binnen 5 km";"aantal";"2,4";"5,0";"7,1";"6,9";"7,7";"7,1";"7,1";"7,0";"7,9";"6,8";"7,8";"6,1";"6,1";"6,0";"7,4";"8,5";"4,5";"5,5";"6,4";"4,6";"5,6";"0,2";"1,0";"5,3";"3,0";"2,9";"8,2";"9,0";"8,2";"8,2";"8,0";"8,1";"8,2";"6,0";"4,9";"3,5";"7,5";"4,3";"6,1";"5,2";"6,7";"7,7";"6,7";"8,0";"6,6";"6,1";"6,0";"4,7";"6,3";"5,5";"7,0";"6,7";"4,0";"5,1";"5,4";"5,4";"6,3";"6,4";"6,5";"2,8";"2,7";"4,0";"2,8";"1,5";"0,0";"0,0";"4,6";"5,8";"4,6";"5,5";"5,6";"4,2";"4,7";"5,0";"2,3";"3,2";"2,0";"4,7";"3,4";"3,5";"2,7";"2,6";"3,1";"2,5";"2,3";"0,0";"2,3";"2,3";"2,3";"1,6";"1,9";"1,5";"0,8";"3,6";"3,6";"5,4";"5,4";"0,9";"1,3";"0,4";".";".";".";"0,3";".";".";"0,0";".";".";".";".";"1,4";"1,4";"."
"Detailhandel|Warenhuis|Aantal warenhuizen|Binnen 10 km";"aantal";"6,8";"15,3";"19,1";"19,6";"18,6";"19,0";"19,2";"18,2";"19,2";"16,5";"16,8";"15,4";"15,7";"14,2";"18,2";"19,5";"13,0";"13,0";"15,9";"16,1";"15,8";"7,8";"12,8";"17,0";"16,1";"15,6";"18,4";"18,4";"18,0";"17,9";"18,3";"18,0";"19,1";"18,2";"17,3";"16,6";"17,1";"17,6";"19,5";"18,0";"19,2";"19,6";"20,1";"20,0";"18,8";"18,8";"20,5";"18,9";"18,4";"16,9";"19,0";"19,0";"14,6";"16,4";"16,6";"16,6";"17,9";"18,8";"17,8";"14,3";"16,0";"13,2";"15,0";"13,1";"4,2";"4,2";"15,3";"17,9";"16,1";"18,3";"19,8";"16,3";"12,6";"15,7";"8,5";"14,0";"11,6";"16,1";"15,4";"12,0";"14,9";"14,0";"14,7";"13,3";"14,4";"5,1";"4,1";"4,1";"4,1";"4,4";"4,6";"4,4";"4,8";"13,4";"13,4";"13,0";"13,0";"9,1";"12,1";"5,4";".";".";".";"1,4";".";".";"0,0";".";".";".";".";"3,1";"3,1";"."
"Detailhandel|Warenhuis|Aantal warenhuizen|Binnen 20 km";"aantal";"19,9";"39,9";"43,4";"42,5";"45,1";"43,9";"43,4";"41,8";"43,8";"43,2";"42,1";"42,2";"43,0";"44,4";"43,2";"43,8";"44,0";"44,0";"41,4";"51,7";"51,9";"54,5";"54,5";"48,5";"53,6";"53,1";"44,1";"44,7";"44,1";"44,4";"44,6";"44,0";"43,7";"47,4";"41,5";"40,3";"42,6";"41,1";"42,3";"42,5";"40,7";"42,2";"41,2";"42,3";"40,1";"40,0";"43,1";"38,5";"40,2";"41,5";"42,3";"42,5";"40,5";"41,7";"41,8";"40,7";"42,3";"42,0";"39,9";"39,5";"39,1";"39,7";"39,6";"38,9";"26,7";"26,7";"38,3";"38,5";"37,5";"40,1";"40,7";"40,5";"36,0";"39,6";"32,5";"39,0";"36,8";"41,0";"39,8";"38,3";"39,6";"38,9";"39,9";"37,8";"39,0";"30,3";"26,9";"27,5";"26,7";"23,3";"24,9";"22,8";"25,4";"51,6";"51,6";"44,0";"44,0";"34,0";"36,5";"30,7";".";".";".";"10,0";".";".";"3,0";".";".";".";".";"24,3";"24,3";"."
"Horeca|Cafés en dergelijke|Afstand tot café e.d.";"km";"1,5";"0,9";"0,3";"0,2";"0,3";"0,2";"0,2";"0,3";"0,7";"0,4";"0,5";"0,2";"0,3";"0,4";"0,3";"0,3";"0,4";"0,8";"0,9";"1,0";"0,7";"2,9";"3,7";"2,0";"0,6";"0,6";"0,3";"0,3";"0,3";"0,4";"0,5";"0,3";"0,2";"1,2";"1,6";"1,6";"0,3";"1,8";"2,9";"2,3";"0,5";"0,4";"0,4";"0,3";"0,3";"0,6";"1,8";"0,7";"0,7";"0,4";"0,4";"0,5";"0,6";"0,3";"0,3";"0,4";"0,3";"0,4";"0,3";"1,4";"0,9";"1,6";"1,2";"2,0";"5,5";"5,5";"1,6";"2,4";"0,4";"1,4";"0,5";"2,1";"0,7";"1,3";"2,8";"0,8";"1,8";"0,4";"0,4";"1,4";"0,5";"1,2";"0,6";"0,6";"0,7";"4,7";"1,0";"1,2";"0,9";"1,1";"1,6";"0,9";"2,8";"0,9";"0,9";"0,1";"0,1";"2,9";"2,0";"4,0";".";".";".";"10,6";".";".";"14,4";".";".";".";".";"0,8";"0,8";"."
"Horeca|Cafés en dergelijke|Aantal cafés e.d.|Binnen 1 km";"aantal";"2,7";"7,1";"23,1";"19,8";"25,8";"40,0";"16,5";"8,8";"15,3";"14,3";"9,0";"19,2";"19,5";"4,7";"17,6";"27,5";"2,6";"1,5";"2,8";"0,9";"0,8";"0,0";"0,0";"0,1";"1,7";"1,0";"13,8";"20,6";"7,9";"8,7";"5,3";"14,4";"21,2";"0,0";"1,1";"0,2";"5,1";"0,2";"0,0";"0,0";"8,3";"16,8";"6,1";"13,8";"8,2";"2,5";"0,4";"1,5";"4,4";"11,4";"3,7";"9,0";"4,3";"14,4";"19,9";"9,7";"22,6";"4,1";"5,9";"0,2";"0,6";"0,0";"0,4";"0,0";"0,0";"0,0";"0,5";"0,0";"1,0";"0,3";"2,0";"0,0";"1,1";"0,3";"0,0";"6,1";"0,0";"13,0";"10,2";"0,2";"7,6";"0,1";"5,7";"2,7";"4,4";"0,0";"0,7";"0,7";"0,7";"1,3";"0,0";"1,7";"0,0";"0,6";"0,6";"3,5";"3,5";"0,5";"1,1";"0,0";".";".";".";"0,0";".";".";"0,0";".";".";".";".";"1,6";"1,6";"."
"Horeca|Cafés en dergelijke|Aantal cafés e.d.|Binnen 3 km";"aantal";"22,3";"64,8";"193,8";"192,3";"195,2";"214,6";"202,2";"158,7";"163,7";"122,7";"125,2";"104,3";"112,1";"92,1";"144,0";"175,9";"69,4";"76,4";"101,8";"9,4";"12,3";"0,8";"0,8";"10,7";"5,6";"3,4";"142,9";"175,7";"171,3";"137,7";"150,9";"119,7";"136,1";"69,2";"18,5";"12,0";"59,7";"10,1";"4,8";"3,4";"100,7";"165,7";"104,1";"135,4";"107,4";"43,0";"10,5";"15,6";"91,9";"90,0";"145,8";"113,0";"71,4";"87,8";"80,5";"82,6";"105,0";"80,3";"112,7";"10,2";"17,8";"20,8";"6,1";"2,3";"0,0";"0,0";"2,8";"2,7";"1,0";"3,7";"4,0";"2,5";"2,5";"4,7";"0,9";"46,2";"4,2";"92,3";"74,7";"20,2";"43,7";"22,7";"83,2";"14,9";"60,7";"0,0";"4,0";"3,7";"4,2";"3,0";"3,0";"3,0";"1,4";"36,9";"36,9";"76,4";"76,4";"8,2";"15,8";"0,7";".";".";".";"0,0";".";".";"0,0";".";".";".";".";"4,1";"4,1";"."
"Horeca|Cafés en dergelijke|Aantal cafés e.d.|Binnen 5 km";"aantal";"48,1";"152,9";"324,6";"318,7";"327,7";"336,8";"308,5";"334,7";"337,7";"272,4";"299,8";"259,7";"274,5";"239,6";"296,4";"318,7";"177,6";"190,0";"259,0";"139,7";"205,4";"6,5";"4,4";"100,9";"97,7";"50,4";"255,3";"278,5";"271,8";"255,4";"258,0";"246,3";"247,7";"241,3";"94,7";"80,3";"194,4";"71,3";"70,4";"54,6";"228,4";"279,2";"216,8";"242,4";"242,3";"186,8";"94,3";"123,8";"250,8";"221,1";"328,0";"296,8";"130,8";"196,4";"186,5";"241,8";"268,4";"267,3";"306,5";"59,8";"81,0";"92,2";"58,3";"9,5";"0,0";"0,0";"10,4";"31,9";"13,0";"17,7";"14,8";"6,0";"6,1";"7,6";"3,2";"156,2";"47,4";"236,8";"216,5";"93,9";"201,4";"95,8";"167,3";"78,4";"176,5";"2,4";"15,0";"16,8";"14,1";"4,7";"5,5";"4,5";"2,8";"122,7";"122,7";"189,2";"189,2";"45,4";"87,2";"1,7";".";".";".";"3,1";".";".";"0,0";".";".";".";".";"13,5";"13,5";"."
"Horeca|Cafetaria's en dergelijke|Afstand tot cafetaria e.d.";"km";"0,8";"0,5";"0,2";"0,2";"0,2";"0,2";"0,2";"0,2";"0,4";"0,3";"0,3";"0,3";"0,2";"0,4";"0,3";"0,3";"0,3";"0,6";"0,5";"0,8";"0,4";"2,5";"2,5";"1,5";"0,6";"0,5";"0,3";"0,2";"0,4";"0,3";"0,4";"0,3";"0,3";"1,2";"0,5";"0,5";"0,3";"0,5";"0,8";"0,5";"0,4";"0,3";"0,4";"0,4";"0,3";"0,5";"1,3";"0,8";"0,5";"0,4";"0,3";"0,3";"0,6";"0,3";"0,4";"0,4";"0,3";"0,5";"0,4";"0,5";"0,6";"0,5";"0,5";"0,6";"0,5";"0,5";"0,8";"0,9";"0,3";"0,9";"0,5";"1,0";"0,7";"0,4";"1,1";"0,4";"1,0";"0,4";"0,3";"0,4";"0,4";"0,5";"0,2";"0,5";"0,6";"0,8";"0,6";"0,8";"0,6";"0,8";"1,3";"0,6";"2,4";"0,4";"0,4";"0,8";"0,8";"1,5";"1,2";"2,0";".";".";".";"2,6";".";".";"2,6";".";".";".";".";"0,5";"0,5";"."
"Horeca|Cafetaria's en dergelijke|Aantal cafetaria's e.d.|Binnen 1 km";"aantal";"5,8";"14,6";"72,2";"86,7";"43,5";"116,3";"65,7";"7,4";"27,2";"19,8";"12,3";"25,5";"29,5";"6,7";"24,1";"36,1";"6,1";"5,2";"3,4";"1,9";"2,6";"0,0";"0,0";"0,2";"2,4";"1,9";"22,5";"32,2";"16,4";"17,5";"10,7";"23,6";"30,9";"0,0";"4,2";"3,9";"7,7";"2,8";"1,3";"3,6";"16,1";"44,2";"7,1";"19,7";"13,8";"7,6";"0,4";"1,4";"7,6";"15,8";"14,9";"14,1";"9,2";"21,0";"27,2";"12,6";"22,2";"5,7";"5,3";"3,0";"1,6";"2,9";"3,6";"2,4";"1,9";"1,9";"3,8";"1,1";"1,0";"0,8";"6,3";"1,7";"2,1";"15,8";"1,8";"12,8";"0,5";"23,3";"20,8";"7,6";"10,4";"2,0";"34,6";"5,5";"11,9";"0,6";"2,5";"2,6";"2,5";"3,3";"0,6";"4,2";"0,0";"3,0";"3,0";"1,9";"1,9";"0,5";"0,6";"0,0";".";".";".";"0,0";".";".";"0,0";".";".";".";".";"4,1";"4,1";"."
"Horeca|Cafetaria's en dergelijke|Aantal cafetaria's e.d.|Binnen 3 km";"aantal";"46,1";"143,2";"420,1";"421,2";"422,4";"450,4";"427,7";"359,9";"362,3";"214,0";"193,6";"140,3";"163,0";"133,7";"275,9";"386,6";"99,3";"106,9";"138,7";"18,8";"23,0";"2,2";"2,4";"22,5";"12,3";"9,9";"336,6";"396,1";"392,2";"328,3";"320,7";"303,3";"337,8";"100,0";"38,9";"28,6";"100,3";"28,3";"16,5";"16,3";"259,1";"384,0";"275,7";"343,6";"287,1";"118,9";"54,3";"35,4";"259,7";"179,5";"336,5";"229,2";"142,4";"170,9";"154,1";"148,2";"200,1";"157,8";"279,6";"33,0";"36,2";"53,1";"28,6";"16,1";"2,0";"2,0";"30,9";"28,5";"9,7";"38,2";"44,9";"28,0";"28,0";"51,4";"9,1";"101,7";"20,0";"170,9";"135,3";"76,4";"91,3";"53,2";"159,4";"62,1";"120,5";"2,8";"16,8";"16,5";"17,0";"11,1";"11,6";"11,0";"3,0";"55,5";"55,5";"109,0";"109,0";"14,8";"25,1";"3,3";".";".";".";"1,7";".";".";"1,0";".";".";".";".";"9,1";"9,1";"."
"Horeca|Cafetaria's en dergelijke|Aantal cafetaria's e.d.|Binnen 5 km";"aantal";"99,9";"322,7";"622,9";"620,1";"618,6";"637,1";"591,2";"641,0";"654,6";"531,7";"595,8";"522,6";"543,8";"490,4";"570,0";"607,6";"309,2";"338,0";"527,0";"261,1";"367,8";"18,0";"14,9";"242,2";"164,3";"92,5";"523,8";"545,9";"536,9";"521,7";"526,2";"512,2";"520,1";"492,8";"211,8";"177,5";"440,7";"150,0";"179,7";"120,5";"487,9";"551,7";"482,8";"518,0";"504,6";"438,0";"227,9";"332,7";"511,7";"484,4";"646,6";"612,4";"279,1";"468,8";"445,5";"533,1";"580,9";"574,1";"615,4";"137,8";"178,9";"207,8";"128,0";"48,5";"3,5";"3,5";"79,6";"134,6";"65,8";"109,4";"104,2";"67,3";"68,0";"90,9";"30,2";"309,6";"123,0";"514,5";"408,4";"196,1";"360,0";"185,1";"350,4";"160,6";"312,3";"10,6";"41,8";"47,3";"38,9";"18,5";"22,3";"17,3";"11,2";"209,6";"209,6";"342,1";"342,1";"91,5";"163,3";"11,3";".";".";".";"9,7";".";".";"1,0";".";".";".";".";"19,6";"19,6";"."
"Horeca|Restaurants|Afstand tot restaurant";"km";"0,9";"0,5";"0,1";"0,1";"0,2";"0,1";"0,2";"0,2";"0,3";"0,3";"0,2";"0,2";"0,2";"0,4";"0,3";"0,3";"0,3";"0,5";"0,3";"0,9";"0,4";"0,5";"2,5";"1,8";"0,8";"1,0";"0,3";"0,2";"0,2";"0,4";"0,4";"0,3";"0,2";"1,2";"0,5";"0,4";"0,3";"0,6";"0,9";"0,6";"0,3";"0,3";"0,4";"0,3";"0,2";"0,3";"0,9";"0,7";"0,2";"0,4";"0,1";"0,3";"0,5";"0,4";"0,3";"0,3";"0,3";"0,6";"0,3";"0,6";"0,7";"0,4";"0,5";"0,7";"0,5";"0,5";"0,8";"0,9";"0,3";"0,8";"0,3";"1,0";"0,7";"0,6";"1,1";"0,4";"0,9";"0,3";"0,4";"0,4";"0,5";"1,0";"0,3";"0,5";"0,6";"0,5";"0,7";"0,7";"0,7";"0,7";"0,7";"0,6";"2,4";"1,2";"1,2";"0,5";"0,5";"1,1";"1,0";"1,2";".";".";".";"2,3";".";".";"2,9";".";".";".";".";"0,7";"0,7";"."
"Horeca|Restaurants|Aantal restaurants|Binnen 1 km";"aantal";"8,0";"15,3";"75,3";"87,6";"51,1";"114,1";"67,8";"20,0";"35,2";"20,8";"20,1";"22,5";"26,4";"7,6";"25,3";"38,9";"3,8";"3,3";"6,9";"4,1";"6,7";"0,8";"0,2";"0,1";"4,0";"0,6";"26,1";"38,8";"18,3";"15,5";"10,6";"29,1";"38,4";"0,2";"8,4";"7,5";"12,3";"11,3";"0,9";"6,6";"23,8";"56,6";"8,6";"21,6";"26,4";"13,6";"1,5";"2,0";"16,3";"11,5";"23,6";"15,0";"4,7";"10,7";"11,0";"19,4";"19,0";"5,0";"8,0";"3,6";"2,8";"6,8";"3,1";"0,8";"1,6";"1,6";"3,4";"1,0";"2,9";"1,9";"8,6";"2,2";"3,4";"6,2";"1,7";"9,3";"0,7";"19,4";"16,1";"4,5";"5,9";"0,3";"12,1";"5,1";"7,7";"1,0";"3,0";"3,4";"2,7";"4,0";"1,9";"4,7";"0,0";"0,5";"0,5";"1,4";"1,4";"0,7";"1,1";"0,3";".";".";".";"0,0";".";".";"0,0";".";".";".";".";"4,2";"4,2";"."
"Horeca|Restaurants|Aantal restaurants|Binnen 3 km";"aantal";"65,6";"150,1";"484,4";"497,2";"468,0";"521,3";"479,6";"423,0";"393,8";"234,5";"225,6";"158,0";"185,9";"148,2";"295,5";"412,7";"107,3";"120,7";"162,6";"23,1";"26,4";"3,8";"2,9";"26,8";"17,8";"14,9";"361,9";"437,4";"417,7";"339,1";"344,1";"319,8";"371,3";"111,1";"65,7";"55,0";"136,0";"54,5";"30,5";"40,8";"296,5";"439,6";"305,4";"388,9";"321,5";"151,2";"55,4";"58,5";"293,5";"162,1";"341,2";"241,1";"100,6";"135,7";"129,5";"136,0";"185,1";"161,7";"311,8";"30,2";"33,5";"44,0";"30,5";"9,5";"2,0";"2,0";"28,0";"30,8";"12,0";"35,7";"36,6";"25,1";"24,1";"43,1";"12,0";"64,8";"12,5";"125,5";"85,1";"45,1";"54,4";"35,9";"102,7";"32,6";"70,6";"1,6";"16,9";"17,1";"16,8";"21,5";"25,6";"20,3";"4,3";"75,5";"75,5";"120,8";"120,8";"10,6";"18,1";"2,5";".";".";".";"2,0";".";".";"0,9";".";".";".";".";"9,3";"9,3";"."
"Horeca|Restaurants|Aantal restaurants|Binnen 5 km";"aantal";"143,6";"357,1";"687,8";"686,0";"688,8";"695,3";"676,2";"687,4";"697,2";"603,1";"648,1";"596,0";"620,3";"547,8";"661,7";"698,3";"350,7";"389,6";"570,1";"299,3";"414,6";"17,7";"20,6";"278,0";"195,7";"122,9";"636,4";"666,1";"653,6";"634,0";"630,4";"629,1";"633,5";"556,8";"263,5";"218,7";"522,1";"201,1";"227,6";"165,6";"584,0";"655,5";"584,8";"633,3";"605,7";"519,1";"297,3";"386,4";"608,5";"496,6";"694,5";"656,7";"262,1";"463,3";"438,5";"549,6";"610,8";"616,2";"666,0";"118,8";"161,6";"169,5";"109,6";"52,5";"5,2";"5,2";"89,0";"160,2";"86,2";"122,1";"112,1";"74,0";"72,4";"95,5";"42,5";"293,2";"81,7";"520,0";"413,0";"154,7";"357,9";"142,2";"342,0";"116,4";"317,1";"8,9";"53,5";"59,8";"50,1";"38,6";"42,4";"37,5";"17,0";"235,8";"235,8";"392,7";"392,7";"73,7";"133,0";"11,5";".";".";".";"12,1";".";".";"0,9";".";".";".";".";"32,1";"32,1";"."
"Horeca|Hotels en dergelijke|Afstand tot hotel e.d.";"km";"2,7";"1,8";"0,4";"0,4";"0,4";"0,3";"0,2";"0,4";"0,6";"1,2";"0,7";"1,4";"1,3";"1,9";"0,8";"0,4";"2,6";"2,8";"1,2";"1,8";"1,6";"4,5";"3,8";"2,5";"1,5";"0,8";"1,3";"0,7";"0,5";"1,3";"1,3";"1,5";"1,5";"0,8";"3,6";"4,1";"2,6";"4,4";"2,3";"3,4";"1,0";"0,9";"1,9";"1,3";"0,8";"1,2";"1,1";"1,2";"0,5";"0,9";"0,4";"0,8";"1,1";"1,1";"1,0";"0,6";"0,9";"1,1";"0,7";"3,0";"3,4";"2,2";"2,6";"4,7";"0,6";"0,6";"2,1";"2,6";"2,7";"2,1";"0,9";"2,1";"1,7";"1,6";"3,5";"1,9";"1,6";"0,9";"1,8";"2,2";"2,5";"1,7";"1,3";"1,9";"2,0";"4,6";"3,9";"3,7";"4,0";"0,9";"1,6";"0,7";"2,9";"2,6";"2,6";"2,7";"2,7";"3,5";"3,4";"4,0";".";".";".";"5,6";".";".";"7,1";".";".";".";".";"1,0";"1,0";"."
"Horeca|Hotels en dergelijke|Aantal hotels e.d.|Binnen 5 km";"aantal";"17,6";"34,7";"67,5";"68,0";"66,2";"68,3";"66,6";"68,0";"67,6";"62,3";"65,6";"63,6";"63,8";"60,2";"64,9";"64,7";"47,1";"52,7";"63,5";"28,6";"42,5";"1,4";"2,4";"24,6";"16,8";"6,0";"64,6";"64,9";"64,0";"65,8";"64,8";"64,2";"64,2";"59,8";"18,0";"13,4";"54,4";"8,0";"8,2";"3,7";"61,6";"67,3";"62,2";"65,7";"64,6";"56,0";"12,5";"40,6";"64,4";"52,5";"67,1";"66,4";"25,1";"52,9";"48,5";"61,5";"65,2";"63,5";"67,9";"5,8";"12,7";"7,3";"5,4";"0,9";"2,0";"2,0";"3,6";"6,4";"2,6";"5,0";"4,4";"3,0";"3,4";"3,2";"1,9";"31,1";"4,0";"59,9";"50,8";"6,0";"45,3";"12,6";"38,6";"5,3";"40,5";"1,0";"2,2";"2,2";"2,1";"3,3";"3,7";"3,2";"1,7";"23,8";"23,8";"52,4";"52,4";"8,5";"15,3";"2,1";".";".";".";"0,7";".";".";"0,0";".";".";".";".";"3,0";"3,0";"."
"Horeca|Hotels en dergelijke|Aantal hotels e.d.|Binnen 10 km";"aantal";"42,8";"67,7";"83,4";"82,7";"84,2";"83,8";"83,1";"83,4";"85,3";"83,8";"85,1";"83,5";"83,5";"83,5";"83,6";"84,5";"82,7";"83,0";"83,6";"84,2";"84,1";"46,1";"80,9";"80,8";"87,4";"82,2";"81,8";"82,1";"82,0";"82,0";"82,1";"82,0";"81,2";"83,2";"76,0";"76,6";"79,6";"74,1";"74,7";"73,3";"79,1";"82,2";"78,4";"79,8";"79,1";"77,4";"76,0";"75,7";"79,8";"77,6";"80,9";"80,6";"74,6";"75,9";"75,8";"78,6";"80,8";"79,3";"79,7";"71,8";"73,2";"73,4";"72,9";"66,4";"12,5";"12,5";"48,1";"73,1";"73,4";"71,5";"70,2";"54,5";"15,5";"64,1";"4,4";"76,8";"74,8";"79,3";"79,7";"75,2";"79,6";"76,4";"75,9";"75,7";"77,7";"44,4";"8,1";"9,4";"7,4";"8,5";"8,8";"8,4";"7,4";"82,3";"82,3";"83,0";"83,0";"53,8";"71,7";"30,5";".";".";".";"3,3";".";".";"1,9";".";".";".";".";"10,3";"10,3";"."
"Horeca|Hotels en dergelijke|Aantal hotels e.d.|Binnen 20 km";"aantal";"99,4";"116,5";"126,3";"125,3";"129,2";"126,8";"127,4";"121,1";"128,0";"128,1";"128,3";"127,4";"127,5";"126,5";"128,9";"129,9";"127,6";"127,1";"126,1";"164,5";"166,4";"185,3";"180,3";"146,0";"173,8";"174,5";"127,5";"127,1";"127,0";"128,6";"131,1";"125,6";"125,8";"140,3";"124,5";"123,1";"124,6";"124,5";"122,2";"128,3";"122,5";"125,2";"123,1";"124,4";"121,4";"122,6";"121,2";"119,0";"121,0";"116,6";"122,4";"121,0";"108,8";"116,1";"115,4";"118,3";"120,5";"120,5";"121,6";"104,8";"106,3";"105,5";"104,8";"103,3";"98,3";"98,3";"108,9";"108,4";"105,8";"111,4";"118,1";"115,3";"101,7";"109,3";"95,0";"110,4";"99,9";"118,2";"117,5";"101,6";"115,4";"109,7";"114,2";"102,9";"114,8";"96,1";"98,3";"98,7";"98,1";"70,4";"84,3";"65,8";"70,9";"157,6";"157,6";"126,5";"126,5";"103,3";"107,3";"99,3";".";".";".";"39,6";".";".";"9,0";".";".";".";".";"82,3";"82,3";"."
"Kinderopvang|Kinderdagverblijf|Afstand tot kinderdagverblijf";"km";"0,7";"0,5";"0,5";"0,6";"0,4";"0,4";"0,4";"1,0";"0,5";"0,4";"0,4";"0,4";"0,2";"0,3";"0,3";"0,4";"0,4";"0,5";"0,4";"0,5";"0,4";"2,3";"2,5";"0,6";"0,6";"1,0";"0,4";"0,6";"0,6";"0,3";"0,6";"0,4";"0,3";"1,1";"0,4";"0,4";"0,4";"0,4";"0,6";"0,4";"0,4";"0,4";"0,4";"0,3";"0,4";"0,4";"0,9";"0,7";"0,4";"0,5";"0,9";"0,2";"0,6";"0,5";"0,3";"0,5";"0,4";"0,4";"0,7";"0,5";"1,0";"0,6";"0,5";"0,3";"0,6";"0,6";"0,6";"1,0";"1,1";"0,4";"0,5";"0,5";"0,4";"0,5";"0,7";"0,4";"1,2";"0,3";"0,4";"0,4";"0,4";"0,9";"1,0";"0,3";"0,5";"0,5";"0,5";"0,4";"0,6";"0,6";"1,3";"0,4";"2,5";"1,4";"1,4";"1,1";"1,1";"1,6";"1,4";"1,6";".";".";".";"8,0";".";".";"10,4";".";".";".";".";"0,6";"0,6";"."
"Kinderopvang|Kinderdagverblijf|Aantal kinderdagverblijven|Binnen 1 km";"aantal";"2,8";"5,1";"4,4";"3,9";"7,0";"5,2";"1,6";"0,4";"4,4";"8,4";"3,9";"8,2";"11,7";"9,4";"10,0";"10,3";"6,8";"5,3";"2,1";"2,0";"2,1";"0,0";"0,0";"2,1";"2,0";"0,6";"7,5";"3,9";"2,5";"9,1";"4,7";"9,8";"9,9";"0,0";"4,3";"5,7";"4,2";"2,2";"2,5";"4,1";"6,4";"8,6";"5,3";"10,3";"6,8";"5,2";"1,6";"1,3";"3,4";"6,0";"1,8";"10,6";"3,7";"5,6";"7,1";"3,7";"9,3";"6,7";"1,1";"4,0";"1,0";"3,6";"3,9";"6,4";"0,9";"0,9";"2,6";"2,3";"0,2";"3,9";"2,7";"1,7";"4,2";"2,7";"1,5";"6,6";"0,5";"7,9";"9,0";"4,5";"5,2";"1,0";"2,8";"9,1";"4,3";"2,7";"2,5";"3,6";"1,9";"3,6";"0,3";"4,7";"0,0";"0,2";"0,2";"0,2";"0,2";"0,2";"0,3";"0,2";".";".";".";"0,0";".";".";"0,0";".";".";".";".";"2,4";"2,4";"."
"Kinderopvang|Kinderdagverblijf|Aantal kinderdagverblijven|Binnen 3 km";"aantal";"19,2";"40,9";"72,2";"73,8";"76,1";"77,0";"83,9";"35,4";"58,6";"60,9";"54,7";"57,1";"60,2";"58,8";"65,4";"73,4";"54,8";"54,0";"47,2";"14,8";"14,5";"3,1";"1,5";"24,6";"9,0";"12,6";"68,7";"75,8";"76,0";"70,1";"72,1";"62,8";"65,1";"51,3";"32,7";"30,7";"57,8";"29,1";"16,5";"21,4";"46,7";"69,2";"50,1";"59,6";"47,0";"32,5";"22,7";"15,7";"38,6";"54,0";"49,6";"53,1";"56,5";"64,6";"56,8";"44,8";"62,2";"37,0";"33,7";"26,4";"23,4";"33,5";"25,7";"20,7";"1,0";"1,0";"20,8";"24,3";"6,4";"23,6";"25,5";"18,2";"21,6";"28,7";"11,5";"41,1";"16,7";"63,9";"53,0";"33,3";"34,7";"31,0";"62,4";"29,7";"46,7";"3,0";"15,4";"15,9";"15,1";"7,2";"8,0";"7,0";"3,2";"33,7";"33,7";"54,6";"54,6";"9,8";"15,2";"3,0";".";".";".";"0,0";".";".";"0,0";".";".";".";".";"6,0";"6,0";"."
"Kinderopvang|Kinderdagverblijf|Aantal kinderdagverblijven|Binnen 5 km";"aantal";"43,9";"104,6";"180,4";"173,9";"185,6";"189,3";"174,5";"184,6";"190,8";"143,5";"150,1";"127,3";"144,5";"125,3";"155,8";"176,6";"108,5";"104,6";"125,5";"96,6";"121,8";"14,8";"10,9";"75,0";"87,4";"65,0";"154,6";"166,9";"155,3";"153,3";"148,7";"155,9";"155,3";"130,3";"89,8";"77,3";"123,9";"85,5";"94,6";"82,8";"125,9";"154,3";"122,6";"143,7";"130,4";"105,0";"107,3";"65,3";"128,9";"131,2";"179,8";"159,9";"118,0";"117,1";"118,1";"117,3";"145,5";"138,6";"157,0";"82,3";"79,3";"114,1";"81,8";"43,5";"3,3";"3,3";"57,8";"74,3";"44,7";"73,2";"75,3";"49,8";"50,3";"71,8";"34,4";"106,3";"63,2";"129,5";"126,7";"101,8";"116,0";"75,3";"114,9";"79,4";"114,3";"11,4";"29,0";"30,4";"28,2";"13,8";"16,3";"13,0";"10,4";"111,4";"111,4";"105,9";"105,9";"35,9";"55,3";"12,5";".";".";".";"3,1";".";".";"0,0";".";".";".";".";"9,7";"9,7";"."
"Kinderopvang|Buitenschoolse opvang|Afstand tot buitenschoolse opvang";"km";"0,7";"0,5";"0,7";"0,6";"0,6";"0,6";"1,0";"1,4";"0,9";"0,4";"0,5";"0,5";"0,3";"0,3";"0,5";"0,4";"0,5";"0,5";"0,8";"0,6";"0,5";"2,3";"2,7";"0,5";"0,6";"1,0";"0,5";"0,8";"0,5";"0,5";"0,5";"0,5";"0,4";"1,1";"0,4";"0,3";"0,4";"0,6";"0,7";"0,4";"0,5";"0,5";"0,4";"0,3";"0,5";"0,4";"0,9";"0,7";"0,7";"0,5";"1,4";"0,4";"0,5";"0,6";"0,4";"0,5";"0,5";"0,4";"0,7";"0,6";"1,1";"0,6";"0,5";"0,3";"0,5";"0,5";"0,6";"1,1";"1,1";"0,4";"0,6";"0,5";"0,5";"0,5";"0,8";"0,5";"1,3";"0,3";"0,6";"0,4";"0,5";"0,9";"1,0";"0,4";"0,6";"0,5";"0,6";"0,6";"0,6";"0,7";"1,3";"0,5";"2,6";"1,4";"1,4";"1,1";"1,1";"1,6";"1,4";"1,6";".";".";".";"7,8";".";".";"10,1";".";".";".";".";"0,6";"0,6";"."
"Kinderopvang|Buitenschoolse opvang|Aantal buitenschoolse opvang|Binnen 1 km";"aantal";"2,2";"3,5";"2,7";"3,1";"3,5";"2,8";"0,9";"0,0";"3,2";"6,5";"5,0";"5,8";"9,8";"7,8";"6,3";"7,9";"6,2";"4,3";"2,2";"2,8";"2,9";"0,0";"0,0";"2,4";"3,1";"0,9";"4,7";"2,5";"2,7";"5,5";"4,3";"4,3";"5,8";"0,1";"4,3";"5,9";"2,8";"2,2";"1,0";"5,6";"4,0";"4,5";"3,6";"6,0";"4,4";"4,3";"0,9";"1,0";"1,7";"3,8";"0,4";"6,6";"3,4";"2,8";"3,6";"2,5";"7,1";"3,9";"0,8";"2,5";"0,7";"2,0";"2,6";"3,9";"2,7";"2,7";"1,9";"1,8";"0,2";"3,1";"2,1";"1,3";"1,9";"1,8";"2,1";"3,6";"0,2";"5,4";"5,2";"2,5";"3,5";"0,8";"1,5";"3,0";"2,1";"1,8";"1,5";"2,3";"1,0";"3,1";"0,3";"4,0";"0,0";"0,2";"0,2";"0,2";"0,2";"0,2";"0,2";"0,2";".";".";".";"0,0";".";".";"0,0";".";".";".";".";"1,9";"1,9";"."
"Kinderopvang|Buitenschoolse opvang|Aantal buitenschoolse opvang|Binnen 3 km";"aantal";"14,7";"28,8";"48,7";"47,6";"55,1";"52,5";"52,8";"25,6";"45,8";"45,8";"41,3";"42,6";"46,0";"45,0";"49,6";"54,4";"39,9";"38,3";"34,8";"14,2";"13,7";"3,7";"1,6";"21,1";"10,8";"13,6";"46,4";"47,8";"49,3";"46,9";"48,4";"43,8";"45,2";"41,6";"27,7";"26,5";"43,1";"27,0";"14,8";"20,1";"31,5";"46,0";"32,0";"39,1";"31,4";"23,4";"19,5";"13,2";"27,0";"36,5";"33,0";"35,4";"37,6";"44,7";"39,0";"29,4";"41,3";"25,7";"23,0";"17,8";"15,4";"22,8";"16,9";"14,8";"3,0";"3,0";"16,2";"21,2";"8,3";"19,4";"19,4";"12,5";"15,3";"21,6";"12,2";"25,2";"8,7";"42,4";"31,4";"21,7";"19,5";"15,9";"39,7";"16,8";"28,0";"2,0";"10,3";"11,2";"9,8";"6,2";"7,0";"6,0";"3,1";"27,9";"27,9";"40,7";"40,7";"5,3";"8,6";"1,6";".";".";".";"0,0";".";".";"0,0";".";".";".";".";"5,0";"5,0";"."
"Kinderopvang|Buitenschoolse opvang|Aantal buitenschoolse opvang|Binnen 5 km";"aantal";"33,7";"75,6";"127,6";"123,5";"132,5";"132,8";"129,8";"123,3";"128,8";"103,9";"104,4";"91,9";"104,2";"94,5";"111,2";"125,8";"86,5";"83,6";"89,4";"74,1";"89,5";"16,5";"11,9";"60,2";"69,4";"53,0";"117,0";"126,1";"116,8";"117,0";"113,1";"119,5";"116,5";"98,3";"70,1";"62,2";"93,7";"67,3";"72,4";"64,0";"90,4";"113,0";"84,6";"103,2";"93,1";"73,5";"80,5";"49,9";"93,6";"87,1";"122,5";"110,4";"77,4";"74,5";"75,7";"79,1";"97,2";"94,3";"107,2";"55,9";"53,0";"76,2";"56,5";"28,8";"5,9";"5,9";"49,0";"60,2";"40,8";"61,0";"63,0";"41,2";"45,0";"59,9";"32,5";"71,4";"43,0";"87,4";"86,2";"68,9";"78,3";"47,6";"76,1";"51,9";"75,8";"5,1";"19,1";"19,8";"18,7";"13,4";"16,2";"12,6";"10,8";"93,3";"93,3";"83,8";"83,8";"22,8";"34,4";"9,3";".";".";".";"1,7";".";".";"0,0";".";".";".";".";"9,5";"9,5";"."
"Onderwijs|Basisonderwijs|Afstand tot school";"km";"0,8";"0,6";"0,7";"0,7";"0,5";"0,7";"1,0";"1,2";"1,0";"0,5";"0,5";"0,4";"0,4";"0,4";"0,4";"0,5";"0,5";"0,7";"0,6";"0,7";"0,5";"2,3";"2,7";"0,7";"0,7";"1,0";"0,5";"0,6";"0,8";"0,5";"0,6";"0,6";"0,4";"1,4";"0,6";"0,4";"0,5";"0,8";"1,3";"0,4";"0,6";"0,5";"0,4";"0,4";"0,6";"0,8";"1,7";"0,7";"1,0";"0,5";"0,9";"0,3";"0,6";"0,4";"0,5";"0,5";"0,5";"0,5";"1,4";"0,6";"1,3";"0,6";"0,6";"0,4";"0,6";"0,6";"0,7";"1,2";"1,1";"0,4";"0,6";"0,6";"0,6";"1,0";"1,0";"0,6";"1,3";"0,4";"0,6";"0,5";"0,4";"0,9";"1,1";"0,4";"0,7";"4,6";"0,6";"0,5";"0,7";"0,8";"1,5";"0,5";"2,6";"1,5";"1,5";"1,3";"1,3";"3,0";"2,1";"4,2";".";".";".";"7,8";".";".";"10,1";".";".";".";".";"0,8";"0,8";"."
"Onderwijs|Basisonderwijs|Aantal scholen|Binnen 1 km";"aantal";"1,6";"2,4";"1,9";"2,1";"2,6";"2,0";"0,3";"0,2";"0,9";"3,6";"1,4";"4,4";"5,3";"4,0";"4,0";"3,4";"3,4";"2,1";"1,2";"1,4";"1,5";"0,0";"0,0";"1,6";"1,3";"0,6";"3,2";"1,8";"1,5";"4,4";"3,0";"2,9";"3,9";"0,1";"2,4";"3,4";"1,5";"0,9";"0,3";"3,7";"2,7";"4,1";"2,2";"4,8";"2,3";"2,9";"0,1";"0,7";"0,4";"3,3";"0,7";"4,5";"1,8";"4,6";"4,3";"2,0";"5,0";"2,7";"0,0";"1,9";"0,3";"2,5";"1,7";"2,3";"1,8";"1,8";"1,3";"0,8";"0,2";"2,0";"1,7";"1,4";"1,4";"0,9";"0,9";"3,2";"0,4";"3,9";"3,8";"2,4";"3,6";"0,7";"1,2";"3,6";"1,8";"0,0";"1,4";"1,4";"1,4";"1,7";"0,0";"2,3";"0,0";"0,1";"0,1";"0,0";"0,0";"0,1";"0,3";"0,0";".";".";".";"0,0";".";".";"0,0";".";".";".";".";"1,5";"1,5";"."
"Onderwijs|Basisonderwijs|Aantal scholen|Binnen 3 km";"aantal";"9,8";"19,2";"29,5";"29,3";"33,8";"31,3";"33,7";"11,2";"26,1";"27,2";"23,7";"24,5";"26,1";"26,2";"30,0";"33,5";"25,2";"23,2";"19,7";"7,3";"8,6";"2,9";"0,9";"10,4";"4,1";"5,0";"29,4";"32,1";"31,9";"31,2";"30,0";"27,2";"27,8";"23,8";"15,0";"13,2";"26,4";"14,4";"8,9";"10,1";"19,9";"29,6";"20,7";"26,6";"19,9";"13,8";"12,8";"5,7";"16,9";"28,5";"24,9";"27,6";"30,8";"34,0";"29,9";"23,8";"31,6";"21,4";"15,0";"12,3";"10,5";"17,5";"11,7";"8,1";"2,0";"2,0";"10,5";"11,0";"2,2";"11,0";"11,5";"10,2";"10,5";"14,3";"6,9";"21,6";"8,3";"34,7";"27,7";"17,2";"18,3";"15,6";"33,8";"15,1";"24,4";"0,0";"8,6";"8,3";"8,8";"3,2";"3,7";"3,0";"2,1";"15,4";"15,4";"23,8";"23,8";"4,4";"7,3";"1,1";".";".";".";"0,0";".";".";"0,0";".";".";".";".";"4,0";"4,0";"."
"Onderwijs|Basisonderwijs|Aantal scholen|Binnen 5 km";"aantal";"22,0";"48,8";"81,9";"78,2";"85,1";"86,6";"78,8";"84,4";"86,8";"64,2";"69,0";"58,6";"64,6";"57,6";"66,9";"77,1";"51,4";"49,4";"58,3";"42,7";"52,6";"8,6";"5,7";"33,8";"39,6";"31,0";"66,9";"74,0";"68,6";"67,4";"65,3";"66,6";"65,8";"57,7";"41,8";"35,8";"54,6";"40,9";"43,3";"41,5";"52,0";"66,5";"51,1";"59,7";"52,5";"42,0";"48,1";"27,4";"53,4";"62,6";"84,5";"73,8";"59,2";"57,2";"57,2";"55,2";"67,3";"65,0";"69,3";"40,7";"38,8";"58,1";"40,1";"20,3";"2,7";"2,7";"31,1";"34,9";"23,9";"35,9";"39,5";"27,3";"30,5";"37,8";"20,8";"52,7";"33,3";"61,4";"60,2";"54,1";"55,4";"37,5";"57,3";"42,9";"54,8";"4,1";"16,2";"16,7";"15,9";"7,1";"8,9";"6,5";"6,2";"53,2";"53,2";"50,0";"50,0";"17,1";"26,5";"6,0";".";".";".";"1,4";".";".";"0,0";".";".";".";".";"7,2";"7,2";"."
"Onderwijs|Voortgezet onderwijs|Voortgezet onderwijs totaal|Afstand tot school";"km";".";".";".";".";".";".";".";".";".";".";".";".";".";".";".";".";".";".";".";".";".";".";".";".";".";".";".";".";".";".";".";".";".";".";".";".";".";".";".";".";".";".";".";".";".";".";".";".";".";".";".";".";".";".";".";".";".";".";".";".";".";".";".";".";".";".";".";".";".";".";".";".";".";".";".";".";".";".";".";".";".";".";".";".";".";".";".";".";".";".";".";".";".";".";".";".";".";".";".";".";".";".";".";".";".";".";".";".";".";".";".";".";".";"."
"Onderwijs|Voortgezet onderwijs|Voortgezet onderwijs totaal|Aantal scholen|Binnen 3 km";"aantal";".";".";".";".";".";".";".";".";".";".";".";".";".";".";".";".";".";".";".";".";".";".";".";".";".";".";".";".";".";".";".";".";".";".";".";".";".";".";".";".";".";".";".";".";".";".";".";".";".";".";".";".";".";".";".";".";".";".";".";".";".";".";".";".";".";".";".";".";".";".";".";".";".";".";".";".";".";".";".";".";".";".";".";".";".";".";".";".";".";".";".";".";".";".";".";".";".";".";".";".";".";".";".";".";".";".";".";".";".";".";".";".";".";"."
"Onderwijs|Voortgezet onderwijs|Voortgezet onderwijs totaal|Aantal scholen|Binnen 5 km";"aantal";".";".";".";".";".";".";".";".";".";".";".";".";".";".";".";".";".";".";".";".";".";".";".";".";".";".";".";".";".";".";".";".";".";".";".";".";".";".";".";".";".";".";".";".";".";".";".";".";".";".";".";".";".";".";".";".";".";".";".";".";".";".";".";".";".";".";".";".";".";".";".";".";".";".";".";".";".";".";".";".";".";".";".";".";".";".";".";".";".";".";".";".";".";".";".";".";".";".";".";".";".";".";".";".";".";".";".";".";".";".";".";".";".";"."
"Onderwijs|Voortgezet onderwijs|Voortgezet onderwijs totaal|Aantal scholen|Binnen 10 km";"aantal";".";".";".";".";".";".";".";".";".";".";".";".";".";".";".";".";".";".";".";".";".";".";".";".";".";".";".";".";".";".";".";".";".";".";".";".";".";".";".";".";".";".";".";".";".";".";".";".";".";".";".";".";".";".";".";".";".";".";".";".";".";".";".";".";".";".";".";".";".";".";".";".";".";".";".";".";".";".";".";".";".";".";".";".";".";".";".";".";".";".";".";".";".";".";".";".";".";".";".";".";".";".";".";".";".";".";".";".";".";".";".";".";".";"."
"Onderwijs|Voortgezet onderwijs|Vmbo|Afstand tot school";"km";".";".";".";".";".";".";".";".";".";".";".";".";".";".";".";".";".";".";".";".";".";".";".";".";".";".";".";".";".";".";".";".";".";".";".";".";".";".";".";".";".";".";".";".";".";".";".";".";".";".";".";".";".";".";".";".";".";".";".";".";".";".";".";".";".";".";".";".";".";".";".";".";".";".";".";".";".";".";".";".";".";".";".";".";".";".";".";".";".";".";".";".";".";".";".";".";".";".";".";".";".";".";".";".";".";".";".";".";".";".";".";".";".";"."
"Onderwijs|Voortgezet onderwijs|Vmbo|Aantal scholen|Binnen 3  km";"aantal";".";".";".";".";".";".";".";".";".";".";".";".";".";".";".";".";".";".";".";".";".";".";".";".";".";".";".";".";".";".";".";".";".";".";".";".";".";".";".";".";".";".";".";".";".";".";".";".";".";".";".";".";".";".";".";".";".";".";".";".";".";".";".";".";".";".";".";".";".";".";".";".";".";".";".";".";".";".";".";".";".";".";".";".";".";".";".";".";".";".";".";".";".";".";".";".";".";".";".";".";".";".";".";".";".";".";".";".";".";".";".";".";".";"."
"Onderwijs|Voortgezet onderwijs|Vmbo|Aantal scholen|Binnen 5  km";"aantal";".";".";".";".";".";".";".";".";".";".";".";".";".";".";".";".";".";".";".";".";".";".";".";".";".";".";".";".";".";".";".";".";".";".";".";".";".";".";".";".";".";".";".";".";".";".";".";".";".";".";".";".";".";".";".";".";".";".";".";".";".";".";".";".";".";".";".";".";".";".";".";".";".";".";".";".";".";".";".";".";".";".";".";".";".";".";".";".";".";".";".";".";".";".";".";".";".";".";".";".";".";".";".";".";".";".";".";".";".";".";".";".";".";"."
"Onderwijs|Voortgezet onderwijs|Vmbo|Aantal scholen|Binnen 10  km";"aantal";".";".";".";".";".";".";".";".";".";".";".";".";".";".";".";".";".";".";".";".";".";".";".";".";".";".";".";".";".";".";".";".";".";".";".";".";".";".";".";".";".";".";".";".";".";".";".";".";".";".";".";".";".";".";".";".";".";".";".";".";".";".";".";".";".";".";".";".";".";".";".";".";".";".";".";".";".";".";".";".";".";".";".";".";".";".";".";".";".";".";".";".";".";".";".";".";".";".";".";".";".";".";".";".";".";".";".";".";".";".";".";".";".";"."
"Onderwijs|Voortgezet onderwijs|Havo/vwo|Afstand tot school";"km";".";".";".";".";".";".";".";".";".";".";".";".";".";".";".";".";".";".";".";".";".";".";".";".";".";".";".";".";".";".";".";".";".";".";".";".";".";".";".";".";".";".";".";".";".";".";".";".";".";".";".";".";".";".";".";".";".";".";".";".";".";".";".";".";".";".";".";".";".";".";".";".";".";".";".";".";".";".";".";".";".";".";".";".";".";".";".";".";".";".";".";".";".";".";".";".";".";".";".";".";".";".";".";".";".";".";".";".";".";".";".";".";".";"."
"Onderwijs|Voortgezet onderwijs|Havo/vwo|Aantal scholen|Binnen 3 km";"aantal";".";".";".";".";".";".";".";".";".";".";".";".";".";".";".";".";".";".";".";".";".";".";".";".";".";".";".";".";".";".";".";".";".";".";".";".";".";".";".";".";".";".";".";".";".";".";".";".";".";".";".";".";".";".";".";".";".";".";".";".";".";".";".";".";".";".";".";".";".";".";".";".";".";".";".";".";".";".";".";".";".";".";".";".";".";".";".";".";".";".";".";".";".";".";".";".";".";".";".";".";".";".";".";".";".";".";".";".";".";".";".";".";".";"."
"Onderwijs|Voortgezet onderwijs|Havo/vwo|Aantal scholen|Binnen 5 km";"aantal";".";".";".";".";".";".";".";".";".";".";".";".";".";".";".";".";".";".";".";".";".";".";".";".";".";".";".";".";".";".";".";".";".";".";".";".";".";".";".";".";".";".";".";".";".";".";".";".";".";".";".";".";".";".";".";".";".";".";".";".";".";".";".";".";".";".";".";".";".";".";".";".";".";".";".";".";".";".";".";".";".";".";".";".";".";".";".";".";".";".";".";".";".";".";".";".";".";".";".";".";".";".";".";".";".";".";".";".";".";".";".";".";".";"."
"Onderwijs|Voortgezet onderwijs|Havo/vwo|Aantal scholen|Binnen 10 km";"aantal";".";".";".";".";".";".";".";".";".";".";".";".";".";".";".";".";".";".";".";".";".";".";".";".";".";".";".";".";".";".";".";".";".";".";".";".";".";".";".";".";".";".";".";".";".";".";".";".";".";".";".";".";".";".";".";".";".";".";".";".";".";".";".";".";".";".";".";".";".";".";".";".";".";".";".";".";".";".";".";".";".";".";".";".";".";".";".";".";".";".";".";".";".";".";".";".";".";".";".";".";".";".";".";".";".";".";".";".";".";".";".";".";".";"."
"Groenvoorzieningen|Openbaar groen|Afstand tot openbaar groen totaal";"km";".";".";".";".";".";".";".";".";".";".";".";".";".";".";".";".";".";".";".";".";".";".";".";".";".";".";".";".";".";".";".";".";".";".";".";".";".";".";".";".";".";".";".";".";".";".";".";".";".";".";".";".";".";".";".";".";".";".";".";".";".";".";".";".";".";".";".";".";".";".";".";".";".";".";".";".";".";".";".";".";".";".";".";".";".";".";".";".";".";".";".";".";".";".";".";".";".";".";".";".";".";".";".";".";".";".";".";".";".";".";".";".";".";"."
"Groenvoorzieningen|Openbaar groen|Afstand tot park of plantsoen";"km";".";".";".";".";".";".";".";".";".";".";".";".";".";".";".";".";".";".";".";".";".";".";".";".";".";".";".";".";".";".";".";".";".";".";".";".";".";".";".";".";".";".";".";".";".";".";".";".";".";".";".";".";".";".";".";".";".";".";".";".";".";".";".";".";".";".";".";".";".";".";".";".";".";".";".";".";".";".";".";".";".";".";".";".";".";".";".";".";".";".";".";".";".";".";".";".";".";".";".";".";".";".";".";".";".";".";".";".";".";".";".";".";".";"."
"Groenvoorzieningen|Openbaar groen|Afstand tot dagrecreatief terrein";"km";".";".";".";".";".";".";".";".";".";".";".";".";".";".";".";".";".";".";".";".";".";".";".";".";".";".";".";".";".";".";".";".";".";".";".";".";".";".";".";".";".";".";".";".";".";".";".";".";".";".";".";".";".";".";".";".";".";".";".";".";".";".";".";".";".";".";".";".";".";".";".";".";".";".";".";".";".";".";".";".";".";".";".";".";".";".";".";".";".";".";".";".";".";".";".";".";".";".";".";".";".";".";".";".";".";".";".";".";".";".";".";".";".";"."
"Groenvoorzieningen|Openbaar groen|Afstand tot bos";"km";".";".";".";".";".";".";".";".";".";".";".";".";".";".";".";".";".";".";".";".";".";".";".";".";".";".";".";".";".";".";".";".";".";".";".";".";".";".";".";".";".";".";".";".";".";".";".";".";".";".";".";".";".";".";".";".";".";".";".";".";".";".";".";".";".";".";".";".";".";".";".";".";".";".";".";".";".";".";".";".";".";".";".";".";".";".";".";".";".";".";".";".";".";".";".";".";".";".";".";".";".";".";".";".";".";".";".";".";".";".";".";".";".";"."
"Groenvoorzieningen|Openbaar groen|Afstand tot open natuurlijk terrein|Afstand tot open nat. terrein totaal";"km";".";".";".";".";".";".";".";".";".";".";".";".";".";".";".";".";".";".";".";".";".";".";".";".";".";".";".";".";".";".";".";".";".";".";".";".";".";".";".";".";".";".";".";".";".";".";".";".";".";".";".";".";".";".";".";".";".";".";".";".";".";".";".";".";".";".";".";".";".";".";".";".";".";".";".";".";".";".";".";".";".";".";".";".";".";".";".";".";".";".";".";".";".";".";".";".";".";".";".";".";".";".";".";".";".";".";".";".";".";".";".";".";".";"."
"Groenvoorzieningen|Openbaar groen|Afstand tot open natuurlijk terrein|Afstand tot open droog nat. terrein";"km";".";".";".";".";".";".";".";".";".";".";".";".";".";".";".";".";".";".";".";".";".";".";".";".";".";".";".";".";".";".";".";".";".";".";".";".";".";".";".";".";".";".";".";".";".";".";".";".";".";".";".";".";".";".";".";".";".";".";".";".";".";".";".";".";".";".";".";".";".";".";".";".";".";".";".";".";".";".";".";".";".";".";".";".";".";".";".";".";".";".";".";".";".";".";".";".";".";".";".";".";".";".";".";".";".";".";".";".";".";".";".";".";".";"."
"Groenvoorzieningen|Openbaar groen|Afstand tot open natuurlijk terrein|Afstand tot open nat natuurlijk terrein";"km";".";".";".";".";".";".";".";".";".";".";".";".";".";".";".";".";".";".";".";".";".";".";".";".";".";".";".";".";".";".";".";".";".";".";".";".";".";".";".";".";".";".";".";".";".";".";".";".";".";".";".";".";".";".";".";".";".";".";".";".";".";".";".";".";".";".";".";".";".";".";".";".";".";".";".";".";".";".";".";".";".";".";".";".";".";".";".";".";".";".";".";".";".";".";".";".";".";".";".";".";".";".";".";".";".";".";".";".";".";".";".";".";".";"."
"Groenvoorzieningen|Semi-openbaar groen|Afstand tot semi-openbaar groen totaal";"km";".";".";".";".";".";".";".";".";".";".";".";".";".";".";".";".";".";".";".";".";".";".";".";".";".";".";".";".";".";".";".";".";".";".";".";".";".";".";".";".";".";".";".";".";".";".";".";".";".";".";".";".";".";".";".";".";".";".";".";".";".";".";".";".";".";".";".";".";".";".";".";".";".";".";".";".";".";".";".";".";".";".";".";".";".";".";".";".";".";".";".";".";".";".";".";".";".";".";".";".";".";".";".";".";".";".";".";".";".";".";".";".";".";"."
"Groenvoorzieningen|Semi-openbaar groen|Afstand tot sportterrein";"km";".";".";".";".";".";".";".";".";".";".";".";".";".";".";".";".";".";".";".";".";".";".";".";".";".";".";".";".";".";".";".";".";".";".";".";".";".";".";".";".";".";".";".";".";".";".";".";".";".";".";".";".";".";".";".";".";".";".";".";".";".";".";".";".";".";".";".";".";".";".";".";".";".";".";".";".";".";".";".";".";".";".";".";".";".";".";".";".";".";".";".";".";".";".";".";".";".";".";".";".";".";".";".";".";".";".";".";".";".";".";".";".";".";"."
"Groenvoorzieningen|Semi-openbaar groen|Afstand tot volkstuin";"km";".";".";".";".";".";".";".";".";".";".";".";".";".";".";".";".";".";".";".";".";".";".";".";".";".";".";".";".";".";".";".";".";".";".";".";".";".";".";".";".";".";".";".";".";".";".";".";".";".";".";".";".";".";".";".";".";".";".";".";".";".";".";".";".";".";".";".";".";".";".";".";".";".";".";".";".";".";".";".";".";".";".";".";".";".";".";".";".";".";".";".";".";".";".";".";".";".";".";".";".";".";".";".";".";".";".";".";".";".";".";".";".";".";"."
"Groenvoorzieningen|Semi-openbaar groen|Afstand tot verblijfsrecreatief terrein";"km";".";".";".";".";".";".";".";".";".";".";".";".";".";".";".";".";".";".";".";".";".";".";".";".";".";".";".";".";".";".";".";".";".";".";".";".";".";".";".";".";".";".";".";".";".";".";".";".";".";".";".";".";".";".";".";".";".";".";".";".";".";".";".";".";".";".";".";".";".";".";".";".";".";".";".";".";".";".";".";".";".";".";".";".";".";".";".";".";".";".";".";".";".";".";".";".";".";".";".";".";".";".";".";".";".";".";".";".";".";".";".";".";".";"."
"Groenvoorzieningen|Semi-openbaar groen|Afstand tot begraafplaats";"km";".";".";".";".";".";".";".";".";".";".";".";".";".";".";".";".";".";".";".";".";".";".";".";".";".";".";".";".";".";".";".";".";".";".";".";".";".";".";".";".";".";".";".";".";".";".";".";".";".";".";".";".";".";".";".";".";".";".";".";".";".";".";".";".";".";".";".";".";".";".";".";".";".";".";".";".";".";".";".";".";".";".";".";".";".";".";".";".";".";".";".";".";".";".";".";".";".";".";".";".";".";".";".";".";".";".";".";".";".";".";".";".";".";"."
"Groenvoorzieningen|Afstand tot recreatief binnenwater";"km";".";".";".";".";".";".";".";".";".";".";".";".";".";".";".";".";".";".";".";".";".";".";".";".";".";".";".";".";".";".";".";".";".";".";".";".";".";".";".";".";".";".";".";".";".";".";".";".";".";".";".";".";".";".";".";".";".";".";".";".";".";".";".";".";".";".";".";".";".";".";".";".";".";".";".";".";".";".";".";".";".";".";".";".";".";".";".";".";".";".";".";".";".";".";".";".";".";".";".";".";".";".";".";".";".";".";".";".";".";".";".";".";".";"."
"Verkeer en vervoer|Afstand tot oprit hoofdverkeersweg";"km";"1,8";"2,3";"3,1";"3,0";"2,8";"3,1";"2,5";"4,4";"3,7";"2,6";"3,6";"2,7";"2,4";"1,8";"2,6";"2,8";"1,3";"1,4";"3,6";"1,1";"0,8";"3,8";"1,8";"1,8";"1,0";"0,9";"1,2";"1,6";"1,7";"0,9";"1,3";"1,1";"1,1";"1,0";"2,2";"2,5";"1,4";"1,8";"2,8";"2,3";"2,0";"2,2";"1,8";"1,6";"2,5";"1,7";"2,5";"1,4";"2,1";"3,4";"4,4";"3,6";"2,5";"3,4";"3,1";"4,6";"3,5";"3,7";"4,5";"1,5";"1,2";"2,0";"1,3";"1,4";"2,3";"2,3";"1,9";"1,5";"1,8";"2,0";"2,4";"2,2";"1,8";"1,7";"1,8";"3,2";"2,2";"3,8";"3,6";"2,8";"3,7";"2,2";"3,2";"2,5";"3,4";"2,8";"1,3";"1,0";"1,5";"1,5";"1,1";"1,6";"1,7";"0,7";"0,7";"2,1";"2,1";"3,1";"3,6";"2,7";".";".";".";"4,6";".";".";"6,7";".";".";".";".";"1,5";"1,5";"."
"Verkeer en vervoer|Treinstations|Afstand tot treinstations totaal";"km";"5,2";"3,6";"1,1";"0,9";"1,1";"1,2";"0,9";"2,1";"2,2";"2,3";"3,0";"3,1";"2,6";"2,2";"2,0";"1,5";"1,3";"1,8";"3,4";"3,8";"3,7";"5,7";"6,5";"3,4";"4,1";"4,8";"1,8";"2,0";"1,7";"2,2";"1,9";"1,5";"1,6";"2,9";"2,4";"2,5";"0,9";"2,5";"3,6";"3,0";"2,1";"1,4";"2,5";"2,0";"1,8";"2,8";"2,7";"3,6";"1,9";"1,9";"1,9";"1,0";"2,4";"2,6";"2,1";"2,2";"1,5";"0,7";"1,6";"2,4";"3,2";"1,1";"2,1";"4,3";"11,4";"11,4";"2,8";"4,0";"5,6";"2,8";"1,8";"3,0";"2,6";"1,1";"3,7";"4,2";"5,7";"2,8";"3,8";"3,6";"4,4";"5,6";"3,5";"5,1";"4,0";"9,5";"12,9";"12,3";"13,2";"17,8";"17,3";"18,0";"16,0";"2,4";"2,4";"2,6";"2,6";"8,0";"6,3";"10,0";".";".";".";"27,8";".";".";"34,0";".";".";".";".";"15,8";"15,8";"."
"Verkeer en vervoer|Treinstations|Afstand tot belangrijk overstapstation";"km";"10,8";"6,4";"1,9";"2,4";"1,1";"1,5";"0,9";"3,2";"2,3";"2,6";"3,0";"3,1";"2,7";"3,0";"2,0";"1,5";"4,1";"3,8";"3,5";"4,5";"3,8";"9,7";"7,7";"4,7";"4,8";"5,3";"2,3";"2,0";"1,7";"2,4";"1,9";"2,7";"2,7";"2,9";"5,4";"5,4";"3,8";"5,8";"6,3";"6,3";"3,5";"2,3";"3,3";"2,8";"3,5";"4,6";"6,0";"5,3";"3,6";"5,2";"3,7";"4,3";"6,5";"5,5";"5,6";"4,9";"4,6";"4,8";"3,9";"8,6";"8,0";"8,0";"8,5";"10,1";"13,7";"13,7";"9,4";"7,2";"7,5";"7,9";"7,8";"9,1";"10,9";"8,7";"12,5";"6,1";"7,9";"5,0";"5,0";"7,6";"5,1";"6,3";"5,8";"6,8";"5,6";"10,3";"14,5";"14,6";"14,4";"19,5";"18,7";"19,8";"19,3";"4,8";"4,8";"3,8";"3,8";"8,7";"7,0";"10,8";".";".";".";"31,2";".";".";"37,7";".";".";".";".";"19,5";"19,5";"."
"Vrije tijd en cultuur|Afstand tot bibliotheek";"km";"2,0";"1,5";"1,2";"1,0";"1,4";"1,0";"0,5";"2,5";"2,0";"1,4";"1,6";"0,9";"0,4";"1,2";"1,3";"1,6";"2,0";"1,6";"2,0";"1,5";"0,7";"3,3";"4,1";"3,0";"1,3";"1,7";"2,0";"1,5";"1,7";"2,1";"2,1";"2,3";"2,0";"1,9";"1,8";"0,9";"2,4";"1,9";"2,9";"2,8";"1,4";"0,8";"1,7";"1,1";"0,9";"2,1";"2,2";"3,3";"1,7";"1,4";"1,7";"1,2";"1,5";"1,3";"1,3";"1,8";"0,7";"1,7";"2,0";"1,4";"2,3";"0,8";"1,3";"2,1";"0,7";"0,7";"1,7";"2,8";"3,8";"1,6";"0,8";"1,6";"2,2";"1,6";"1,4";"1,1";"2,0";"1,0";"0,9";"1,2";"0,9";"2,0";"1,1";"1,0";"1,2";"5,4";"1,7";"1,2";"2,0";"1,3";"1,7";"1,1";"3,0";"1,8";"1,8";"1,6";"1,6";"3,6";"2,4";"5,1";".";".";".";"8,1";".";".";"10,0";".";".";".";".";"1,0";"1,0";"."
"Vrije tijd en cultuur|Sport|Afstand tot binnenzwembad";"km";"3,5";"1,9";"1,4";"1,5";"1,1";"1,6";"1,3";"2,1";"1,2";"1,2";"0,9";"1,8";"1,7";"1,0";"1,3";"0,8";"1,0";"1,0";"1,1";"1,3";"0,7";"4,7";"4,4";"1,8";"1,5";"2,0";"1,2";"1,0";"1,1";"0,7";"0,8";"1,3";"1,7";"2,0";"2,2";"1,3";"1,4";"2,6";"4,1";"3,6";"1,4";"0,9";"1,7";"1,2";"0,9";"2,0";"2,8";"3,2";"1,5";"1,7";"1,7";"1,2";"2,3";"1,6";"1,8";"1,7";"0,7";"1,8";"2,6";"2,3";"2,0";"3,2";"1,7";"3,0";"7,0";"7,0";"2,0";"2,4";"4,4";"1,1";"1,2";"2,9";"0,9";"1,8";"2,7";"2,2";"4,0";"1,0";"1,0";"2,9";"2,1";"2,9";"1,1";"3,1";"1,4";"6,9";"1,9";"2,1";"1,8";"4,6";"4,1";"4,8";"5,1";"1,9";"1,9";"1,7";"1,7";"5,1";"4,0";"6,3";".";".";".";"8,7";".";".";"11,0";".";".";".";".";"5,3";"5,3";"."
"Vrije tijd en cultuur|Sport|Afstand tot kunstijsbaan";"km";"19,4";"7,8";"4,8";"4,0";"5,8";"5,0";"5,2";"5,2";"5,8";"7,2";"6,7";"7,5";"7,4";"8,0";"6,8";"6,2";"9,1";"8,9";"7,0";"9,2";"8,8";"14,9";"12,3";"8,8";"9,7";"10,3";"6,0";"5,5";"6,0";"6,4";"6,6";"6,1";"5,5";"8,1";"7,8";"8,8";"7,0";"8,1";"5,9";"7,1";"3,4";"4,2";"5,1";"4,6";"3,5";"2,6";"4,5";"0,9";"2,3";"6,9";"5,7";"5,9";"7,7";"7,5";"7,3";"6,9";"6,6";"5,9";"5,0";"6,5";"5,6";"7,7";"6,1";"6,4";"17,1";"17,1";"7,2";"3,5";"2,3";"4,4";"5,0";"7,6";"9,3";"6,2";"11,6";"9,0";"10,9";"7,5";"8,2";"9,7";"8,5";"9,7";"8,2";"10,2";"8,6";"13,7";"17,9";"18,0";"17,8";"13,6";"12,8";"13,8";"14,3";"10,0";"10,0";"8,9";"8,9";"12,2";"10,5";"14,2";".";".";".";"34,7";".";".";"41,2";".";".";".";".";"20,9";"20,9";"."
"Vrije tijd en cultuur|Museum|Afstand tot museum";"km";".";".";".";".";".";".";".";".";".";".";".";".";".";".";".";".";".";".";".";".";".";".";".";".";".";".";".";".";".";".";".";".";".";".";".";".";".";".";".";".";".";".";".";".";".";".";".";".";".";".";".";".";".";".";".";".";".";".";".";".";".";".";".";".";".";".";".";".";".";".";".";".";".";".";".";".";".";".";".";".";".";".";".";".";".";".";".";".";".";".";".";".";".";".";".";".";".";".";".";".";".";".";".";".";".";".";".";".";".";".";".";".";".";"."
"Vrije tijd en cultuur|Museum|Aantal musea|Binnen 5 km";"aantal";".";".";".";".";".";".";".";".";".";".";".";".";".";".";".";".";".";".";".";".";".";".";".";".";".";".";".";".";".";".";".";".";".";".";".";".";".";".";".";".";".";".";".";".";".";".";".";".";".";".";".";".";".";".";".";".";".";".";".";".";".";".";".";".";".";".";".";".";".";".";".";".";".";".";".";".";".";".";".";".";".";".";".";".";".";".";".";".";".";".";".";".";".";".";".";".";".";".";".";".";".";".";".";".";".";".";".";".";".";".";".";".";".";"."
"Vrije tijd en cultuur|Museum|Aantal musea|Binnen 10 km";"aantal";".";".";".";".";".";".";".";".";".";".";".";".";".";".";".";".";".";".";".";".";".";".";".";".";".";".";".";".";".";".";".";".";".";".";".";".";".";".";".";".";".";".";".";".";".";".";".";".";".";".";".";".";".";".";".";".";".";".";".";".";".";".";".";".";".";".";".";".";".";".";".";".";".";".";".";".";".";".";".";".";".";".";".";".";".";".";".";".";".";".";".";".";".";".";".";".";".";".";".";".";".";".";".";".";".";".";".";".";".";".";".";".";".";"."
"Vrije tijd en cultuur|Museum|Aantal musea|Binnen 20 km";"aantal";".";".";".";".";".";".";".";".";".";".";".";".";".";".";".";".";".";".";".";".";".";".";".";".";".";".";".";".";".";".";".";".";".";".";".";".";".";".";".";".";".";".";".";".";".";".";".";".";".";".";".";".";".";".";".";".";".";".";".";".";".";".";".";".";".";".";".";".";".";".";".";".";".";".";".";".";".";".";".";".";".";".";".";".";".";".";".";".";".";".";".";".";".";".";".";".";".";".";".";".";".";".";".";".";".";".";".";".";".";".";".";".";".";"."
"Vrije tijd en cultuur|Podiumkunsten (excl. festivals)|Afstand tot podiumkunsten totaal";"km";".";".";".";".";".";".";".";".";".";".";".";".";".";".";".";".";".";".";".";".";".";".";".";".";".";".";".";".";".";".";".";".";".";".";".";".";".";".";".";".";".";".";".";".";".";".";".";".";".";".";".";".";".";".";".";".";".";".";".";".";".";".";".";".";".";".";".";".";".";".";".";".";".";".";".";".";".";".";".";".";".";".";".";".";".";".";".";".";".";".";".";".";".";".";".";".";".";".";".";".";".";".";".";".";".";".";".";".";".";".";".";".";".";"."
"Vrije tijd en cultuur|Podiumkunsten (excl. festivals)|Aantal podiumkunsten totaal|Binnen 5 km";"aantal";".";".";".";".";".";".";".";".";".";".";".";".";".";".";".";".";".";".";".";".";".";".";".";".";".";".";".";".";".";".";".";".";".";".";".";".";".";".";".";".";".";".";".";".";".";".";".";".";".";".";".";".";".";".";".";".";".";".";".";".";".";".";".";".";".";".";".";".";".";".";".";".";".";".";".";".";".";".";".";".";".";".";".";".";".";".";".";".";".";".";".";".";".";".";".";".";".";".";".";".";".";".";".";".";".";".";".";".";".";".";".";".";".";"."
"Vrije tijd en cultuur|Podiumkunsten (excl. festivals)|Aantal podiumkunsten totaal|Binnen 10 km";"aantal";".";".";".";".";".";".";".";".";".";".";".";".";".";".";".";".";".";".";".";".";".";".";".";".";".";".";".";".";".";".";".";".";".";".";".";".";".";".";".";".";".";".";".";".";".";".";".";".";".";".";".";".";".";".";".";".";".";".";".";".";".";".";".";".";".";".";".";".";".";".";".";".";".";".";".";".";".";".";".";".";".";".";".";".";".";".";".";".";".";".";".";".";".";".";".";".";".";".";".";".";".";".";".";".";".";".";".";".";".";".";".";".";".";"."
"Vrije tijd en cultuur|Podiumkunsten (excl. festivals)|Aantal podiumkunsten totaal|Binnen 20 km";"aantal";".";".";".";".";".";".";".";".";".";".";".";".";".";".";".";".";".";".";".";".";".";".";".";".";".";".";".";".";".";".";".";".";".";".";".";".";".";".";".";".";".";".";".";".";".";".";".";".";".";".";".";".";".";".";".";".";".";".";".";".";".";".";".";".";".";".";".";".";".";".";".";".";".";".";".";".";".";".";".";".";".";".";".";".";".";".";".";".";".";".";".";".";".";".";".";".";".";".";".";".";".";".";".";".";".";".";".";".";".";".";".";".";".";"."
"Vrije tijd en cultuur|Podiumkunsten (excl. festivals)|Afstand tot poppodium";"km";".";".";".";".";".";".";".";".";".";".";".";".";".";".";".";".";".";".";".";".";".";".";".";".";".";".";".";".";".";".";".";".";".";".";".";".";".";".";".";".";".";".";".";".";".";".";".";".";".";".";".";".";".";".";".";".";".";".";".";".";".";".";".";".";".";".";".";".";".";".";".";".";".";".";".";".";".";".";".";".";".";".";".";".";".";".";".";".";".";".";".";".";".";".";".";".";".";".";".";".";".";".";".";".";".";".";".";".";".";".";".";".";".";"."
"Vrije tijd en cultuur|Bioscoop|Afstand tot bioscoop";"km";"6,6";"4,3";"1,0";"1,3";"0,7";"0,5";"0,8";"1,6";"1,4";"2,1";"2,2";"2,4";"2,4";"2,8";"1,9";"1,3";"2,0";"2,5";"2,7";"3,5";"2,9";"4,8";"6,2";"4,6";"3,1";"3,6";"2,4";"1,8";"2,0";"2,5";"2,4";"2,6";"2,4";"3,4";"5,3";"5,3";"3,8";"5,7";"6,0";"6,2";"2,9";"1,9";"3,1";"2,5";"2,8";"3,7";"5,6";"4,4";"2,7";"2,1";"0,7";"1,6";"2,9";"2,5";"1,9";"2,3";"1,8";"1,9";"1,9";"3,4";"2,2";"3,8";"3,0";"4,3";"8,6";"8,6";"8,9";"6,4";"6,3";"7,1";"7,3";"8,9";"10,6";"8,4";"11,8";"4,5";"6,4";"2,9";"3,8";"4,8";"4,2";"5,4";"3,6";"5,7";"4,1";"9,4";"4,1";"3,8";"4,2";"18,7";"18,2";"18,9";"15,5";"1,4";"1,4";"2,7";"2,7";"7,6";"6,2";"9,3";".";".";".";"15,3";".";".";"21,3";".";".";".";".";"10,5";"10,5";"."
"Vrije tijd en cultuur|Bioscoop|Aantal bioscopen|Binnen 5 km";"aantal";"1,2";"2,7";"4,6";"4,9";"4,1";"4,6";"4,1";"5,0";"4,5";"5,4";"4,9";"6,0";"5,9";"5,1";"6,0";"5,0";"4,8";"5,0";"5,0";"2,7";"4,3";"0,8";"0,2";"1,2";"2,0";"2,0";"4,0";"4,0";"4,0";"4,0";"4,3";"3,9";"3,9";"5,0";"0,8";"0,4";"3,0";"0,2";"0,2";"0,0";"3,8";"4,1";"3,8";"4,0";"4,0";"3,4";"0,4";"2,6";"4,0";"4,5";"5,0";"5,0";"2,8";"4,9";"4,7";"5,0";"5,0";"5,0";"5,0";"1,2";"1,8";"1,2";"1,1";"1,0";"0,0";"0,0";"0,0";"0,0";"0,0";"0,0";"0,0";"0,0";"0,0";"0,0";"0,0";"2,6";"0,0";"5,0";"4,5";"0,8";"3,8";"0,0";"3,7";"0,0";"3,7";"0,0";"0,9";"1,0";"0,9";"0,0";"0,0";"0,0";"0,0";"2,7";"2,7";"5,0";"5,0";"0,2";"0,5";"0,0";".";".";".";"0,3";".";".";"0,0";".";".";".";".";"0,0";"0,0";"."
"Vrije tijd en cultuur|Bioscoop|Aantal bioscopen|Binnen 10 km";"aantal";"2,8";"5,6";"7,2";"7,0";"7,6";"7,0";"7,1";"7,0";"7,7";"8,0";"8,0";"8,0";"8,0";"8,0";"8,0";"8,0";"8,0";"8,0";"7,8";"7,9";"8,1";"5,6";"7,2";"7,0";"8,5";"7,8";"7,0";"7,0";"7,0";"7,0";"7,2";"7,0";"7,0";"8,0";"6,3";"6,7";"7,0";"6,0";"5,7";"5,2";"6,8";"7,0";"7,0";"7,0";"7,0";"6,6";"5,2";"5,7";"7,0";"6,5";"7,0";"7,0";"5,4";"6,7";"6,0";"7,0";"7,0";"7,0";"7,0";"5,0";"5,0";"5,0";"5,0";"5,0";"2,5";"2,5";"2,9";"5,0";"5,0";"5,0";"5,0";"3,0";"0,2";"4,2";"0,0";"6,1";"5,0";"7,0";"7,0";"5,0";"7,0";"6,6";"6,9";"5,2";"6,9";"3,1";"1,1";"1,3";"1,0";"0,0";"0,0";"0,0";"0,0";"7,7";"7,7";"8,0";"8,0";"4,5";"6,3";"2,4";".";".";".";"0,3";".";".";"0,0";".";".";".";".";"0,1";"0,1";"."
"Vrije tijd en cultuur|Bioscoop|Aantal bioscopen|Binnen 20 km";"aantal";"7,1";"12,3";"13,6";"13,6";"13,8";"13,7";"14,0";"12,2";"12,8";"12,2";"11,6";"11,2";"11,8";"12,0";"12,5";"13,4";"12,0";"12,0";"11,4";"15,9";"16,0";"17,8";"17,3";"14,8";"16,4";"16,5";"13,9";"14,0";"13,7";"13,7";"13,3";"14,0";"14,2";"14,3";"13,2";"12,0";"13,3";"13,5";"14,9";"14,5";"13,9";"14,3";"14,9";"14,9";"14,0";"12,9";"14,9";"12,6";"13,1";"12,0";"12,0";"12,1";"11,5";"12,0";"12,2";"12,0";"12,1";"12,2";"12,0";"10,9";"11,2";"11,0";"11,0";"10,4";"9,6";"9,6";"12,9";"11,5";"11,0";"12,7";"14,5";"14,5";"11,9";"12,5";"11,3";"11,3";"10,0";"12,0";"12,0";"10,0";"12,0";"11,4";"11,7";"10,8";"11,9";"9,0";"9,9";"10,0";"9,8";"5,9";"6,2";"5,8";"6,2";"15,0";"15,0";"12,0";"12,0";"10,2";"11,0";"9,4";".";".";".";"3,5";".";".";"0,0";".";".";".";".";"8,1";"8,1";"."
"Vrije tijd en cultuur|Recreatie|Afstand tot sauna";"km";"7,7";"3,3";"2,0";"2,1";"1,6";"2,1";"2,0";"2,7";"1,4";"1,3";"1,1";"1,0";"1,0";"1,8";"1,0";"1,2";"1,9";"2,2";"1,6";"4,3";"3,9";"4,9";"7,3";"4,5";"4,5";"5,1";"1,5";"1,4";"2,1";"2,1";"2,4";"1,3";"0,7";"2,4";"3,5";"3,8";"2,1";"3,8";"3,6";"4,2";"2,2";"1,3";"1,0";"0,8";"2,1";"3,3";"3,8";"4,6";"2,9";"1,4";"2,1";"1,3";"1,7";"1,1";"0,7";"2,2";"1,0";"1,8";"2,7";"3,8";"3,3";"2,5";"3,9";"5,4";"6,2";"6,2";"7,3";"5,7";"6,8";"6,1";"5,6";"6,7";"8,5";"6,5";"10,9";"2,5";"3,0";"2,0";"2,8";"0,9";"3,6";"3,5";"2,3";"2,4";"2,9";"6,8";"2,1";"1,4";"2,4";"7,5";"7,0";"7,7";"6,8";"2,7";"2,7";"2,1";"2,1";"5,7";"4,9";"6,9";".";".";".";"22,6";".";".";"31,1";".";".";".";".";"13,1";"13,1";"."
"Vrije tijd en cultuur|Recreatie|Afstand tot zonnebank";"km";"4,4";"1,8";"1,0";"0,8";"1,1";"1,0";"1,1";"2,0";"1,0";"1,4";"1,4";"1,5";"1,5";"2,1";"1,2";"0,8";"1,5";"1,9";"1,8";"1,4";"0,9";"3,0";"3,7";"2,8";"1,0";"1,4";"1,1";"0,9";"1,5";"1,5";"2,0";"0,7";"0,5";"2,4";"1,7";"0,8";"1,5";"2,0";"3,2";"2,9";"1,4";"0,7";"0,5";"0,6";"1,3";"2,4";"2,1";"3,2";"1,5";"1,5";"2,4";"2,0";"1,2";"1,0";"0,8";"2,3";"1,5";"2,0";"2,3";"1,4";"2,1";"0,8";"1,1";"2,4";"5,7";"5,7";"1,7";"2,8";"3,4";"1,9";"0,9";"2,6";"0,8";"0,8";"1,2";"3,1";"4,5";"2,1";"2,7";"2,4";"3,6";"4,6";"2,2";"3,9";"2,8";"8,3";"1,2";"1,2";"1,2";"4,7";"3,9";"5,0";"4,6";"1,7";"1,7";"1,9";"1,9";"6,4";"5,5";"7,5";".";".";".";"11,1";".";".";"14,6";".";".";".";".";"6,8";"6,8";"."
"Vrije tijd en cultuur|Recreatie|Afstand tot attractie";"km";"5,6";"2,8";"1,7";"2,2";"0,9";"1,3";"0,7";"3,0";"2,1";"2,4";"2,8";"2,9";"2,5";"2,8";"1,8";"1,3";"3,9";"3,6";"3,3";"3,1";"2,5";"5,4";"6,1";"3,2";"3,6";"4,1";"2,0";"1,8";"1,5";"1,8";"1,3";"2,4";"2,4";"2,1";"1,5";"1,1";"2,0";"1,3";"1,5";"2,0";"3,3";"2,1";"3,1";"2,6";"3,3";"4,1";"1,6";"5,1";"3,4";"2,9";"3,1";"3,0";"3,0";"2,4";"2,9";"2,8";"2,3";"3,6";"3,7";"2,5";"3,3";"3,6";"1,7";"2,3";"6,8";"6,8";"2,9";"3,8";"5,5";"2,5";"1,4";"2,0";"3,5";"1,4";"5,8";"1,8";"1,6";"1,2";"1,1";"3,2";"1,2";"1,6";"1,9";"1,8";"1,7";"4,6";"5,1";"4,9";"5,3";"5,3";"4,5";"5,6";"5,3";"3,9";"3,9";"3,6";"3,6";"3,4";"2,5";"4,6";".";".";".";"13,2";".";".";"18,6";".";".";".";".";"7,6";"7,6";"."
"Vrije tijd en cultuur|Recreatie|Aantal attracties|Binnen 10 km";"aantal";"2,9";"7,1";"9,7";"9,0";"10,9";"10,0";"10,1";"9,0";"10,6";"9,8";"10,7";"9,4";"10,0";"9,6";"10,3";"10,9";"7,1";"7,1";"9,1";"9,5";"10,6";"4,8";"5,6";"8,3";"9,1";"9,0";"9,0";"9,5";"9,5";"9,1";"9,4";"8,5";"8,6";"10,1";"7,9";"7,7";"8,1";"8,0";"7,8";"7,9";"8,9";"9,0";"8,8";"9,0";"9,0";"8,6";"9,0";"8,2";"9,0";"7,4";"9,0";"9,0";"5,3";"6,5";"6,8";"7,9";"8,8";"9,0";"9,0";"5,9";"7,6";"4,7";"6,5";"4,9";"3,7";"3,7";"6,2";"7,7";"7,2";"7,7";"7,9";"6,7";"4,1";"6,3";"3,6";"5,6";"4,8";"6,6";"6,0";"5,0";"5,9";"5,0";"5,6";"5,0";"5,9";"2,5";"2,3";"2,4";"2,2";"1,0";"1,0";"1,0";"1,2";"8,4";"8,4";"7,0";"7,0";"3,9";"4,4";"3,1";".";".";".";"0,3";".";".";"0,0";".";".";".";".";"2,2";"2,2";"."
"Vrije tijd en cultuur|Recreatie|Aantal attracties|Binnen 20 km";"aantal";"8,6";"16,6";"18,3";"17,7";"19,7";"18,6";"19,2";"16,0";"18,9";"20,1";"19,6";"20,2";"20,4";"20,6";"20,3";"20,0";"20,4";"20,0";"19,2";"21,9";"22,0";"23,7";"22,7";"20,8";"22,5";"22,7";"19,5";"19,0";"19,3";"20,2";"21,0";"18,7";"18,7";"21,5";"16,6";"16,0";"16,6";"16,7";"17,0";"17,7";"16,6";"18,4";"17,6";"17,9";"16,1";"15,9";"16,0";"15,0";"15,6";"16,0";"16,0";"16,0";"16,0";"16,0";"16,0";"16,0";"16,0";"16,0";"16,0";"15,9";"15,9";"16,1";"16,2";"15,0";"11,4";"11,4";"15,1";"16,5";"17,0";"16,3";"16,0";"15,0";"14,7";"15,7";"12,4";"15,9";"15,7";"16,0";"16,0";"16,0";"16,0";"16,0";"16,0";"16,0";"16,0";"14,0";"11,7";"11,7";"11,7";"7,8";"8,8";"7,5";"10,6";"22,0";"22,0";"20,0";"20,0";"14,8";"15,3";"14,0";".";".";".";"4,1";".";".";"0,9";".";".";".";".";"11,3";"11,3";"."
"Vrije tijd en cultuur|Recreatie|Aantal attracties|Binnen 50 km";"aantal";"39,8";"54,0";"53,3";"53,6";"53,0";"53,3";"53,8";"53,0";"53,0";"52,4";"53,0";"52,6";"52,8";"51,2";"53,0";"53,0";"50,2";"50,0";"52,9";"50,4";"50,0";"48,9";"50,7";"51,4";"50,0";"50,0";"53,8";"54,0";"53,4";"53,5";"53,1";"53,8";"54,3";"50,2";"54,1";"52,7";"54,2";"54,4";"55,8";"55,7";"55,5";"54,7";"53,3";"54,2";"55,8";"56,5";"58,2";"57,0";"56,1";"55,3";"53,1";"54,7";"57,3";"55,7";"56,4";"52,4";"55,9";"53,9";"52,2";"55,7";"55,7";"56,0";"55,8";"54,7";"47,0";"47,0";"58,6";"58,0";"57,2";"58,4";"59,1";"58,0";"57,5";"59,9";"60,1";"52,6";"50,5";"54,6";"53,3";"52,9";"51,6";"51,5";"54,2";"51,8";"52,7";"48,0";"49,0";"49,0";"49,0";"45,0";"45,0";"45,0";"46,1";"51,0";"51,0";"50,0";"50,0";"49,2";"50,3";"48,0";".";".";".";"35,3";".";".";"30,7";".";".";".";".";"45,2";"45,2";"."
"Afstand tot brandweerkazerne";"km";"2,2";"2,3";"1,4";"1,2";"1,8";"1,0";"1,8";"1,3";"1,9";"2,8";"2,8";"3,4";"3,3";"2,9";"2,9";"2,3";"1,8";"2,3";"3,1";"2,8";"3,2";"5,1";"5,0";"1,5";"3,1";"2,9";"2,7";"2,4";"2,6";"2,3";"2,8";"2,8";"2,8";"3,6";"2,6";"1,9";"2,0";"3,2";"2,9";"3,9";"1,7";"1,8";"2,8";"2,2";"1,2";"1,5";"1,7";"2,3";"0,7";"2,1";"1,8";"2,4";"2,0";"1,4";"2,3";"2,5";"2,0";"3,0";"2,5";"1,9";"2,3";"2,6";"1,3";"2,5";"6,0";"6,0";"2,2";"2,4";"3,1";"2,1";"1,1";"3,0";"2,7";"1,8";"1,4";"1,3";"1,6";"0,7";"1,1";"0,8";"1,9";"1,1";"1,0";"1,8";"1,3";"3,5";"4,0";"4,2";"4,0";"1,0";"1,5";"0,8";"2,9";"1,7";"1,7";"2,8";"2,8";"2,9";"2,7";"3,4";".";".";".";"9,3";".";".";"11,0";".";".";".";".";"4,6";"4,6";"."
"Bron: CBS"
