"Wijken en buurten";"Regioaanduiding/Gemeentenaam (naam)";"Regioaanduiding/Soort regio (omschrijving)";"Regioaanduiding/Codering (code)";"Regioaanduiding/Indelingswijziging wijken en buurten (code)";"Gezondheid en welzijn/Huisartsenpraktijk/Afstand tot huisartsenpraktijk (km)";"Gezondheid en welzijn/Huisartsenpraktijk/Aantal huisartsenpraktijken/Binnen 1 km (aantal)";"Gezondheid en welzijn/Huisartsenpraktijk/Aantal huisartsenpraktijken/Binnen 3 km (aantal)";"Gezondheid en welzijn/Huisartsenpraktijk/Aantal huisartsenpraktijken/Binnen 5 km (aantal)";"Gezondheid en welzijn/Huisartsenpraktijk/Afstand tot huisartsenpost (km)";"Gezondheid en welzijn/Afstand tot apotheek (km)";"Gezondheid en welzijn/Ziekenhuis (incl. buitenpolikliniek)/Afstand tot ziekenhuis (km)";"Gezondheid en welzijn/Ziekenhuis (incl. buitenpolikliniek)/Aantal ziekenhuizen/Binnen 5 km (aantal)";"Gezondheid en welzijn/Ziekenhuis (incl. buitenpolikliniek)/Aantal ziekenhuizen/Binnen 10 km (aantal)";"Gezondheid en welzijn/Ziekenhuis (incl. buitenpolikliniek)/Aantal ziekenhuizen/Binnen 20 km (aantal)";"Gezondheid en welzijn/Ziekenhuis (excl. buitenpolikliniek)/Afstand tot ziekenhuis (km)";"Gezondheid en welzijn/Ziekenhuis (excl. buitenpolikliniek)/Aantal ziekenhuizen/Binnen 5 km (aantal)";"Gezondheid en welzijn/Ziekenhuis (excl. buitenpolikliniek)/Aantal ziekenhuizen/Binnen 10 km (aantal)";"Gezondheid en welzijn/Ziekenhuis (excl. buitenpolikliniek)/Aantal ziekenhuizen/Binnen 20 km (aantal)";"Gezondheid en welzijn/Afstand tot consultatiebureau (km)";"Gezondheid en welzijn/Fysiotherapeut/Afstand tot fysiotherapeut (km)";"Gezondheid en welzijn/Fysiotherapeut/Aantal fysiotherapeuten/Binnen 1 km (aantal)";"Gezondheid en welzijn/Fysiotherapeut/Aantal fysiotherapeuten/Binnen 3 km (aantal)";"Gezondheid en welzijn/Fysiotherapeut/Aantal fysiotherapeuten/Binnen 5 km (aantal)";"Detailhandel/Winkels dagelijkse boodschappen/Afstand tot grote supermarkt (km)";"Detailhandel/Winkels dagelijkse boodschappen/Aantal grote supermarkten/Binnen 1 km (aantal)";"Detailhandel/Winkels dagelijkse boodschappen/Aantal grote supermarkten/Binnen 3 km (aantal)";"Detailhandel/Winkels dagelijkse boodschappen/Aantal grote supermarkten/Binnen 5 km (aantal)";"Detailhandel/Winkels dagelijkse boodschappen/Afstand tot ov. dagel. levensmiddelen (km)";"Detailhandel/Winkels dagelijkse boodschappen/Aantal overige dagelijkse levensmiddelen/Binnen 1 km (aantal)";"Detailhandel/Winkels dagelijkse boodschappen/Aantal overige dagelijkse levensmiddelen/Binnen 3 km (aantal)";"Detailhandel/Winkels dagelijkse boodschappen/Aantal overige dagelijkse levensmiddelen/Binnen 5 km (aantal)";"Detailhandel/Warenhuis/Afstand tot warenhuis (km)";"Detailhandel/Warenhuis/Aantal warenhuizen/Binnen 5 km (aantal)";"Detailhandel/Warenhuis/Aantal warenhuizen/Binnen 10 km (aantal)";"Detailhandel/Warenhuis/Aantal warenhuizen/Binnen 20 km (aantal)";"Horeca/Cafés en dergelijke/Afstand tot café e.d. (km)";"Horeca/Cafés en dergelijke/Aantal cafés e.d./Binnen 1 km (aantal)";"Horeca/Cafés en dergelijke/Aantal cafés e.d./Binnen 3 km (aantal)";"Horeca/Cafés en dergelijke/Aantal cafés e.d./Binnen 5 km (aantal)";"Horeca/Cafetaria's en dergelijke/Afstand tot cafetaria e.d. (km)";"Horeca/Cafetaria's en dergelijke/Aantal cafetaria's e.d./Binnen 1 km (aantal)";"Horeca/Cafetaria's en dergelijke/Aantal cafetaria's e.d./Binnen 3 km (aantal)";"Horeca/Cafetaria's en dergelijke/Aantal cafetaria's e.d./Binnen 5 km (aantal)";"Horeca/Restaurants/Afstand tot restaurant (km)";"Horeca/Restaurants/Aantal restaurants/Binnen 1 km (aantal)";"Horeca/Restaurants/Aantal restaurants/Binnen 3 km (aantal)";"Horeca/Restaurants/Aantal restaurants/Binnen 5 km (aantal)";"Horeca/Hotels en dergelijke/Afstand tot hotel e.d. (km)";"Horeca/Hotels en dergelijke/Aantal hotels e.d./Binnen 5 km (aantal)";"Horeca/Hotels en dergelijke/Aantal hotels e.d./Binnen 10 km (aantal)";"Horeca/Hotels en dergelijke/Aantal hotels e.d./Binnen 20 km (aantal)";"Kinderopvang/Kinderdagverblijf/Afstand tot kinderdagverblijf (km)";"Kinderopvang/Kinderdagverblijf/Aantal kinderdagverblijven/Binnen 1 km (aantal)";"Kinderopvang/Kinderdagverblijf/Aantal kinderdagverblijven/Binnen 3 km (aantal)";"Kinderopvang/Kinderdagverblijf/Aantal kinderdagverblijven/Binnen 5 km (aantal)";"Kinderopvang/Buitenschoolse opvang/Afstand tot buitenschoolse opvang (km)";"Kinderopvang/Buitenschoolse opvang/Aantal buitenschoolse opvang/Binnen 1 km (aantal)";"Kinderopvang/Buitenschoolse opvang/Aantal buitenschoolse opvang/Binnen 3 km (aantal)";"Kinderopvang/Buitenschoolse opvang/Aantal buitenschoolse opvang/Binnen 5 km (aantal)";"Onderwijs/Basisonderwijs/Afstand tot school (km)";"Onderwijs/Basisonderwijs/Aantal scholen/Binnen 1 km (aantal)";"Onderwijs/Basisonderwijs/Aantal scholen/Binnen 3 km (aantal)";"Onderwijs/Basisonderwijs/Aantal scholen/Binnen 5 km (aantal)";"Onderwijs/Voortgezet onderwijs/Voortgezet onderwijs totaal/Afstand tot school (km)";"Onderwijs/Voortgezet onderwijs/Voortgezet onderwijs totaal/Aantal scholen/Binnen 3 km (aantal)";"Onderwijs/Voortgezet onderwijs/Voortgezet onderwijs totaal/Aantal scholen/Binnen 5 km (aantal)";"Onderwijs/Voortgezet onderwijs/Voortgezet onderwijs totaal/Aantal scholen/Binnen 10 km (aantal)";"Onderwijs/Voortgezet onderwijs/Vmbo/Afstand tot school (km)";"Onderwijs/Voortgezet onderwijs/Vmbo/Aantal scholen/Binnen 3  km (aantal)";"Onderwijs/Voortgezet onderwijs/Vmbo/Aantal scholen/Binnen 5  km (aantal)";"Onderwijs/Voortgezet onderwijs/Vmbo/Aantal scholen/Binnen 10  km (aantal)";"Onderwijs/Voortgezet onderwijs/Havo/vwo/Afstand tot school (km)";"Onderwijs/Voortgezet onderwijs/Havo/vwo/Aantal scholen/Binnen 3 km (aantal)";"Onderwijs/Voortgezet onderwijs/Havo/vwo/Aantal scholen/Binnen 5 km (aantal)";"Onderwijs/Voortgezet onderwijs/Havo/vwo/Aantal scholen/Binnen 10 km (aantal)";"Groenvoorzieningen/Openbaar groen/Afstand tot openbaar groen totaal (km)";"Groenvoorzieningen/Openbaar groen/Afstand tot park of plantsoen (km)";"Groenvoorzieningen/Openbaar groen/Afstand tot dagrecreatief terrein (km)";"Groenvoorzieningen/Openbaar groen/Afstand tot bos (km)";"Groenvoorzieningen/Openbaar groen/Afstand tot open natuurlijk terrein/Afstand tot open nat. terrein totaal (km)";"Groenvoorzieningen/Openbaar groen/Afstand tot open natuurlijk terrein/Afstand tot open droog nat. terrein (km)";"Groenvoorzieningen/Openbaar groen/Afstand tot open natuurlijk terrein/Afstand tot open nat natuurlijk terrein (km)";"Groenvoorzieningen/Semi-openbaar groen/Afstand tot semi-openbaar groen totaal (km)";"Groenvoorzieningen/Semi-openbaar groen/Afstand tot sportterrein (km)";"Groenvoorzieningen/Semi-openbaar groen/Afstand tot volkstuin (km)";"Groenvoorzieningen/Semi-openbaar groen/Afstand tot verblijfsrecreatief terrein (km)";"Groenvoorzieningen/Semi-openbaar groen/Afstand tot begraafplaats (km)";"Groenvoorzieningen/Afstand tot recreatief binnenwater (km)";"Verkeer en vervoer/Afstand tot oprit hoofdverkeersweg (km)";"Verkeer en vervoer/Treinstations/Afstand tot treinstations totaal (km)";"Verkeer en vervoer/Treinstations/Afstand tot belangrijk overstapstation (km)";"Vrije tijd en cultuur/Afstand tot bibliotheek (km)";"Vrije tijd en cultuur/Sport/Afstand tot binnenzwembad (km)";"Vrije tijd en cultuur/Sport/Afstand tot kunstijsbaan (km)";"Vrije tijd en cultuur/Museum/Afstand tot museum (km)";"Vrije tijd en cultuur/Museum/Aantal musea/Binnen 5 km (aantal)";"Vrije tijd en cultuur/Museum/Aantal musea/Binnen 10 km (aantal)";"Vrije tijd en cultuur/Museum/Aantal musea/Binnen 20 km (aantal)";"Vrije tijd en cultuur/Podiumkunsten (excl. festivals)/Afstand tot podiumkunsten totaal (km)";"Vrije tijd en cultuur/Podiumkunsten (excl. festivals)/Aantal podiumkunsten totaal/Binnen 5 km (aantal)";"Vrije tijd en cultuur/Podiumkunsten (excl. festivals)/Aantal podiumkunsten totaal/Binnen 10 km (aantal)";"Vrije tijd en cultuur/Podiumkunsten (excl. festivals)/Aantal podiumkunsten totaal/Binnen 20 km (aantal)";"Vrije tijd en cultuur/Podiumkunsten (excl. festivals)/Afstand tot poppodium (km)";"Vrije tijd en cultuur/Bioscoop/Afstand tot bioscoop (km)";"Vrije tijd en cultuur/Bioscoop/Aantal bioscopen/Binnen 5 km (aantal)";"Vrije tijd en cultuur/Bioscoop/Aantal bioscopen/Binnen 10 km (aantal)";"Vrije tijd en cultuur/Bioscoop/Aantal bioscopen/Binnen 20 km (aantal)";"Vrije tijd en cultuur/Recreatie/Afstand tot sauna (km)";"Vrije tijd en cultuur/Recreatie/Afstand tot zonnebank (km)";"Vrije tijd en cultuur/Recreatie/Afstand tot attractie (km)";"Vrije tijd en cultuur/Recreatie/Aantal attracties/Binnen 10 km (aantal)";"Vrije tijd en cultuur/Recreatie/Aantal attracties/Binnen 20 km (aantal)";"Vrije tijd en cultuur/Recreatie/Aantal attracties/Binnen 50 km (aantal)";"Afstand tot brandweerkazerne (km)"
"Nederland";"Nederland                               ";"Land      ";"NL00      ";".";1,1;1,2;7,8;16,9;7,1;1,3;4,9;1,1;2,9;8,7;7,3;0,7;1,6;4,2;;;;;;1;1,7;10,8;23,5;0,8;6,8;47;102,8;2,7;2,4;6,6;19,6;1,5;2,7;22,4;48,9;0,8;5,1;39,7;87;0,9;7,8;65,1;144,1;2,6;17,6;42,8;99,8;0,7;2,8;19,1;43,5;0,8;2,1;14,4;33;0,8;1,6;9,8;21,9;2,5;3,6;7,8;20;2,6;2,8;6;15,6;3,4;2;4,3;10,9;;;;;;;;;;;;;;1,9;5,3;10,8;2;3,4;19,5;4,2;3,3;8;21,2;4,8;3;7;16,6;10,2;6,6;1,2;2,8;7,2;8;4,3;5,6;2,9;8,6;40,1;2,2
"'s-Gravenhage";"'s-Gravenhage                           ";"Gemeente  ";"GM0518    ";"1";0,7;2,6;25,5;62,4;3;0,7;2,6;2,8;6,3;15,3;2,7;2;4,9;8,9;;;;;;0,6;3,5;34,3;84,5;0,5;23,6;229,5;534,7;1,4;8,1;20;39,9;0,8;10;99,8;216,7;0,5;13,6;149,2;360,7;0,5;18,6;218;543,2;1,6;41,5;100,3;152,1;0,5;7,1;73,4;184,6;0,5;3,9;42,3;112,6;0,6;2,9;30,5;76,6;1;9,9;26,8;64,8;1,1;7,6;20,6;50,5;1,5;5,2;14,5;34;;;;;;;;;;;;;;3,1;3,4;4,2;1,2;2;6,8;2,9;12,2;26,3;44,1;1,9;11,4;21,9;32,4;4;2,7;3,5;8,1;15,8;3,4;1,2;2,8;11;18,3;55,3;1,9
"Wijk 01 Oostduinen";"'s-Gravenhage                           ";"Wijk      ";"WK051801  ";"1";;;;;;;;;;;;;;;;;;;;;;;;;;;;;;;;;;;;;;;;;;;;;;;;;;;;;;;;;;;;;;;;;;;;;;;;;;;;;;;;;;;;;;;;;;;;;;;;;;;;;;;;;;;;;;
"Oostduinen";"'s-Gravenhage                           ";"Buurt     ";"BU05180170";"1";;;;;;;;;;;;;;;;;;;;;;;;;;;;;;;;;;;;;;;;;;;;;;;;;;;;;;;;;;;;;;;;;;;;;;;;;;;;;;;;;;;;;;;;;;;;;;;;;;;;;;;;;;;;;;
"Wijk 02 Belgisch Park";"'s-Gravenhage                           ";"Wijk      ";"WK051802  ";"1";0,8;2,3;12,4;28,9;5,8;0,6;2,8;1;6;14,9;2,8;1;5;8,9;;;;;;0,4;2,6;9,6;38,9;0,3;20,5;80,8;266,4;1,3;5,4;15,4;38,3;0,4;6,7;19,4;91,6;0,3;18,7;69,3;237,3;0,3;30,6;122,3;482,8;0,4;64,2;91,1;151,4;0,5;7;25,7;82,1;0,5;4,5;23,1;61,7;0,6;1,9;8,4;28,1;1,1;3,7;17;52,8;1,1;2,6;11;40;1,1;2,7;11,9;29,3;;;;;;;;;;;;;;3,2;4,7;4,7;2,1;1,2;10,9;0,7;18;25;46,6;1,1;9,9;21,6;32;5,6;0,8;2,9;7;16;2,9;0,6;1;9,7;16,1;56;2,2
"Belgisch Park";"'s-Gravenhage                           ";"Buurt     ";"BU05180271";"1";0,8;2,3;12,4;28,9;5,8;0,6;2,8;1;6;14,9;2,8;1;5;8,9;;;;;;0,4;2,6;9,6;38,9;0,3;20,5;80,8;266,4;1,3;5,4;15,4;38,3;0,4;6,7;19,4;91,6;0,3;18,7;69,3;237,3;0,3;30,6;122,3;482,8;0,4;64,2;91,1;151,4;0,5;7;25,7;82,1;0,5;4,5;23,1;61,7;0,6;1,9;8,4;28,1;1,1;3,7;17;52,8;1,1;2,6;11;40;1,1;2,7;11,9;29,3;;;;;;;;;;;;;;3,2;4,7;4,7;2,1;1,2;10,9;0,7;18;25;46,6;1,1;9,9;21,6;32;5,6;0,8;2,9;7;16;2,9;0,6;1;9,7;16,1;56;2,2
"Wijk 03 Westbroekpark en Duttendel";"'s-Gravenhage                           ";"Wijk      ";"WK051803  ";"1";1,1;0,9;16,8;41,3;4,8;1;1,9;1,5;6,1;15,6;1,9;1,5;5;9;;;;;;1,3;0,3;14,6;59,2;1,1;2,9;122,5;398;2,2;7;17,4;39,1;1,3;0,6;29,9;173,6;0,4;3,6;102,4;360,1;0,8;2,6;197,1;679;0,9;79,2;94,8;151,9;0,6;2,7;39,9;125,3;0,5;3,3;36,9;82,3;0,6;1,5;14,4;43,6;1,3;8,1;21,5;57,9;1,3;5,3;13,8;44,7;1,3;6,8;15,1;31,6;;;;;;;;;;;;;;2,6;3,6;3,6;2,3;1,9;10,3;1,1;21,1;25;47,3;1,8;14,5;22;32;4,5;1,7;5;7,4;16;2,3;1,3;0,9;11,1;16,9;56,1;2,4
"Westbroekpark";"'s-Gravenhage                           ";"Buurt     ";"BU05180373";"1";0,8;1,9;19,1;44,5;4,7;0,8;2,2;1,7;6;15,6;2,2;1,7;5;9;;;;;;1,1;0,7;17,2;63,6;1;5,9;143,9;424,4;1,9;7,1;17,2;38,9;1,2;1,3;36,9;192,4;0,3;5,8;119,1;377,9;0,5;5,1;241,5;699,9;0,5;79,6;94,9;151,8;0,8;3,9;45;134,3;0,5;4,5;40;86,6;0,8;1,7;16,4;47,7;0,9;9,8;22,6;58,3;0,9;6,5;14,6;45,4;0,9;7,5;15,9;31;;;;;;;;;;;;;;3,1;3,5;3,5;2;1,5;10;1,2;20,6;25;46,8;1,4;14,9;21,9;32;4,3;1,4;5;7;16;2,8;1,1;0,7;10,8;16,1;56;2,1
"Duttendel";"'s-Gravenhage                           ";"Buurt     ";"BU05180374";"1";1,3;0;14,9;38,6;5;1,2;1,7;1,4;6,2;15,7;1,7;1,4;5;9;;;;;;1,4;0;12,5;55,6;1,1;0,4;104,7;376,1;2,5;6,9;17,7;39,3;1,4;0;24;157,9;0,4;1,8;88,4;345,3;1,1;0,4;160,3;661,6;1,3;79;94,8;152;0,5;1,7;35,8;117,7;0,4;2,3;34,3;78,7;0,5;1,4;12,6;40,2;1,5;6,8;20,6;57,6;1,5;4,3;13,2;44,1;1,5;6,3;14,5;32,1;;;;;;;;;;;;;;2,2;3,7;3,7;2,6;2,2;10,6;0,9;21,6;25;47,7;2;14,2;22;32;4,7;1,9;5;7,8;16;1,9;1,5;1;11,4;17,6;56,1;2,6
"Wijk 04 Benoordenhout";"'s-Gravenhage                           ";"Wijk      ";"WK051804  ";"1";0,7;1,5;11,6;52,7;4,6;0,8;1,4;2;6,8;16,4;1,4;2;5;9,4;;;;;;0,6;1,4;20,2;70,8;0,5;10,3;117,9;458,5;2,5;7,6;19,6;42,1;1,6;0,3;42,8;192,7;0,5;4,8;118,7;393,9;0,5;6,4;232,2;699,9;1,6;79;97,2;153,4;0,8;3;37,8;146,7;0,7;3,8;29,8;95,6;0,9;1,6;12,5;53,8;0,8;7,5;25,9;61,9;0,9;4,3;17,9;47,9;0,8;7,1;16,2;35,3;;;;;;;;;;;;;;2,1;2,5;2,5;1,4;2,8;10,4;1,8;22,6;25,1;48,8;2,2;14,9;22;32;4,2;3;5,2;8,9;16;1,6;2;2,4;12,7;18;56,6;2,5
"Nassaubuurt";"'s-Gravenhage                           ";"Buurt     ";"BU05180448";"1";0,5;2;15,3;74,6;3,5;0,9;2,1;3;6,7;16,1;2,1;2,9;5;9,1;;;;;;0,5;1,6;34,9;97,9;0,4;17,7;198,4;671,4;1,6;10,9;21,1;42,4;0,9;2,2;97,3;293,3;0,3;9,9;234,8;483,8;0,4;19,7;434;837,1;0,9;82,9;99,2;154,8;0,5;5,7;56,1;206,8;0,5;6;36,5;128,4;0,6;2,8;16,5;78,6;0,4;8,5;33,1;64,4;0,4;4,2;24,1;50,3;0,4;8,4;18,3;36,3;;;;;;;;;;;;;;2,5;1,6;1,6;1,6;2,8;9,4;1;23,8;25;48,7;1,1;16,2;22;32;3,1;2,1;6;9;16;2,6;1,4;2;13;18;57;2
"Uilennest";"'s-Gravenhage                           ";"Buurt     ";"BU05180475";"1";1,3;0,1;10,1;47,8;4,8;1;2;2;7;17;2;2;5;10;;;;;;0,4;1,8;18,5;62,9;0,9;9,2;101,2;376,8;2,4;5,3;19,3;43,1;1,5;0;30,2;157,6;0,7;3,8;99,5;357,7;0,9;1,3;202,4;645,1;2;72,3;97,2;154,9;1,2;0,5;34,9;132,3;1;1,2;27,8;89,3;1,1;0,5;12,6;49,6;1,1;7,8;23,1;62,6;1,4;4,8;16;48,6;1,1;7;15,6;36;;;;;;;;;;;;;;2,6;2,4;2,4;0,6;2,2;10,6;1,9;23;25,3;49;2,4;14,7;22;32;4,3;3,3;5;9;16;2;1,6;3,1;13;18;57;3,1
"Duinzigt";"'s-Gravenhage                           ";"Buurt     ";"BU05180476";"1";0,7;1,4;9,7;33,4;5,5;1;1,2;1;7;16;1,2;1;5;9;;;;;;0,5;1;10,5;49,5;0,4;4,7;66,6;316,3;3,5;6,4;18,1;41;2,6;0;10,3;119,4;0,4;2,5;37,2;313,6;0,4;3;68,3;579,6;2,4;76,4;95,1;152;1,4;0;27,5;98,9;1,4;0,1;24,2;68,3;1,6;0;9,3;31,3;1,5;5;18,2;58,4;1,5;3,4;11,4;44,4;1,5;5;12,9;33,9;;;;;;;;;;;;;;1,4;3,5;3,5;1,8;3,3;11,3;2;21,6;25;48,9;3,1;12,2;22;32;5,2;3,3;4,8;8,6;16;0,4;2,7;2,7;12;18;56;3,1
"Waalsdorp";"'s-Gravenhage                           ";"Buurt     ";"BU05180477";"1";0,5;2,3;11;49,2;4,7;0,6;0,7;1,9;6,7;16;0,7;1,9;5;9;;;;;;1;0,5;15,8;67,7;0,5;4,1;100,1;435;2,8;7,9;19,1;41,7;1,7;0;30,3;178,4;0,6;2;93,8;394,1;0,4;3,9;194,1;700;1,6;81,6;96,3;152;0,6;3;33,2;136,8;0,6;4,3;28,8;89,5;0,8;1,4;11,2;49,4;0,8;7,4;26,4;60,9;0,8;4,1;18,1;46,9;0,8;7,4;16,4;34,4;;;;;;;;;;;;;;1,7;2,8;2,8;1,7;3,2;10,4;2;22;25;48,7;2,2;15,3;22;32;4,3;3,1;5;8,8;16;1,2;2,5;2,1;12,6;18;56,4;2,3
"Arendsdorp";"'s-Gravenhage                           ";"Buurt     ";"BU05180478";"1";0,6;2,5;13,7;61,9;4,1;0,9;1,4;2,2;6,5;16,4;1,4;2,2;5;9,4;;;;;;0,7;1,9;25,4;81,4;0,5;14,1;143,6;538,7;2,2;9;20,1;42;1,3;0,7;60,8;235,2;0,5;6,8;157,9;437;0,5;11,6;309,5;761,8;1,2;82,4;97,9;153,2;0,6;6,4;44,3;170,1;0,5;7,4;33,4;108,6;0,7;2,7;14,5;63,8;0,7;8,6;29,1;63,3;0,8;4,4;20,5;49,3;0,7;8,5;17,6;35,9;;;;;;;;;;;;;;2,3;2,2;2,2;1,3;2,8;9,9;1,6;22,5;25;48,6;1,7;15,6;22;32;3,8;2,7;5,5;8,9;16;1,8;1,9;2;12,9;18;56,9;2,1
"Van Hoytemastraat e.o.";"'s-Gravenhage                           ";"Buurt     ";"BU05180479";"1";0,9;0,8;11,9;62,9;4,2;0,3;1,6;2,5;7;17;1,6;2,5;5;10;;;;;;0,4;2,2;25,9;80,6;0,2;19,7;145,5;526,4;1,9;7,7;20,7;43,2;1,4;0;60,7;230,4;0,2;8;159,5;422;0,2;6,5;308,5;743,5;1,5;78,8;99;155,1;0,5;4,5;41,9;170,8;0,4;5,5;32,1;109,8;0,4;2,9;13,9;65,4;0,5;8,2;28,6;64,2;0,6;5,1;20,2;50,2;0,5;7,1;17,5;36,6;;;;;;;;;;;;;;2,5;1,9;1,9;1,1;2,1;10,1;1,7;23,6;25,3;49;1,8;15,9;22;32;3,7;2,8;5,5;9;16;2,1;1,5;2,6;13;18;57;2,6
"Wijk 05 Archipelbuurt";"'s-Gravenhage                           ";"Wijk      ";"WK051805  ";"1";0,4;3,1;26,4;71;3,2;0,6;2,2;2,7;6;16;2,2;2,1;5;9;;;;;;0,9;0,6;35,1;92,2;0,4;15,5;253,9;659,1;2,2;9,5;19,4;41;0,7;2,1;102,5;298,2;0,3;8,9;243,9;480,4;0,3;23,2;460,8;823,5;0,5;82,5;98,7;153,8;0,3;6,6;72,2;208;0,3;5,9;48,7;125,3;0,6;1,3;24,6;79,8;1,2;14,6;31,1;63,1;1,3;8,9;22,8;49,3;1,2;11,7;19,4;35,1;;;;;;;;;;;;;;3,3;2,3;2,3;2,3;3,1;8,9;0,9;21,2;25;46,7;1,5;15,8;22;32;2,8;1,9;6;7,7;16;2,9;1,8;1,2;11,1;17,3;57;0,9
"Archipelbuurt";"'s-Gravenhage                           ";"Buurt     ";"BU05180546";"1";0,4;3,1;26,4;71;3,2;0,6;2,2;2,7;6;16;2,2;2,1;5;9;;;;;;0,9;0,6;35,1;92,2;0,4;15,5;253,9;659,1;2,2;9,5;19,4;41;0,7;2,1;102,5;298,2;0,3;8,9;243,9;480,4;0,3;23,2;460,8;823,5;0,5;82,5;98,7;153,8;0,3;6,6;72,2;208;0,3;5,9;48,7;125,3;0,6;1,3;24,6;79,8;1,2;14,6;31,1;63,1;1,3;8,9;22,8;49,3;1,2;11,7;19,4;35,1;;;;;;;;;;;;;;3,3;2,3;2,3;2,3;3,1;8,9;0,9;21,2;25;46,7;1,5;15,8;22;32;2,8;1,9;6;7,7;16;2,9;1,8;1,2;11,1;17,3;57;0,9
"Wijk 06 Van Stolkpark en Scheveningse Bo";"'s-Gravenhage                           ";"Wijk      ";"WK051806  ";"1";0,9;1,9;19,5;53;4,4;1,1;3;2;6;15;3;2;5;9;;;;;;1,2;0,3;16,2;64,1;0,7;3,3;144,3;469,2;1,4;7,9;17,5;37,3;1,2;0,5;38,4;219,2;0,7;3,3;108,2;380,5;0,7;4,1;233,4;692;0,8;75,9;94,9;147,7;0,4;3,2;50,1;142,4;0,4;3,6;42,4;92,2;0,8;1,2;15,8;52,4;0,5;10;24,4;57,1;0,8;6,7;16,5;45,1;0,5;5,7;17,8;30,1;;;;;;;;;;;;;;4;4,2;4,2;1,2;1,4;9,4;1,4;20;25;45,8;1,2;14,9;21,1;32;4,2;1,5;4,9;7;16;3,7;1,5;1,5;10,9;16;56;1,6
"Van Stolkpark en Scheveningse Bosjes";"'s-Gravenhage                           ";"Buurt     ";"BU05180605";"1";0,9;1,9;19,5;53;4,4;1,1;3;2;6;15;3;2;5;9;;;;;;1,2;0,3;16,2;64,1;0,7;3,3;144,3;469,2;1,4;7,9;17,5;37,3;1,2;0,5;38,4;219,2;0,7;3,3;108,2;380,5;0,7;4,1;233,4;692;0,8;75,9;94,9;147,7;0,4;3,2;50,1;142,4;0,4;3,6;42,4;92,2;0,8;1,2;15,8;52,4;0,5;10;24,4;57,1;0,8;6,7;16,5;45,1;0,5;5,7;17,8;30,1;;;;;;;;;;;;;;4;4,2;4,2;1,2;1,4;9,4;1,4;20;25;45,8;1,2;14,9;21,1;32;4,2;1,5;4,9;7;16;3,7;1,5;1,5;10,9;16;56;1,6
"Wijk 07 Scheveningen";"'s-Gravenhage                           ";"Wijk      ";"WK051807  ";"1";0,5;3;14,4;42,7;4,9;0,7;3,8;1,6;5,6;13,7;3,8;1,5;4,6;8,1;;;;;;0,6;2,4;14,1;49,1;0,2;18,1;110,1;364;0,9;6,1;16,1;36,3;0,4;5,7;27,8;162;0,3;15,2;83,4;288;0,2;26,3;166,6;553;0,5;66,4;92,6;144,7;0,4;4,9;37,8;118,5;0,4;3,8;31,2;79,7;0,8;1,3;13,8;43,9;1;7,7;21,1;54,6;1,1;5,3;14,6;42,6;1,2;4,1;14,7;28,8;;;;;;;;;;;;;;4,6;5,1;5,1;1,1;1,1;9,7;0,9;17,3;25;43,3;0,9;12,5;21;31,4;4,9;1,3;3,1;6,6;15,5;4,3;1,2;1,8;9,4;16;55,3;1,1
"Oud Scheveningen";"'s-Gravenhage                           ";"Buurt     ";"BU05180701";"1";0,7;2,6;13,1;45,9;4,7;0,9;4,1;1,9;5;13,2;4,1;1,9;4;7,8;;;;;;0,7;2,8;13,2;48;0,2;18,7;102,1;369,2;0,8;6,2;15,9;35,7;0,4;5,7;26,4;170,4;0,3;15,5;82,8;283,2;0,3;31,1;168,8;542,8;0,4;66,2;92,9;142,5;0,3;4,9;35,6;124,1;0,4;3,2;31,5;85;1,4;0;13,2;47,1;1,5;8,1;21,2;54,8;1,5;5,7;15,3;42,8;1,5;3,6;15,2;28,6;;;;;;;;;;;;;;5;5,3;5,3;0,8;1,3;9,5;1,2;16,8;25;43,4;1,3;12,7;21;31,8;4,9;1,6;3,3;6,2;15,9;4,7;1,8;2;8,8;16;54,8;0,4
"Vissershaven";"'s-Gravenhage                           ";"Buurt     ";"BU05180702";"1";0,7;1,9;18,2;55,5;4,3;0,7;4,2;2,2;5;12;4,2;1,8;4;7;;;;;;0,6;2,6;19,3;55,7;0,3;12;141;446,9;1,2;6,4;16,4;34,6;0,5;4,2;36,7;213,9;0,4;9,4;90,6;303,1;0,2;29,6;187,6;558;1,1;62,8;92,6;139,8;0,6;3,8;53,4;145,6;0,5;2,3;38,8;94,2;1;1,2;18,9;55,8;1,2;11,2;23,8;55;1,2;7,5;17;43;1,8;5,8;16,1;29;;;;;;;;;;;;;;5,6;5,6;5,6;1,4;2;8,8;1,6;15,8;25;38,6;1;12,3;21;29,7;4,7;2;2,8;6;14,3;5,3;1,5;2,8;8,8;16;54;1
"Scheveningen Badplaats";"'s-Gravenhage                           ";"Buurt     ";"BU05180703";"1";0,4;3,5;11,2;33,6;5,3;0,9;3,7;1,1;5,9;14,2;3,7;1,1;4,9;8,2;;;;;;0,6;2,8;11,7;42,2;0,2;25,2;89,8;300,3;0,8;5,1;15,8;37;0,3;7,7;23,3;118,7;0,2;23;76,9;252,9;0,2;31,8;146,7;507;0,2;64,2;91,9;146,8;0,5;5;28,7;99,1;0,3;4,4;24,8;68,6;0,7;1,6;10,8;35,5;1,1;5,2;18,6;53,2;1,1;3,6;12,7;41,2;1,1;2,9;12,7;28,1;;;;;;;;;;;;;;4,2;5;5;1,1;0,6;10,3;0,5;17;25;45,1;0,6;11,9;21;31,9;5,1;0,8;2,6;7;16;3,9;1;1,2;9,4;16;55,9;1,2
"Visserijbuurt";"'s-Gravenhage                           ";"Buurt     ";"BU05180704";"1";0,4;3;15,7;42,1;4,8;0,5;3,3;1,7;6;15;3,3;1,7;5;9;;;;;;0,8;1,2;13,1;52,4;0,3;11,7;112,3;374,6;0,9;7,1;16,4;37;0,6;3,6;26,9;171,7;0,2;10;86,1;323,4;0,3;12,5;175,2;614,4;0,5;72,6;93,7;146,9;0,4;4,5;37,1;117,8;0,4;4;32,7;79,5;0,7;1,6;13,5;43,2;0,7;7,6;22,1;55,6;0,7;5,3;15,1;43,6;0,7;4,3;16;29,2;;;;;;;;;;;;;;4,2;4,6;4,6;1;0,8;9,8;0,9;19,2;25;44,8;1,1;13,6;21;32;4,6;1,4;4;7;16;3,9;1,2;1,6;10,2;16;55,9;1,3
"Rijslag";"'s-Gravenhage                           ";"Buurt     ";"BU05180772";"1";0,5;4,9;13,7;34;5,3;0,6;3,3;1;6;15;3,3;1;5;9;;;;;;0,5;2,5;12,1;48;0,3;25,8;101,1;314,2;1,1;6,5;16;37,9;0,3;7,7;22,8;126,3;0,2;17,4;79,6;287,4;0,3;23,4;151;562,9;0,4;69,3;92,1;149,6;0,2;8,9;30,2;100,4;0,3;6,8;28,1;67,8;0,2;2,5;11,5;34,8;0,5;5,8;19,3;55,2;0,5;4;12,3;43;0,5;3,8;13,3;30;;;;;;;;;;;;;;3,7;4,5;4,5;1,5;0,4;10,3;0,3;19,3;25;46;0,5;12,2;21;32;5,1;0,7;3,2;7;16;3,4;0,5;1,2;10;16;56;1,6
"Wijk 08 Duindorp";"'s-Gravenhage                           ";"Wijk      ";"WK051808  ";"1";1,4;0;21;57,3;4,3;0,4;4,3;2,4;5;11;4,3;1,9;4;6,3;;;;;;0,4;1,2;21;57,9;0,3;2,8;145,6;467,4;1,5;6,1;16,9;33,3;0,9;1,9;39,6;210,9;0,5;1,7;80,8;295,8;0,3;12,3;168,3;530,1;1,6;57;92,2;134,2;0,4;3,4;60;155,4;0,9;1,3;43,2;97;0,4;1,4;23,2;60,8;1,3;12,2;25,1;55,1;1,3;9,1;18;43,1;1,9;6,6;15,2;28,3;;;;;;;;;;;;;;6,3;6;6;1,9;3,1;8;2;12,5;25;36;0,9;10,5;21;27,7;4,8;2,4;2,2;6;12,4;5,7;1,5;3,6;8,7;16,1;53;2,1
"Duindorp";"'s-Gravenhage                           ";"Buurt     ";"BU05180800";"1";1,4;0;21;57,3;4,3;0,4;4,3;2,4;5;11;4,3;1,9;4;6,3;;;;;;0,4;1,2;21;57,9;0,3;2,8;145,6;467,4;1,5;6,1;16,9;33,3;0,9;1,9;39,6;210,9;0,5;1,7;80,8;295,8;0,3;12,3;168,3;530,1;1,6;57;92,2;134,2;0,4;3,4;60;155,4;0,9;1,3;43,2;97;0,4;1,4;23,2;60,8;1,3;12,2;25,1;55,1;1,3;9,1;18;43,1;1,9;6,6;15,2;28,3;;;;;;;;;;;;;;6,3;6;6;1,9;3,1;8;2;12,5;25;36;0,9;10,5;21;27,7;4,8;2,4;2,2;6;12,4;5,7;1,5;3,6;8,7;16,1;53;2,1
"Wijk 09 Geuzen- en Statenkwartier";"'s-Gravenhage                           ";"Wijk      ";"WK051809  ";"1";0,5;3,3;25,5;63,1;3,6;0,6;3,5;3;5,5;13,9;3,5;2,3;4,5;8,3;;;;;;0,5;4,3;26,5;72,9;0,3;30,1;201,3;573,3;0,8;8,7;17,6;37;0,6;3,4;70,4;262,6;0,4;13,5;127,1;404,1;0,3;28,4;265,2;701,5;0,7;74,9;94,8;146,5;0,4;6,9;75,8;172,4;0,5;5;50,2;109,1;0,6;2,9;24,6;70,4;0,8;13,4;28,7;57,2;0,8;8,8;20,7;45,2;1,3;7,7;18,9;30;;;;;;;;;;;;;;5;4,8;4,8;1,3;2,1;8,3;1;18,6;25;43,6;0,9;14,8;21;31,7;3,9;1,4;5;6,8;15,8;4,7;0,9;2,3;10,4;16;55,2;1,4
"Statenkwartier";"'s-Gravenhage                           ";"Buurt     ";"BU05180907";"1";0,5;3,6;26,5;64;3,5;0,5;3,4;3;5,8;14,4;3,4;2,3;4,8;8,7;;;;;;0,4;4,5;27,3;75,3;0,3;32,4;211,8;585,7;0,7;9;17,9;37,5;0,7;2,8;74,5;266,8;0,3;13,6;134,9;418,3;0,3;26;280,3;721,1;0,6;76,2;95,1;147,6;0,4;8,1;78,7;174,3;0,5;6;51,9;110,1;0,6;3,4;25,6;71,1;0,7;13,6;29;57,4;0,8;8,9;20,7;45,4;1,2;7,9;19,1;30;;;;;;;;;;;;;;4,8;4,7;4,7;1,3;2,1;8,3;1;18,8;25;44,3;0,8;15,1;21;31,9;3,8;1,3;5,4;6,9;16;4,5;0,8;2,2;10,6;16,1;55,3;1,4
"Geuzenkwartier";"'s-Gravenhage                           ";"Buurt     ";"BU05180908";"1";0,7;2,5;23,3;61,1;3,8;0,7;3,7;3,1;5;12,5;3,7;2,4;4;7,4;;;;;;0,6;3,8;24,6;67,2;0,4;24,8;176,7;544,5;0,8;8;16,9;35,8;0,4;4,7;60,7;252,7;0,5;13,4;109;370,8;0,3;33,8;229,9;655,7;0,8;71,7;94,1;143,9;0,6;4,1;69,1;168;0,6;2,8;46,2;106,9;0,7;1,6;22,3;68,5;0,9;12,9;28;56,9;0,9;8,4;20,5;44,9;1,5;7,2;18,2;29,9;;;;;;;;;;;;;;5,4;5,2;5,2;1,3;2,2;8,3;1,3;18;25;41,9;1,1;14,1;21;31;4,2;1,7;4,3;6,3;15,3;5,1;1;2,7;9,8;16;54,9;1,2
"Wijk 10 Zorgvliet";"'s-Gravenhage                           ";"Wijk      ";"WK051810  ";"1";0,6;3,3;35,2;69,9;2,7;0,8;2,7;3,6;6;14,7;2,7;2,7;5;9;;;;;;0,8;1,8;36,5;88,6;0,6;22,6;285,3;654,7;1,2;9,7;18,9;37,9;0,8;1,6;131,8;292;0,6;10,8;190,4;472,2;0,5;21,7;385,3;786,2;0,6;78,2;95,9;149,9;0,5;7,6;98,5;196,8;0,4;5,4;61,5;121,6;0,6;2,8;34,3;81,4;0,7;17;33;58,9;0,9;12;23,3;46,9;0,8;11,1;20,7;30,8;;;;;;;;;;;;;;4,8;3,9;3,9;1,6;2,7;7,8;0,7;20;25;45,6;1,1;16,4;21,5;32;3;0,8;5,9;7;16;4,2;1,1;2,2;11,4;16,3;56,2;1,6
"Zorgvliet";"'s-Gravenhage                           ";"Buurt     ";"BU05181041";"1";0,6;3,3;35,2;69,9;2,7;0,8;2,7;3,6;6;14,7;2,7;2,7;5;9;;;;;;0,8;1,8;36,5;88,6;0,6;22,6;285,3;654,7;1,2;9,7;18,9;37,9;0,8;1,6;131,8;292;0,6;10,8;190,4;472,2;0,5;21,7;385,3;786,2;0,6;78,2;95,9;149,9;0,5;7,6;98,5;196,8;0,4;5,4;61,5;121,6;0,6;2,8;34,3;81,4;0,7;17;33;58,9;0,9;12;23,3;46,9;0,8;11,1;20,7;30,8;;;;;;;;;;;;;;4,8;3,9;3,9;1,6;2,7;7,8;0,7;20;25;45,6;1,1;16,4;21,5;32;3;0,8;5,9;7;16;4,2;1,1;2,2;11,4;16,3;56,2;1,6
"Wijk 11 Duinoord";"'s-Gravenhage                           ";"Wijk      ";"WK051811  ";"1";0,4;5,5;43,2;78,7;2,4;0,6;2,4;4;6;14,6;2,4;3;5;9;;;;;;0,6;2,9;45;102,8;0,3;36,6;352,4;714,5;1,2;10,2;19;37,7;0,5;5,4;172,6;305,6;0,3;16,7;217,5;508,6;0,3;41,9;410,8;814,7;0,7;78,8;97,9;149,8;0,4;12,3;117,6;218,3;0,4;7;69;133,9;0,5;3,1;43,4;91,2;0,5;17,4;35,4;60,5;0,6;12,4;25,4;47,9;0,8;11,3;21;31,2;;;;;;;;;;;;;;5,2;3,9;3,9;1,3;2,8;7,1;0,9;20,1;25;45,3;1,2;17,9;21,5;32;2,8;1,1;6;7;16;4,2;1;2,8;12;17;56,4;1,8
"Stadhoudersplantsoen";"'s-Gravenhage                           ";"Buurt     ";"BU05181142";"1";0,3;5,1;40,5;75,8;2,6;0,4;2,6;4;6;14,1;2,6;3;5;9;;;;;;0,5;2,9;41,1;97;0,2;39,8;316,4;686,8;0,9;10,1;19;37,4;0,4;2,4;143,7;297,4;0,3;17,3;194,9;495,7;0,2;36;367,8;805,1;0,6;78,8;97,1;149,8;0,3;9,3;114,8;206,6;0,3;7,4;69;128,7;0,3;3,4;41,6;87,5;0,3;16,6;35,2;59,5;0,3;11,6;25,2;47,4;0,8;10,6;21;30,6;;;;;;;;;;;;;;5,2;4,2;4,2;1,2;3;7,2;0,6;20;25;45;1,4;17,7;21,1;32;3,1;0,9;6;7;16;4,5;0,7;2,6;12;17;56;2
"Sweelinckplein e.o.";"'s-Gravenhage                           ";"Buurt     ";"BU05181143";"1";0,5;5,7;44,5;80,1;2,3;0,7;2,3;4;6;14,8;2,3;3;5;9;;;;;;0,6;2,9;46,8;105,5;0,4;35,1;369,5;727,7;1,3;10,3;19;37,8;0,5;6,8;186,4;309,5;0,4;16,4;228,2;514,7;0,3;44,7;431,3;819,3;0,7;78,9;98,2;149,9;0,4;13,7;118,9;223,9;0,5;6,8;69;136,4;0,6;3;44,3;92,9;0,6;17,7;35,5;60,9;0,7;12,8;25,5;48,2;0,8;11,6;21;31,5;;;;;;;;;;;;;;5,1;3,8;3,8;1,4;2,7;7,1;1;20,2;25;45,4;1,2;18;21,7;32;2,7;1,3;6;7;16;4,1;1,1;2,8;12;17;56,6;1,6
"Wijk 12 Bomen- en Bloemenbuurt";"'s-Gravenhage                           ";"Wijk      ";"WK051812  ";"1";0,4;4,8;34,2;73,4;2,9;0,5;2,9;3,2;5,2;12,6;2,9;2,2;4,2;7,4;;;;;;0,5;3,5;34,7;90,4;0,3;28,4;265,9;646,8;0,7;8,9;18,2;35,4;0,4;7,3;101,5;273;0,4;15,5;140,1;417,3;0,3;22,9;225,6;661,7;1,9;57,8;96,5;141,2;0,4;12,4;98,8;202,2;0,4;7,3;58,1;124,6;0,5;4;37,4;87;0,4;17,2;32,6;58,6;0,4;11,6;23,9;46,1;0,4;9,2;18,6;30,2;;;;;;;;;;;;;;5,6;5,2;5,3;0,8;2,3;6,2;2,1;15;25,2;40;1,9;15,6;21;30,5;3,9;2,3;4,1;6,4;14,4;4,1;0,9;4;10,9;17;54;2,8
"Bloemenbuurt-West";"'s-Gravenhage                           ";"Buurt     ";"BU05181250";"1";0,3;5,4;29,7;64,1;2,4;0,4;2,4;3;5;11,5;2,4;2;4;6;;;;;;0,9;1,3;28,5;81,1;0,6;18;195,2;552,4;1,1;6,6;18;34;0,6;2,2;61,3;230,3;0,6;10,8;100,5;313,2;0,5;8,6;142,6;483,7;2,9;26,7;95,9;132,7;0,6;7,5;76,1;182,6;0,3;6,6;49,3;106,4;0,4;2,7;32;77,7;0,4;15,8;28,5;56;0,4;10,9;21;44;0,4;7,9;14,1;28,9;;;;;;;;;;;;;;4,9;5,7;6,1;1,4;1,4;5,4;3,1;8,2;25,1;35,8;2,6;9,8;21;28,4;4,7;3,2;1;6;12;3,1;1,8;4,8;10,1;17;53;2,9
"Bloemenbuurt-Oost";"'s-Gravenhage                           ";"Buurt     ";"BU05181251";"1";0,4;4,8;32,5;71,5;3;0,6;3;3;5;12;3;2;4;7;;;;;;0,4;3,4;32,8;85,9;0,3;24,7;250,4;625,6;0,8;8,3;17,9;34,8;0,3;7,5;90,1;269,4;0,3;13,9;127,6;390,3;0,3;18,5;204;626,9;2,1;53,3;96,2;139,4;0,4;11,4;94,2;198,2;0,4;7,4;56,4;122;0,7;3,7;35,3;85,9;0,5;17,8;32,1;58,3;0,5;12,1;23,6;46,1;0,5;9,2;18,5;29,9;;;;;;;;;;;;;;5,6;5,4;5,4;0,8;2,2;6,2;2,2;14,7;25,5;38,1;2;15,4;21;30;4,1;2,4;3,6;6,1;13,9;4;1;4,2;10,9;17;53,5;3,1
"Bomenbuurt";"'s-Gravenhage                           ";"Buurt     ";"BU05181252";"1";0,4;4,6;37,8;79;3;0,5;3;3,4;5,6;13,5;3;2,4;4,6;8,5;;;;;;0,5;4,4;39,2;98,7;0,2;36,3;309,1;705;0,4;10,5;18,5;36,6;0,4;8,9;128,9;293;0,3;18,9;168,4;485,5;0,2;33,1;280;765,9;1,4;74,4;97,1;146,4;0,3;15,3;112,2;213,8;0,4;7,4;63,3;134,2;0,5;4,9;41,7;91,5;0,4;17;34,7;60;0,4;11,4;25,3;47;0,4;9,6;20,3;31;;;;;;;;;;;;;;5,9;4,7;4,7;0,4;2,9;6,6;1,6;18;25;43,7;1,4;17,9;21;31,9;3,4;1,8;5,8;6,9;15,9;4,5;0,5;3,5;11,3;17;55;2,5
"Wijk 13 Vogelwijk";"'s-Gravenhage                           ";"Wijk      ";"WK051813  ";"1";0,9;1,3;24,8;61,2;3,5;1,2;3,5;2,7;5;11,2;3,5;1,9;4;6,5;;;;;;0,9;1,4;23,2;71,8;0,7;7,8;167,9;510,7;1,3;6,8;17,4;33,5;1;1,5;52,8;210,2;0,7;3,2;88;307,7;0,6;5,7;158,4;495,5;2,1;41,9;94,4;134,5;0,4;5,3;68,3;169,8;0,3;6,5;44,9;104,1;0,4;3,2;25,8;71,5;0,9;15;27,2;55;0,9;10,2;19,3;43,2;0,9;8,1;15,2;28,5;;;;;;;;;;;;;;5,7;6,1;6,2;1,3;2,5;6,4;2,4;10,9;24,6;36,5;2,6;10,5;20,7;28,3;4,9;2,6;2,2;6,1;12,7;4,1;1,7;4,4;10;17;53,2;3,1
"Vogelwijk";"'s-Gravenhage                           ";"Buurt     ";"BU05181309";"1";0,9;1,3;24,8;61,2;3,5;1,2;3,5;2,7;5;11,2;3,5;1,9;4;6,5;;;;;;0,9;1,4;23,2;71,8;0,7;7,8;167,9;510,7;1,3;6,8;17,4;33,5;1;1,5;52,8;210,2;0,7;3,2;88;307,7;0,6;5,7;158,4;495,5;2,1;41,9;94,4;134,5;0,4;5,3;68,3;169,8;0,3;6,5;44,9;104,1;0,4;3,2;25,8;71,5;0,9;15;27,2;55;0,9;10,2;19,3;43,2;0,9;8,1;15,2;28,5;;;;;;;;;;;;;;5,7;6,1;6,2;1,3;2,5;6,4;2,4;10,9;24,6;36,5;2,6;10,5;20,7;28,3;4,9;2,6;2,2;6,1;12,7;4,1;1,7;4,4;10;17;53,2;3,1
"Wijk 14 Bohemen en Meer en Bos";"'s-Gravenhage                           ";"Wijk      ";"WK051814  ";"1";0,8;1,2;18;47,2;3;0,8;3;1,8;5;11;3;1,1;4;6;;;;;;0,5;2,7;16,6;61,4;0,4;12,7;103,3;380,1;1;5,6;17,5;32,7;1,4;0,1;15,4;127,2;0,7;4;55;203,6;0,6;6;63,1;262,7;1,5;8,2;94,3;130,5;0,5;2,8;43,9;140;0,5;3,6;31,5;82,3;0,6;1,7;20;58,1;0,6;10,3;23,7;52,7;1;7,3;17,2;41,5;0,6;5,9;10,2;26,8;;;;;;;;;;;;;;4;6,4;7,1;1,1;1,6;4,6;4,4;3,7;24,4;35,7;3,6;4,3;19,8;26,9;5,9;4,6;0,8;6;12;2,1;2,4;5,7;10,1;17;53;2,6
"Bosjes van Pex";"'s-Gravenhage                           ";"Buurt     ";"BU05181481";"1";0,6;4,6;22,3;54,7;2,5;0,9;2,5;2,8;5;11;2,5;1,8;4;6;;;;;;0,8;2,7;22,8;73,1;0,6;17,9;145,1;472,8;0,8;6;18;33,1;0,6;1;37,4;178;0,7;9,3;79,2;253,3;0,6;6,5;97,7;360,6;2,3;15,2;95;130,6;0,7;4,1;61;166,5;0,4;4,5;39,5;95,8;0,8;1,1;26,5;70,4;0,6;12,8;26;54,9;1,1;8,8;19;42,9;0,6;7,3;11;28,2;;;;;;;;;;;;;;4,5;5,8;6,6;1,1;1,3;5;3,7;6,3;25;35;3,2;6,7;20,2;27,8;5,3;3,9;1;6;12;2,7;2,5;5,2;10;17;53;2,5
"Bohemen en Meer en Bos";"'s-Gravenhage                           ";"Buurt     ";"BU05181492";"1";0,8;0,9;17,7;46,6;3,1;0,8;3,1;1,8;5;11;3,1;1;4;6;;;;;;0,5;2,7;16,1;60,4;0,4;12,2;99,8;372,4;1;5,5;17,4;32,6;1,4;0,1;13,6;123;0,7;3,6;53;199,5;0,6;5,9;60,2;254,6;1,4;7,6;94,3;130,5;0,4;2,7;42,4;137,8;0,5;3,5;30,8;81,2;0,6;1,8;19,5;57,1;0,5;10,1;23,5;52,5;1;7,1;17;41,4;0,6;5,8;10,1;26,7;;;;;;;;;;;;;;3,9;6,4;7,2;1,1;1,6;4,6;4,5;3,4;24,3;35,8;3,7;4,1;19,8;26,8;6;4,6;0,7;6;12;2;2,3;5,7;10,1;17;53;2,6
"Wijk 15 Kijkduin en Ockenburgh";"'s-Gravenhage                           ";"Wijk      ";"WK051815  ";"1";1,7;0;10,5;31,6;3,9;1,7;3,9;1,1;4,6;11;3,9;1;3,1;6;;;;;;0,8;0,7;9,8;40,2;0,6;4,9;62,4;217,9;1,8;3,5;17,4;31,8;2,2;0;4,6;57,2;0,7;2,3;29,3;124,7;0,7;7,8;38,4;146,3;1,4;3,5;89,1;128,4;0,8;1,3;22,4;91,3;0,9;1,3;19,4;57,6;1,3;0,4;10,6;40,3;1;8,1;16,5;51;1,5;5,4;11,7;40,1;1,3;4,1;7,6;26,3;;;;;;;;;;;;;;3,7;7,4;8,1;1,9;2,7;4,5;5,2;1,7;22;35,3;4,5;2;19,4;26,2;6,9;5,5;0,2;5,9;11,8;2,3;2,4;6,6;8,3;17;51,1;3,4
"Ockenburgh";"'s-Gravenhage                           ";"Buurt     ";"BU05181590";"1";1,8;0;7,5;25,7;3,9;1,8;3,9;1;4,9;11;3,9;1;2,6;6;;;;;;1,1;0,4;9,5;35,3;0,7;3;52,4;162,1;1,8;2,7;18;31,4;2,1;0;3,2;35,1;1,1;1,1;24,1;100,5;0,9;3,3;29,4;91,7;2;2,5;85,7;127,2;0,7;1,5;17,8;74,6;0,7;1,6;14,7;48,1;1,3;0,1;9;35,5;0,8;6,1;13,5;52,7;1,2;3,9;9,9;41,9;1,3;2,3;5,9;26,9;;;;;;;;;;;;;;2,9;7,7;8,4;1,8;3,1;3,8;6;0,1;21,4;35,3;4,5;0,9;19,8;26;7,2;6,5;0;5,6;11,4;1,8;1,8;6,8;7,1;17;49,5;3,4
"Kijkduin";"'s-Gravenhage                           ";"Buurt     ";"BU05181591";"1";1,7;0;12,4;35,2;3,9;1,7;3,9;1,2;4,4;11;3,9;1;3,4;6;;;;;;0,6;0,9;10;43,2;0,6;6;68,5;252,7;1,8;3,9;17;32;2,2;0;5,5;70,9;0,5;3;32,6;139,8;0,6;10,6;43,9;180,4;1;4,2;91,3;129,1;0,9;1,2;25,2;101,8;1;1,2;22,3;63,6;1,2;0,6;11,6;43,3;1,2;9,4;18,3;50;1,6;6,4;12,8;39;1,2;5,2;8,6;26;;;;;;;;;;;;;;4,2;7,2;8;1,9;2,4;4,9;4,7;2,7;22,4;35,3;4,5;2,7;19,2;26,3;6,8;4,9;0,4;6;12;2,6;2,7;6,5;8,9;17;52,1;3,4
"Wijk 16 Kraayenstein en Vroondaal";"'s-Gravenhage                           ";"Wijk      ";"WK051816  ";"1";2,1;0;5,8;25;3,6;2,1;3,7;1;5,6;11,4;3,7;1;2,6;6,3;;;;;;1,6;0,6;10;39;1,2;3,2;37,6;167,9;2,3;3,4;17,3;32,2;1,7;0,6;3,5;33;1;1,5;22;106,3;1,1;1,2;17,1;86,1;3;4,2;67,8;129,8;1;1,2;16,6;70;1,1;0,6;10,7;46,6;1,7;0,3;7,8;33,9;1,6;3,3;11,3;50,6;1,6;2,9;8,4;41,3;3,3;0,4;3,6;24,3;;;;;;;;;;;;;;1,5;7,8;8,5;2,1;3,2;2,7;5,4;0,3;17,4;35,2;4,1;0,8;18,3;26,1;7,5;7,7;0;5,3;11,2;2,3;1,9;6;5,8;17;49;3,1
"Kraayenstein en Vroondaal";"'s-Gravenhage                           ";"Buurt     ";"BU05181697";"1";2,1;0;5,8;25;3,6;2,1;3,7;1;5,6;11,4;3,7;1;2,6;6,3;;;;;;1,6;0,6;10;39;1,2;3,2;37,6;167,9;2,3;3,4;17,3;32,2;1,7;0,6;3,5;33;1;1,5;22;106,3;1,1;1,2;17,1;86,1;3;4,2;67,8;129,8;1;1,2;16,6;70;1,1;0,6;10,7;46,6;1,7;0,3;7,8;33,9;1,6;3,3;11,3;50,6;1,6;2,9;8,4;41,3;3,3;0,4;3,6;24,3;;;;;;;;;;;;;;1,5;7,8;8,5;2,1;3,2;2,7;5,4;0,3;17,4;35,2;4,1;0,8;18,3;26,1;7,5;7,7;0;5,3;11,2;2,3;1,9;6;5,8;17;49;3,1
"Wijk 17 Loosduinen";"'s-Gravenhage                           ";"Wijk      ";"WK051817  ";"1";0,7;2,8;19,5;52;1,7;0,6;1,7;2,5;6,4;12,1;1,7;1,5;4;6,8;;;;;;0,6;2,6;27,6;69,3;0,5;11,7;134,6;423,3;1,2;6;19,3;33,9;0,8;1,3;30,9;160,8;0,5;6,6;79,4;234,6;0,6;4,1;55,3;257,7;2,6;6,4;97,1;133,6;0,5;3,4;50,9;155,7;0,5;2,1;29,5;92,9;0,5;2,4;23,9;69,4;1,5;8,5;22,6;60,1;1,5;5,9;17,7;47,5;2;3;9,7;30,4;;;;;;;;;;;;;;2,4;5,7;6,4;1,2;2,2;3;5,5;1,1;24,2;36,7;2,4;4;20,9;27,3;5,4;5,6;0,5;6;12,2;1,4;1,2;4,6;10,7;17,5;52,5;1,4
"Kerketuinen en Zichtenburg";"'s-Gravenhage                           ";"Buurt     ";"BU05181785";"1";0,8;1,5;15,4;55,5;1,8;0,8;1,8;2,7;7,7;12;1,8;1,7;4,7;7;;;;;;0,5;7;30,9;70;0,4;10;119,5;424,9;2,1;7;20;34,7;0,1;2;18,2;167,1;0,4;7,6;82,3;225,1;0,4;2,9;44,9;225,6;1,2;4,7;98,3;135,5;0,5;4,1;46,5;159,9;0,5;1;26,2;104,2;0,5;1,7;24,8;75,5;1,4;5,1;20,7;66;1,4;5;16,7;51,3;3,1;0;8,7;34,6;;;;;;;;;;;;;;1,8;5,5;6,2;0,5;3;1,6;5,5;0;24;37;1,6;3;21,5;27;5,5;5,4;0;6;12;2,1;1,6;3,9;11,7;18;52;1,3
"Houtwijk";"'s-Gravenhage                           ";"Buurt     ";"BU05181786";"1";0,7;2,4;21,8;55,9;1,4;0,7;1,4;2,7;6,1;12,4;1,4;1,7;4;6,9;;;;;;0,7;2,3;30,9;74,1;0,7;7,1;151,6;460,5;1,5;6,4;19,4;34,4;0,8;1,4;39,7;180;0,6;5,6;90,9;253,8;0,8;3;60,4;289,1;2,7;7,7;97,2;134,8;0,6;2,7;57,8;169,1;0,6;2;32,6;101,3;0,5;2,2;27,3;75,4;1,6;8,7;24,4;61,8;1,6;6,2;19,2;48,6;2,1;3;10,6;31,2;;;;;;;;;;;;;;2,5;5,4;6,2;1,4;2,1;3,1;5,3;1,5;24,7;36,8;2,1;4,9;21,2;27,4;5,2;5,3;0,7;6;12,2;1,7;1,4;4,3;10,9;17,7;52,8;1,2
"Kom Loosduinen";"'s-Gravenhage                           ";"Buurt     ";"BU05181795";"1";0,5;3,7;13,8;42;2,5;0,5;2,5;1,8;7;11,3;2,5;1;4;6,3;;;;;;0,4;3,2;19,1;57,3;0,2;23,3;92,2;329,8;0,5;5;19,1;32,5;0,6;1;9,2;112,2;0,3;9,3;50,3;186,5;0,3;7;42,9;179,8;2,4;3,1;96,7;130,5;0,3;5,1;33,9;122;0,5;2,5;21,8;71,5;0,5;2,9;15,3;54,1;1,3;8,1;18,3;55,6;1,3;5,1;14,1;44,5;1,8;3;7,6;28,3;;;;;;;;;;;;;;2,1;6,4;7,2;0,5;2,4;2,8;6;0;23,2;36,6;3,1;1,8;20;27;6;6,1;0;6;12;0,5;0,6;5,5;10,2;17;51,5;2
"Wijk 18 Waldeck";"'s-Gravenhage                           ";"Wijk      ";"WK051818  ";"1";0,6;2,6;19,6;49,8;2,4;0,7;2,4;2,3;5,9;11,5;2,4;1,4;4;6,4;;;;;;0,7;2,1;20,2;65,5;0,4;14,9;121,3;409,4;0,9;5,4;18,7;33,1;1,1;0,6;26,7;149,3;0,5;6,1;67,3;221,3;0,6;4,9;65,1;259;2,3;6,6;96,1;132,5;0,4;4,3;47,2;147,8;0,5;2,7;32,1;86,2;0,5;2,1;22,4;64,3;0,7;9,9;23,2;56,3;0,7;6,7;17,5;44,6;1,2;5;9,9;28,3;;;;;;;;;;;;;;3,2;6;6,7;0,8;1,4;3,8;5;2,3;24,4;36,7;3;4;20,5;27,2;5,5;5,2;0,5;6;12,1;1,3;1,6;5,2;10,7;17,1;52,9;2
"Waldeck-Zuid";"'s-Gravenhage                           ";"Buurt     ";"BU05181806";"1";0,6;3,8;13,1;40,9;2,6;0,6;2,6;1,7;7;11;2,6;1;4;6;;;;;;0,4;3,9;14,2;55,1;0,3;27,5;84,6;315,7;0,5;5;19;32,3;1;0,4;8,4;105,8;0,4;9,8;44,9;178,4;0,3;7,3;42,6;173,5;2;2,3;96,6;130,6;0,5;5,6;30,7;120,4;0,7;2,4;22,1;69,7;0,5;3,4;14,2;52,7;0,9;8,2;19;53,9;0,9;5,2;14,3;42,9;1,4;3,2;8,1;27,5;;;;;;;;;;;;;;2,4;6,5;7,3;0,5;2,1;3,1;5,8;0;22,8;37;3,2;1,9;20;27;6,1;6;0;6;12;0,5;0,8;5,6;10;17;52;2,1
"Nieuw Waldeck";"'s-Gravenhage                           ";"Buurt     ";"BU05181840";"1";0,5;3,1;19;49;2,3;0,7;2,3;2,4;5,9;11,5;2,3;1,4;4;6,5;;;;;;0,8;1,7;19;63,3;0,6;10,2;110;403,1;1;5,3;18,5;33,3;1,1;0,5;21,2;145,9;0,7;4,7;61,7;212,6;0,8;3,6;55,8;239,5;2,6;4,8;95,8;132,8;0,4;3;43,8;145,3;0,5;2,4;30,8;84,8;0,5;1,8;21,5;63,5;0,8;9,7;23;56,1;0,8;6,6;17,4;44,6;1,4;4,9;9,7;28,3;;;;;;;;;;;;;;3,1;6;6,7;0,8;1,4;3,8;5,1;1,8;24,8;36,8;2,9;3,1;20,4;27;5,5;5,3;0,2;6;12;1,3;1,7;5,2;10,7;17,1;53;1,8
"Rosenburg";"'s-Gravenhage                           ";"Buurt     ";"BU05181882";"1";0,6;2,8;28;61,8;1,7;0,6;1,8;3;5;12,4;1,8;2;4;6,7;;;;;;0,8;1;32,4;83,2;0,4;16,8;197,7;529,7;1;6;18,8;33,8;0,6;1,7;63,7;214,3;0,5;9;109,8;296,2;0,5;5,5;108,7;390,9;2,9;14,9;96,6;134,6;0,6;6,5;73,4;185,7;0,7;3,1;44,1;107,2;0,8;1,7;33,6;80,8;0,6;11,4;28,2;60,8;0,7;7,8;21,5;47,9;0,9;6,3;12;30,2;;;;;;;;;;;;;;3,7;5,2;5,9;1;0,9;4,2;4,3;5,1;25;36,3;2,4;8,6;21,2;27,8;4,7;4,5;1,6;6;12,5;2;1,8;4,4;11,3;17,1;53,2;1,7
"Componistenbuurt";"'s-Gravenhage                           ";"Buurt     ";"BU05181893";"1";0,4;2;21,7;53,4;2,4;0,4;2,4;2,6;5;11,3;2,4;1,6;4;6,3;;;;;;0,5;3,6;20,7;71,4;0,5;17,9;135,2;457,6;0,5;5,9;18,2;33,3;1;0,6;32,4;169,2;0,5;5,8;74,8;237,8;0,5;5;80,8;303,9;2;9,7;95,3;132,9;0,4;4,7;56,8;160,5;0,4;4,7;37;92,2;0,5;3;25,9;69,5;0,5;11,1;26,2;57;0,6;7,8;19,3;45,1;0,6;6,5;11,1;28,4;;;;;;;;;;;;;;3,7;5,8;6,5;0,4;0,9;4,3;4,4;5,1;25;36,6;3;4;20,9;27;5,3;4,6;1;6;12;1,8;2,1;5,1;11;17;53;1,9
"Waldeck-Noord";"'s-Gravenhage                           ";"Buurt     ";"BU05181894";"1";1;1;15,2;42,5;3,1;1;3,1;1,6;6,7;11;3,1;1;4;6;;;;;;0,3;2,3;13,4;55,5;0,3;13,9;82,8;330;1,1;5;18,8;32,3;1,5;0;9;105;0,3;4,1;45,4;180,9;0,4;5,6;46,4;195,2;1,6;3,2;96,2;130,7;0,3;3,7;32,6;124,4;0,5;2,1;25,9;74,6;0,3;2;15,8;53;0,4;9,4;19,5;53,1;0,4;6,4;14,4;42,1;1,1;4,4;8,4;27,1;;;;;;;;;;;;;;3;6,6;7,3;1;1,7;3,7;5,3;0,3;23,6;37;3,7;2,3;20;27;6,1;5,4;0;6;12;1,1;1,4;5,9;10;17;53;2,6
"Wijk 19 Vruchtenbuurt";"'s-Gravenhage                           ";"Wijk      ";"WK051819  ";"1";0,4;4;33,4;67;1,9;0,5;1,9;3;5;12,3;1,9;2;4;6,3;;;;;;1;0,9;36,4;89,5;0,2;20,9;237,4;588,1;1,1;6,6;18,6;34,1;0,5;3,1;81,3;246,2;0,3;12,6;128;345,7;0,3;9,8;146,3;509,5;3;26,4;97;135;0,3;10,1;87,4;200,6;0,5;5,2;52,5;116,1;0,5;2,9;37,6;85,9;0,7;14,3;30,1;60,4;0,8;9,8;22,9;47,7;0,7;7,7;13,9;30,3;;;;;;;;;;;;;;4,3;5,1;5,6;1,1;1;4,9;3,5;8,3;25,1;35,5;2,3;12;21;29;4,3;3,7;2,3;6;12,8;2,6;1,7;4,4;11;17;53,3;2,3
"Vruchtenbuurt";"'s-Gravenhage                           ";"Buurt     ";"BU05181953";"1";0,4;4,4;33,2;66,7;2;0,4;2;3;5;12,1;2;2;4;6,2;;;;;;0,9;1,2;35,4;88;0,2;22,1;233;585;1,1;6,7;18,5;34,2;0,4;3,5;78,7;245,6;0,3;13,1;125,6;344,4;0,3;10,8;150,1;515,8;2,9;27,5;97;134,8;0,3;10,3;86,7;198,1;0,4;5,8;52,6;115;0,5;3,2;36,8;84,7;0,7;14,8;30,1;59,5;0,7;10;22,8;47,2;0,7;7,9;14,2;29,8;;;;;;;;;;;;;;4,4;5,2;5,7;1,1;1;5;3,4;8,7;25,1;35,6;2,4;12,2;21;29;4,4;3,6;2,2;6;12,7;2,7;1,7;4,5;11;17;53,2;2,4
"Eykenduinen";"'s-Gravenhage                           ";"Buurt     ";"BU05181983";"1";0,5;2,8;34,2;67,8;1,4;0,5;1,5;3;5;12,6;1,5;2;4;6,6;;;;;;1,1;0,3;39;93,4;0,3;17,7;249,4;596,5;1,3;6,2;19;34;0,5;2,2;88,4;247,7;0,4;11,5;134,5;349,3;0,4;7;136,1;492,2;3,3;23,3;97;135,4;0,4;9,6;89,4;207,4;0,7;3,5;52,4;119;0,7;2,2;39,8;89,4;0,9;13;30,1;63;0,9;9;23,1;49,4;0,9;7,1;13,1;31,7;;;;;;;;;;;;;;4;4,8;5,5;1,2;1;4,5;3,8;7,3;25;35,3;2,1;11,4;21,1;28,9;4,3;4;2,5;6;13;2,3;1,5;4,1;11;17;53,3;1,9
"Wijk 20 Valkenboskwartier";"'s-Gravenhage                           ";"Wijk      ";"WK051820  ";"1";0,4;5,4;42;82;2,4;0,7;2,4;3,1;5,8;14,2;2,4;2,1;4,8;8,4;;;;;;0,5;6,7;43,6;110,5;0,3;41,8;359,1;741,1;1,1;10,6;19,2;36,6;0,3;27;168,6;301,6;0,4;22,8;184,4;493,4;0,3;35,6;281,3;745,3;2,1;59,6;99,5;144,8;0,4;13,6;121,1;231,9;0,5;5,4;66,2;139,9;0,6;3,6;48,4;97,8;0,7;18,9;36,2;62,8;1,2;13,6;26,7;48,2;1,2;10;20,6;33,1;;;;;;;;;;;;;;5,2;4,3;4,3;0,6;2,3;5,8;2,4;16,4;26;41,3;1,2;17,3;21,2;31,7;3;2,6;5,1;7,2;15,1;3,7;0,7;3,7;11,7;17;55,1;2
"Heesterbuurt";"'s-Gravenhage                           ";"Buurt     ";"BU05182054";"1";0,4;3,4;38,7;78,4;2,5;0,8;2,5;3;5,5;13,3;2,5;2;4,5;7,6;;;;;;0,7;3,3;37,9;104,7;0,4;21,1;303,9;701;1,3;9,9;19,2;35,5;0,4;14,7;128,8;289,5;0,5;13,4;153;459,4;0,4;19,3;209,1;702;2,4;51,9;97,9;140,3;0,6;10,1;109,6;220,2;0,6;4,1;61,5;131,9;0,6;2,6;44,2;92,3;0,9;17,4;33,9;61,3;1,2;12;25,3;47,2;1,2;9,5;18,2;32,1;;;;;;;;;;;;;;5,1;4,6;4,7;0,7;2;5,7;2,7;14,6;25,8;38,1;1,6;16,9;21;30,2;3,4;2,9;5;6,8;14;3,5;1;4;11,2;17;54,2;2,4
"Valkenboskwartier";"'s-Gravenhage                           ";"Buurt     ";"BU05182055";"1";0,4;6,5;44;84,2;2,3;0,6;2,3;3,2;6;14,7;2,3;2,2;5;8,9;;;;;;0,4;8,7;47;114;0,2;54,1;391,8;764,8;1;11;19,2;37,3;0,2;34,4;192,1;308,8;0,3;28,4;203;513,6;0,2;45,3;324,1;771;1,8;64,1;100,5;147,5;0,3;15,7;128;238,8;0,5;6,1;69;144,6;0,5;4,2;50,9;101;0,6;19,8;37,5;63,6;1,1;14,5;27,5;48,7;1,2;10,3;22,1;33,6;;;;;;;;;;;;;;5,3;4,1;4,1;0,6;2,4;5,9;2,2;17,5;26,1;43,2;1;17,5;21,4;32,6;2,8;2,4;5,1;7,4;15,8;3,8;0,5;3,5;11,9;17;55,6;1,8
"Wijk 21 Regentessekwartier";"'s-Gravenhage                           ";"Wijk      ";"WK051821  ";"1";0,5;5,1;46,2;87,2;1,6;0,5;1,6;3,8;6;15,2;1,6;2,8;5;9,2;;;;;;0,6;5,2;51,6;116,3;0,3;44,3;440,1;779,2;1,4;11;19,4;38,5;0,3;23,6;226,4;317,9;0,3;23,3;262;524,8;0,2;38,7;444,5;807,4;1,2;68,5;103,1;151,7;0,4;12,1;130,1;249,5;0,5;4,9;68,1;149,6;0,5;4,4;51,7;103,8;0,8;18,4;37,3;65,3;0,9;14,2;27,1;50,3;1;10,1;22,2;34,5;;;;;;;;;;;;;;4,7;3,6;3,6;1,3;2;6,4;1,8;19,4;25,9;44,9;0,6;17,9;22,2;32,4;2,1;2,1;5,4;7,9;16;3,4;1,1;3,2;12;17;56,7;1,1
"Rond de Energiecentrale";"'s-Gravenhage                           ";"Buurt     ";"BU05182110";"1";0,5;4,6;44,5;88,4;1,3;0,5;1,3;3,5;6,1;15,6;1,3;2,5;5,1;9,4;;;;;;0,7;4,6;53,6;121,3;0,3;42,5;455,7;797,8;1,3;11,7;19,8;39;0,3;30,3;237,7;321,3;0,3;22,5;282,1;533,6;0,3;30,2;459,1;820,5;1,4;65,1;106,3;152,6;0,3;11,7;128,7;258,5;0,5;5,2;64,5;154,9;0,4;5,6;51,4;106,7;0,7;17,8;38,2;66,7;0,8;13,7;28,2;51,4;0,9;9,4;22,8;35,2;;;;;;;;;;;;;;4,4;3,3;3,3;1,2;1,8;6,2;2,1;19;26,9;44,8;0,6;17,9;22,6;32,7;1,8;2,3;5,1;8,7;16;3,1;1,1;3;12;17;56,5;0,8
"Koningsplein e.o.";"'s-Gravenhage                           ";"Buurt     ";"BU05182144";"1";0,5;5,5;47,6;86,2;1,9;0,6;1,9;4;6;14,9;1,9;3;5;9;;;;;;0,5;5,8;49,9;111,9;0,3;45,8;426,4;762,8;1,4;10,4;19,1;38,1;0,4;17,7;216,4;314,8;0,3;24,1;244,3;517,1;0,2;46,1;431,6;795,8;1,1;71,5;100,4;151;0,4;12,5;131,3;241,6;0,6;4,7;71,3;144,9;0,6;3,4;51,9;101,1;0,8;18,9;36,5;64;1;14,7;26,2;49,3;1,1;10,6;21,7;33,9;;;;;;;;;;;;;;5;3,8;3,8;1,3;2,3;6,5;1,6;19,7;25,1;45;0,6;18;21,8;32,1;2,3;1,9;5,8;7,2;16;3,7;1,1;3,3;12;17;56,8;1,3
"Wijk 22 Zeeheldenkwartier";"'s-Gravenhage                           ";"Wijk      ";"WK051822  ";"1";0,7;1,7;43,7;79,9;1,8;0,7;1,8;3,9;6;16;1,8;2,9;5;9;;;;;;0,4;4,5;52,7;108,7;0,3;27,6;420,9;749,8;2,1;9,8;19,3;39,4;0,3;16,3;216,5;319,4;0,3;26,8;290,3;512,4;0,2;57;527,2;822,9;0,5;77;100,2;151,7;0,4;10,4;113,6;240,3;0,6;2,5;65,1;143,9;0,9;0,8;44,5;95,9;0,8;18,1;34,9;63,1;1,3;13;25,1;49,8;0,8;11,3;20,8;33,4;;;;;;;;;;;;;;4,3;3;3;2,1;2,2;7,5;0,9;20,9;25;46,3;0,9;17,7;22;32;1,9;1,7;5,9;7,5;16;3,6;1;2,7;11,9;16,7;57;1
"Zeeheldenkwartier";"'s-Gravenhage                           ";"Buurt     ";"BU05182245";"1";0,7;1,7;43,7;79,9;1,8;0,7;1,8;3,9;6;16;1,8;2,9;5;9;;;;;;0,4;4,5;52,7;108,7;0,3;27,6;420,9;749,8;2,1;9,8;19,3;39,4;0,3;16,3;216,5;319,4;0,3;26,8;290,3;512,4;0,2;57;527,2;822,9;0,5;77;100,2;151,7;0,4;10,4;113,6;240,3;0,6;2,5;65,1;143,9;0,9;0,8;44,5;95,9;0,8;18,1;34,9;63,1;1,3;13;25,1;49,8;0,8;11,3;20,8;33,4;;;;;;;;;;;;;;4,3;3;3;2,1;2,2;7,5;0,9;20,9;25;46,3;0,9;17,7;22;32;1,9;1,7;5,9;7,5;16;3,6;1;2,7;11,9;16,7;57;1
"Wijk 23 Willemspark";"'s-Gravenhage                           ";"Wijk      ";"WK051823  ";"1";0,7;3,2;20,6;72,3;3,2;1;2,4;3;6;16;2,4;2,6;5;9;;;;;;1,1;0,3;35;97,8;0,3;18,2;221,8;687,8;1,7;10,8;20,6;41,5;0,3;5,7;102,8;303,7;0,2;15,4;238,8;491;0,1;40;450,8;839,4;0,6;83,1;99,1;154,6;0,3;6,5;62,2;214,2;0,3;5,5;39,3;130,3;0,5;1,5;20,2;82,2;0,8;11;33,8;64,1;0,8;5,8;25;50;0,8;9,9;20;36;;;;;;;;;;;;;;3,1;1,8;1,8;2,1;3,3;9,1;0,8;22,1;25;47,1;1;16,2;22;32;2,9;1,9;6;8,5;16;3;1,5;1,8;11,4;17,9;57;1,2
"Willemspark";"'s-Gravenhage                           ";"Buurt     ";"BU05182347";"1";0,7;3,2;20,6;72,3;3,2;1;2,4;3;6;16;2,4;2,6;5;9;;;;;;1,1;0,3;35;97,8;0,3;18,2;221,8;687,8;1,7;10,8;20,6;41,5;0,3;5,7;102,8;303,7;0,2;15,4;238,8;491;0,1;40;450,8;839,4;0,6;83,1;99,1;154,6;0,3;6,5;62,2;214,2;0,3;5,5;39,3;130,3;0,5;1,5;20,2;82,2;0,8;11;33,8;64,1;0,8;5,8;25;50;0,8;9,9;20;36;;;;;;;;;;;;;;3,1;1,8;1,8;2,1;3,3;9,1;0,8;22,1;25;47,1;1;16,2;22;32;2,9;1,9;6;8,5;16;3;1,5;1,8;11,4;17,9;57;1,2
"Wijk 24 Haagse Bos";"'s-Gravenhage                           ";"Wijk      ";"WK051824  ";"1";0,6;0,8;16,6;64;3,6;0,8;3;3,7;7;16,6;3;3,3;5;9,6;;;;;;0,6;5,6;33,1;88;0,6;14,1;185,1;577,5;1,1;6,9;21,5;44,4;0,7;4,7;71,6;244;0,3;21,2;200,6;422,7;0,5;34,5;342,1;705,2;0,9;58,2;101;157,1;0,5;5,4;48,7;180,8;0,5;1,5;35,5;117,5;1,1;0,9;17,5;72,5;0,6;12,1;28,2;64,7;1,7;8,7;21,1;50;0,6;8,3;16,2;36,3;;;;;;;;;;;;;;1,4;1,1;1,1;1,1;1,6;9,4;0,6;22,2;26,3;49;1,7;14,9;22;32;3,1;2,1;6,2;9,6;16;2,9;0,7;3,4;13;18;57,2;3,1
"Haagse Bos";"'s-Gravenhage                           ";"Buurt     ";"BU05182449";"1";0,6;0,8;16,6;64;3,6;0,8;3;3,7;7;16,6;3;3,3;5;9,6;;;;;;0,6;5,6;33,1;88;0,6;14,1;185,1;577,5;1,1;6,9;21,5;44,4;0,7;4,7;71,6;244;0,3;21,2;200,6;422,7;0,5;34,5;342,1;705,2;0,9;58,2;101;157,1;0,5;5,4;48,7;180,8;0,5;1,5;35,5;117,5;1,1;0,9;17,5;72,5;0,6;12,1;28,2;64,7;1,7;8,7;21,1;50;0,6;8,3;16,2;36,3;;;;;;;;;;;;;;1,4;1,1;1,1;1,1;1,6;9,4;0,6;22,2;26,3;49;1,7;14,9;22;32;3,1;2,1;6,2;9,6;16;2,9;0,7;3,4;13;18;57,2;3,1
"Wijk 25 Mariahoeve en Marlot";"'s-Gravenhage                           ";"Wijk      ";"WK051825  ";"1";0,7;1,8;7,3;36,3;2,8;0,7;2,8;2,3;7;16,9;2,8;2,3;5;10;;;;;;0,6;2,1;17,1;53,2;0,7;5,6;67,9;274,8;2,7;5,5;19,9;44;1,1;1,2;15,3;90,9;0,6;3,9;55,5;259,7;0,8;2,2;70,7;420,6;1,7;34,7;96,7;157,8;0,6;2,8;29,2;95,8;0,5;3,6;21,9;69,4;0,6;2,5;11,3;40,4;0,6;5,7;19,8;58,4;0,6;4,3;15,3;46,3;2,6;2,2;11,9;34,3;;;;;;;;;;;;;;1,4;1,6;3,4;1,9;1,4;11,2;2,7;13,6;26,9;49;0,9;8,2;22;32;4,9;2,5;3,5;9,9;16;4,6;2,2;3;13;18;57,3;1,9
"Landen";"'s-Gravenhage                           ";"Buurt     ";"BU05182561";"1";0,8;1,4;7,1;29,8;2,6;0,7;2,6;1,3;7;16,8;2,6;1,3;5;10;;;;;;0,5;2,1;14,8;45,4;0,9;4,1;59,8;211,8;2,6;5;18,6;44,2;1,4;0,1;14,7;57,3;0,8;3,5;46,3;207,7;1;0,5;52,8;334,2;1,7;26,6;95,3;158,2;0,8;2,3;25,5;77,8;0,5;2,9;21,4;58;0,5;2,6;10,9;32,6;0,4;4;17,6;56;0,4;3,9;12,9;44,5;3;0,7;10,6;33,4;;;;;;;;;;;;;;1,2;1,5;3,9;2,4;1,9;11,7;3;11,7;27,2;49;1;5,9;21,9;32;5,3;2,3;2,4;10;16;5,1;2,7;2,8;13;18;57,5;1,8
"Kampen";"'s-Gravenhage                           ";"Buurt     ";"BU05182567";"1";0,6;2,4;7,1;48,5;3,1;0,8;3,1;4;7;17;3,1;4;5;10;;;;;;0,8;1,9;22,2;66,3;0,7;5,4;86,5;384,2;2,6;6,2;22;44;0,5;3,8;17,5;149,2;0,6;4;82,1;329,1;0,5;6,5;109,6;543,8;1,4;45,3;99;157,3;0,8;3,6;33,4;127,8;0,5;4,2;22,7;87,8;0,8;1,8;12;55;0,9;8,9;22;61,9;0,9;5,7;17,9;48,9;2;4,7;12,9;35,9;;;;;;;;;;;;;;1,9;1,6;2,7;1,1;0,7;10,4;2,1;16,9;26,5;49;1;10,6;22;32;4,1;2,8;4,8;9,4;16;4;1,5;3,4;13;18;57;2,3
"Marlot";"'s-Gravenhage                           ";"Buurt     ";"BU05182568";"1";1,5;0;6;26,5;3,3;1,4;3,3;1,6;7;16,3;3,3;1,6;5;10;;;;;;1;0,5;9,5;40,1;1,6;0;29;194,8;3,3;5;17,4;42,7;2,1;0;10,1;50,3;0,7;1;24,5;185,4;1;0,6;32,1;304,6;1,4;27,1;95,5;158,3;1,2;0,3;15,9;69;1;0,8;13,9;52;1;0,7;7,3;29;1,2;3,4;16,3;54;1,2;3;12,3;42,8;3,1;0,4;9,7;33,1;;;;;;;;;;;;;;0,9;2,3;3,7;2,4;2;12;2,7;10,7;27,2;49;1,2;6,6;22;32;5,6;3;2,5;10;16;4,8;2,8;3,5;12,7;18;58,1;2,5
"Burgen en Horsten";"'s-Gravenhage                           ";"Buurt     ";"BU05182569";"1";0,5;2;7,6;37,4;2,7;0,6;2,7;2,5;7;17;2,7;2,5;5;10;;;;;;0,5;2,3;17,7;55,3;0,5;7,5;71,1;287,9;2,7;5,6;20,4;44;0,9;1;15,4;97,6;0,5;4,5;55,1;280,4;0,7;1,8;73;451;1,8;37,7;97;157,6;0,4;3,1;31,9;99,7;0,3;4,1;22,9;72,8;0,4;3;11,8;41,9;0,5;6;21,1;59,4;0,5;4,1;16,5;47;2,6;2,6;12,9;34,5;;;;;;;;;;;;;;1,4;1,6;3,3;1,7;1,3;11;2,7;14;26,9;49;0,7;9,3;22,1;32;4,7;2,4;3,9;9,9;16;4,5;2,1;2,9;13;18;57,3;1,9
"Wijk 26 Bezuidenhout";"'s-Gravenhage                           ";"Wijk      ";"WK051826  ";"1";0,9;0,9;18,1;59,7;3,7;0,8;3,3;4,5;6,6;17;3,3;3,9;5;10;;;;;;0,4;4,2;35,9;84,3;0,4;14;173;550,5;1,6;7,3;21,9;44,1;0,5;5,9;63,2;236,7;0,4;10,6;185,4;404,6;0,3;23,6;310,6;674,3;0,7;50,8;104,7;157,1;0,3;8,2;53;172,6;0,5;3,6;35,6;111,5;0,6;1,9;18,8;70,1;1;11,9;26,5;66;1,8;8,1;20,9;50,4;1;7,3;15,2;37,2;;;;;;;;;;;;;;1,3;1;1,7;0,9;1,2;9,4;1,1;18,6;26,9;48,7;1,8;13,6;22,5;32;3,1;2,1;5,3;9,6;16;3,1;0,8;3,3;12,8;18;57;3,3
"Bezuidenhout-West";"'s-Gravenhage                           ";"Buurt     ";"BU05182664";"1";1,4;0,1;18,6;65,3;3,4;1,3;3,4;4,7;6;16,8;3,4;3,7;5;9,8;;;;;;0,4;2,9;37,9;89,6;0,7;5,3;201,2;598,9;1,4;7,5;22;43,9;0,8;1,7;83,7;260,7;0,6;9,5;218,2;423,1;0,4;17,3;364;702,9;0,8;52,3;107,2;156,4;0,4;4,5;55,6;185,9;0,5;1,5;34,1;118,7;0,8;1,1;19,1;75,4;0,7;11,2;27,1;67;2,2;7,7;20,9;50,5;0,7;7,4;15,3;37,5;;;;;;;;;;;;;;0,9;1,1;1,4;1,5;2;9;0,8;18,7;27,5;48;2;14,2;22,7;32;2,7;1,7;5,6;9,4;16;3,1;1,1;3;12,3;18;57;3,5
"Bezuidenhout-Midden";"'s-Gravenhage                           ";"Buurt     ";"BU05182665";"1";0,9;0,7;20,9;62,9;3,6;0,7;3,2;4,8;6,5;17;3,2;4;5;10;;;;;;0,5;4,9;39,4;88;0,3;16,5;197,5;581,1;1,5;7,6;22,4;44,1;0,4;5,6;73,9;250;0,3;11,7;211,1;416,2;0,2;26,9;349,4;690,7;0,6;51,2;107,3;157,1;0,3;9,4;59,8;180,9;0,5;3,4;40,4;116;0,5;2;22;73,6;0,9;13;26,7;66,9;1,8;9;21;50,6;0,9;8;15,3;37,5;;;;;;;;;;;;;;1,1;0,8;1,6;0,9;1,3;9,2;1;18,6;27,4;48,7;2;14;22,7;32;2,9;1,9;5,4;9,8;16;3;0,7;3,1;13;18;57;3,3
"Bezuidenhout-Oost";"'s-Gravenhage                           ";"Buurt     ";"BU05182666";"1";0,6;1,5;16,3;54,9;3,8;0,6;3,2;4,1;7;17;3,2;4;5;10;;;;;;0,4;4,6;32,9;79,3;0,3;17,2;143,9;507,2;1,9;7;21,6;44,3;0,3;8,4;46,1;216,2;0,3;10,6;153,1;388,1;0,3;25;260;649,8;0,8;49,7;101,9;157,4;0,3;9,4;47,7;160,7;0,4;4,7;33,6;105,1;0,5;2,3;16,9;65,2;1,2;11,8;26;64,9;1,6;7,8;20,9;50,3;1,3;6,8;15;36,9;;;;;;;;;;;;;;1,6;1;1,9;0,5;0,7;9,7;1,4;18,6;26,3;49;1,7;13,1;22,3;32;3,4;2,4;5;9,6;16;3,2;0,8;3,7;13;18;57;3,1
"Wijk 27 Stationsbuurt";"'s-Gravenhage                           ";"Wijk      ";"WK051827  ";"1";0,4;3,2;31,9;82,3;2,3;0,5;2,3;4,2;6,2;16,7;2,3;3,2;5,2;9,8;;;;;;0,5;5,3;55,8;109,2;0,3;30;386,3;714,4;1,1;8,4;22,3;42,8;0,4;9,9;193,2;303,1;0,2;31,6;300,8;483,6;0,2;45,3;490;785;0,5;56,4;115;156,1;0,5;5,2;100,5;240,8;0,5;3;51,2;143;0,6;2,3;41;96;1,2;12,5;34,4;71,1;1,3;10,1;26,4;53,6;1,5;7,5;18,8;38,6;;;;;;;;;;;;;;1,7;0,8;0,8;0,9;1,6;7,6;1,7;20,7;30,1;46,4;1,5;17,5;23,9;32,6;1,6;1;5,1;10;17,1;1,8;1,6;1,8;13;18,7;57;2,3
"Huygenspark";"'s-Gravenhage                           ";"Buurt     ";"BU05182718";"1";0,4;3,6;32,3;82,4;2,1;0,5;2,1;4,2;6,3;16,7;2,1;3,2;5,3;9,9;;;;;;0,3;5,8;56,8;112;0,2;34,1;398,9;727,9;1,2;8,8;22,4;42,5;0,4;11;204,6;307,3;0,2;33,2;303,6;495,9;0,2;47,2;482,5;795,4;0,5;56,5;115,5;155,9;0,6;5,6;101,3;245,8;0,6;3;49,5;144,4;0,7;3,1;42,7;97,4;1,2;11,6;35,1;71,4;1,2;9,6;27,1;54,1;1,5;6,4;19,4;38,5;;;;;;;;;;;;;;1,9;0,7;0,7;0,8;1,5;7,4;1,8;20,4;30,2;46,1;1,4;17,6;23,9;32,8;1,5;1,1;5;9,9;17,1;1,7;1,8;1,7;13;18,8;57;2,1
"Rivierenbuurt-Zuid";"'s-Gravenhage                           ";"Buurt     ";"BU05182762";"1";0,7;2,6;30,7;78,8;2,7;0,7;2,6;4;6;16,9;2,6;3;5;9,9;;;;;;0,8;2,5;53,1;101,1;0,3;19,7;344,7;663,5;1,3;7;22,2;42,8;0,5;5,3;159,7;293,2;0,3;24;277,6;450,1;0,5;27,8;475,1;747;0,4;54,3;115,2;155,5;0,3;3,9;96,4;223,2;0,3;3,2;52,5;135,2;0,7;1;37;90;1,6;14,6;31,8;71;1,8;11,4;24,8;53;1,6;9,1;16,6;39;;;;;;;;;;;;;;1,3;0,9;0,9;1,3;2,1;8,1;1,7;20,8;30,9;47;1,9;17;24;32,4;2;1,1;5,2;10;17;1,9;1,5;1,8;13;19,1;57;2,8
"Rivierenbuurt-Noord";"'s-Gravenhage                           ";"Buurt     ";"BU05182763";"1";0,4;2,4;31,2;82,8;2,5;0,4;2,5;4;6;16,6;2,5;3;5;9,6;;;;;;0,8;5,1;54,1;105,2;0,3;23,9;370;698,6;0,9;8;22,2;43,5;0,3;8,9;177,3;296,8;0,3;30,1;300,5;466,1;0,2;45,7;509,5;772,6;0,7;56,6;113,8;156,5;0,3;4,6;99,6;234,5;0,3;2,9;54,5;142,2;0,5;1,1;38,6;94,5;1,3;14;33,6;70,5;1,5;10,8;25,5;52,8;1,3;9,3;18,1;38,7;;;;;;;;;;;;;;1,4;0,9;0,9;1;1,8;7,9;1,4;21,3;29,7;46,9;1,6;17,3;23,8;32,4;1,8;0,8;5,2;10;16,9;2,1;1,2;2;13;18,5;57;2,7
"Wijk 28 Centrum";"'s-Gravenhage                           ";"Wijk      ";"WK051828  ";"1";0,6;2,2;37;87;1,5;0,6;1,5;4,3;6;16;1,5;3,3;5;9;;;;;;0,5;6,3;55,6;114,1;0,2;38,5;408,9;760,4;1,2;9,9;21,4;42,1;0,2;26,2;215;316,2;0,2;50,2;318,4;511,9;0,2;79,4;543,9;825,5;0,3;63,9;110,9;155,3;0,5;6,2;106,2;253,4;0,6;2,4;54,1;151,7;0,6;2,6;41,4;100,6;0,9;14;36,2;69,3;0,9;10;27,1;52,6;0,9;9,5;20,3;37,8;;;;;;;;;;;;;;2,7;1,6;1,6;1,1;1,5;7,3;1,1;21,2;27,5;46,4;0,7;18,3;23,1;32;1,1;1;5,3;9,2;16,3;2,6;0,9;2,5;12,5;17,3;57;1,6
"Kortenbos";"'s-Gravenhage                           ";"Buurt     ";"BU05182811";"1";0,5;2,7;43;86,8;1,1;0,5;1,1;4;6;15,9;1,1;3;5;9;;;;;;0,5;4,7;55,5;114,1;0,2;29,4;434,8;775,1;1,9;9,9;20,5;40,8;0,3;27,8;232,1;321,4;0,3;34,9;322,3;523,2;0,3;59,8;549,2;834,1;0,4;66,9;108,2;153,7;0,4;8,3;110,7;257,3;0,5;2,2;56,6;153,3;0,5;3,4;43,9;102,2;0,9;15,6;35,6;68,2;0,9;11,1;26,4;52;0,9;9,4;21;37,2;;;;;;;;;;;;;;3,5;2,4;2,4;1,5;1,4;7;1,3;20,6;26,4;46,1;0,6;18,2;22,7;32;1;1,6;5,2;8,9;16;2,8;0,7;2,8;12;16,9;57;1
"Voorhout";"'s-Gravenhage                           ";"Buurt     ";"BU05182812";"1";0,7;1;27,8;84,8;2,5;1,1;2,5;4;6;16;2,5;3;5;9;;;;;;0,6;3,8;45,5;109,4;0,2;29,8;296;745,7;1;10,5;21,5;42,8;0,2;19,2;152,5;317,8;0,2;47,1;282,9;507;0,1;96;509,1;852,3;0,3;77,9;104,4;156,6;0,7;2,2;83,5;240;0,8;1,7;47,4;146,2;0,8;1,1;29,8;92,6;0,8;12,8;35,7;66,6;0,8;7,7;26,8;50,8;0,8;10,7;20;36,8;;;;;;;;;;;;;;2,6;1,3;1,3;1,6;2,4;8,3;0,5;23,2;26;46,9;0,4;17,5;22,4;32;1,9;1;5,9;8,8;16;3,2;1;2,4;12,1;17,8;57;1,5
"Uilebomen";"'s-Gravenhage                           ";"Buurt     ";"BU05182813";"1";0,7;1,5;31,3;84,8;2,2;0,5;2,2;4;6;16,1;2,2;3;5;9,1;;;;;;0,4;9;53,5;109,9;0,2;36,7;370,8;732,4;0,6;9,5;22;43,7;0,4;19,1;186,9;305,5;0,2;58,9;309;483,3;0,1;89,1;528,3;799,6;0,4;61,2;113,9;158;0,6;4,1;102;245,8;0,6;2,3;55,3;147,4;1;0,7;39,4;97,2;1;12,5;34,5;70,1;1,4;8,9;25,6;52,8;1;10,2;18,8;38,3;;;;;;;;;;;;;;1,7;0,9;0,9;0,7;1,8;7,8;0,9;22,3;29,2;46,7;1,2;18,4;23,7;32;1,5;0,5;5,4;9,7;16,8;2,3;0,7;2,2;13;17,8;57;2,4
"Zuidwal";"'s-Gravenhage                           ";"Buurt     ";"BU05182814";"1";0,7;2,5;37,2;89;1,3;0,7;1,3;4,8;6;16;1,3;3,8;5;9;;;;;;0,4;7,6;60,3;118,1;0,1;52,2;442,1;765,2;1;9,8;22;42,3;0,2;30,9;234,2;316,1;0,2;62,7;331,9;517,3;0,1;88,8;559;821,1;0,3;57,2;114,5;155,1;0,4;6,7;111,7;258,2;0,6;2,9;53,1;154,2;0,6;3,3;44;103,6;0,8;13,6;37,9;71,1;0,8;10,1;28,7;53,6;0,8;8,8;20,6;38,5;;;;;;;;;;;;;;2,4;1,4;1,4;0,8;1,1;7,1;1,2;20,6;28,4;46,5;0,6;18,8;23,4;32;0,7;0,7;5;9,3;16,4;2,3;1,2;2,3;12,8;17,2;57;1,7
"Wijk 29 Schildersbuurt";"'s-Gravenhage                           ";"Wijk      ";"WK051829  ";"1";0,4;6,4;41,1;88,7;1,2;0,4;1,2;4;6,7;16,3;1,2;3;5,7;9,9;;;;;;0,4;5,9;63,1;121,9;0,2;55,4;467,7;786,6;1,3;11,1;22,2;41,8;0,3;36,6;247,9;320;0,3;21,5;319,7;535,1;0,3;29,8;485,2;823;1,1;57;115,8;156,5;0,3;14;119,6;269,5;0,4;7,4;53,8;158,1;0,4;8,3;48,5;107,3;0,6;11,9;39,4;72,7;0,6;9,6;30,4;55,7;0,7;5,4;21,9;38,7;;;;;;;;;;;;;;3,2;1,7;1,7;0,7;0,8;6,3;2,4;19;29,5;45,1;1,3;17,6;23,7;32,8;1,3;1,4;5;9,7;16,5;1,7;1,5;1,7;12,3;17,8;56,7;1,3
"Schildersbuurt-West";"'s-Gravenhage                           ";"Buurt     ";"BU05182915";"1";0,4;6,7;43,1;90,6;1,1;0,4;1;3,8;6,8;16,2;1,1;2,8;5,8;10;;;;;;0,5;5,8;62,4;125,5;0,2;63,6;476,3;797,2;1,4;11,7;21,8;41,2;0,2;43,5;251,9;320,6;0,3;22;313,4;540,9;0,3;28,7;470,3;827,8;1,3;57;115,4;155,9;0,3;14,7;124,4;273,4;0,4;7,7;54,8;160,8;0,4;9,1;49,4;109,9;0,6;12,6;39,5;72,3;0,6;10,1;30,1;55,5;0,6;5,5;22,3;38,3;;;;;;;;;;;;;;3,6;2,2;2,2;0,7;0,9;6;2,6;18,6;29;44,7;1,4;17,6;23,6;32,9;1,5;1,6;5;9,6;16,4;1,9;1,3;2;12;17,7;56,4;1,1
"Schildersbuurt-Noord";"'s-Gravenhage                           ";"Buurt     ";"BU05182916";"1";0,4;6,3;40,1;86,7;1,2;0,4;1,2;4,2;6,5;16,1;1,2;3,2;5,5;9,8;;;;;;0,3;5,6;63,6;117,3;0,3;48,8;465;774,1;1,5;10,3;22,3;41,8;0,3;33,1;249,5;319;0,3;20,6;329,4;527,4;0,3;32,1;518,3;818,1;0,8;56,4;115,9;156,3;0,4;12,9;115;263,9;0,5;6,7;51,5;154,5;0,5;7,2;47;104,5;0,7;11,8;39,2;71,9;0,7;9,1;30,4;54,9;0,8;6;22;38,5;;;;;;;;;;;;;;2,9;1,5;1,5;0,7;0,6;6,5;2,1;19,1;29,5;45,6;1;17,6;23,8;32,5;1;1,3;5;9,8;16,5;1,7;1,6;1,7;12,3;17,6;57;1,6
"Schildersbuurt-Oost";"'s-Gravenhage                           ";"Buurt     ";"BU05182917";"1";0,5;6;38,5;87,8;1,6;0,4;1,6;4,1;7;16,7;1,6;3,1;6;10;;;;;;0,4;6,5;63,7;120,7;0,2;47,6;453,5;782,1;1;10,9;22,9;43,1;0,3;27,1;237,4;320,2;0,3;21,5;319,2;534;0,3;28,8;469,1;820;1,1;57,7;116,5;157,8;0,3;14,2;115,9;269,1;0,3;7,7;55,1;157,4;0,3;8,3;48,6;106;0,7;10,5;39,4;74,4;0,7;9,2;30,9;57,4;0,7;4,4;20,8;39,5;;;;;;;;;;;;;;2,6;1,1;1,1;0,8;1;6,6;2,4;20;30,4;45,5;1,4;17,7;24;33;1,5;0,9;5;10;17;1,2;1,9;1,2;12,8;18,1;56,9;1,3
"Wijk 30 Transvaalkwartier";"'s-Gravenhage                           ";"Wijk      ";"WK051830  ";"1";0,4;7,8;42,9;91,3;1,5;0,4;1,2;3,3;6,9;16,3;1,5;2,3;5,9;9,6;;;;;;0,3;7,4;59,3;129,2;0,2;76,6;451,9;800,4;1,1;12,5;21,6;40,1;0,2;43;237,1;317,5;0,2;28,5;279,9;540,2;0,2;30,6;393,2;811,1;1,8;55,4;114,4;152,7;0,3;13,6;124,7;273,8;0,4;7,4;56,1;159,7;0,3;7,6;51,9;113,2;0,8;12,9;38,6;72,5;0,8;10,5;29,6;56,1;1;5,7;20,8;37,7;;;;;;;;;;;;;;4,2;2,7;2,7;0,8;1,3;5,5;3;18;28,5;42,7;1,6;17,6;23,5;32,3;1,9;2,2;5;9,5;16,2;2,4;1;2,3;12;17,9;55,6;1,4
"Transvaalkwartier-Noord";"'s-Gravenhage                           ";"Buurt     ";"BU05183032";"1";0,5;8,2;42,4;88;1,4;0,4;1,4;3;6,8;16,2;1,4;2;5,8;10;;;;;;0,3;6,6;54,3;129,7;0,1;67,4;453,9;815,7;0,9;12,9;20,3;39,9;0,2;44,8;238,9;318,5;0,2;31,2;280,1;544,1;0,2;32,5;427,1;822,4;1,7;55,9;112;153;0,3;13,2;126,4;267,4;0,3;7,1;58,9;157,8;0,3;7,4;52,1;109,2;0,9;16,8;38,6;68,9;0,9;12,8;28,6;53,2;0,9;8,7;22,3;35,6;;;;;;;;;;;;;;4,4;3;3;1;1,5;5,8;2,6;18;27,9;44;1,2;18;23;33;1,9;2,4;5;9;16;2,7;0,9;2,8;12;17,6;56;0,9
"Transvaalkwartier-Midden";"'s-Gravenhage                           ";"Buurt     ";"BU05183033";"1";0,4;8,9;42,9;91;1,5;0,3;1,4;3,1;7;16,2;1,5;2,1;6;9,7;;;;;;0,4;7,9;58,4;128,9;0,2;78,5;447,5;796,9;0,8;12,2;21,7;39,9;0,2;44,7;237;316,2;0,2;32;276,5;536,5;0,2;30,5;397,7;810;1,7;53,8;114,4;151,3;0,5;14,4;127,3;269,6;0,5;7,2;57,9;157,8;0,4;7,8;52,3;111,9;1;13,6;38;72;1;10,6;29;55,7;1;6;20,7;37,7;;;;;;;;;;;;;;4,4;2,8;2,8;0,8;1,3;5,5;3;18;28,1;42,3;1,5;17,9;23,2;32,2;1,9;2,3;5;9,2;16,1;2,6;0,6;2,4;12;18;55,6;1,3
"Transvaalkwartier-Zuid";"'s-Gravenhage                           ";"Buurt     ";"BU05183034";"1";0,3;6,7;43,3;93,3;1,5;0,4;0,9;3,5;7;16,3;1,5;2,5;6;9,3;;;;;;0,3;7,5;62,6;129,2;0,1;80,4;453,8;794,3;1,3;12,5;22,1;40,3;0,2;40,9;236;317,8;0,2;24,5;282,2;540,7;0,2;29,5;371,5;805,8;1,8;56,2;115,6;153,6;0,2;13,3;122;280,1;0,3;7,8;53,4;162;0,3;7,6;51,5;116,4;0,6;10,4;38,9;74,8;0,6;9,1;30,6;58;1,1;3,8;20,1;39;;;;;;;;;;;;;;4;2,4;2,5;0,7;1,2;5,4;3,2;18;29,1;42,3;1,8;17,2;23,9;32;2;1,9;5;9,9;16,3;2,2;1,3;1,9;12;18;55,3;1,7
"Wijk 31 Rustenburg en Oostbroek";"'s-Gravenhage                           ";"Wijk      ";"WK051831  ";"1";0,5;5,7;44,8;86,5;1,9;0,6;1,4;3;6,8;15,9;2;2;5,8;8,9;;;;;;0,4;5,5;53,1;124,9;0,2;51,4;402,9;774,5;0,8;12;21;38;0,3;25,2;201,5;309,1;0,3;21,5;218,2;519,9;0,4;17,9;277,5;769,7;2,4;51,5;111,4;144,9;0,3;11;127,4;258,3;0,5;4,6;61,2;150,3;0,5;4,3;53,8;109,7;1,2;15;37,4;69,8;1,4;12,1;29,1;54;1,7;7,4;18,9;35,9;;;;;;;;;;;;;;4,6;3,1;3,5;1,2;2;4,9;3,2;17;27,7;37,9;1,7;17,4;23;30,1;2,6;2,9;5;9;14,4;3,1;0,7;2,5;12;17,8;55;1,8
"Rustenburg";"'s-Gravenhage                           ";"Buurt     ";"BU05183130";"1";0,7;3,8;44,5;84;2;0,7;1,6;3;6,6;15,4;2;2;5,6;8,6;;;;;;0,6;4;48,4;119,5;0,3;32,3;372,2;755,3;1,1;11,2;20,6;36,7;0,3;14,4;179,2;304,3;0,3;13,4;188,7;502,6;0,5;10,5;224,8;739,5;2,8;49,7;109,4;140,8;0,4;8,9;122,5;249,1;0,6;2,7;62,4;144,9;0,5;3,1;52,6;104,9;1,3;16;35,7;67,7;1,8;12,7;27,9;52,1;2;8,3;17,7;34,8;;;;;;;;;;;;;;4,5;3,4;4;1,2;2,3;4,8;3,2;15,5;26,8;36,2;1,9;17,1;22,3;29,3;2,9;3,1;5;8,4;13,5;3,4;0,8;2,8;12;17,7;55;2
"Oostbroek-Noord";"'s-Gravenhage                           ";"Buurt     ";"BU05183131";"1";0,3;6,8;43,6;86;2;0,4;1,8;3;6,7;16,2;2;2;5,7;9,2;;;;;;0,4;6,4;50,8;124,2;0,2;53,9;407,7;772,2;0,7;11,9;19,9;38;0,2;32,2;212,5;310;0,3;23,6;224,9;519,4;0,3;23,8;317,6;773,7;2,3;51,6;110,5;146,6;0,3;11,9;127,5;251,6;0,4;5,1;62;146,5;0,7;4;52,8;105,1;1,1;17,4;37,9;67,8;1,5;13,5;28,5;52,3;1,5;9,2;20,5;35,3;;;;;;;;;;;;;;4,7;3,5;3,6;1,2;2,1;5,2;2,9;17;27,7;40,3;1,4;17,2;22,6;31,2;2,5;3;5;8,4;14,8;3,3;0,6;2,8;12;17,5;55,2;1,5
"Oostbroek-Zuid";"'s-Gravenhage                           ";"Buurt     ";"BU05183135";"1";0,5;6,6;45,7;88,7;1,9;0,6;1,1;3;7;16;1,9;2;6;9;;;;;;0,3;6,1;57,9;129,2;0,2;64,2;423,1;790;0,7;12,6;22;38,9;0,3;29,4;211,9;312,1;0,3;26,2;236,4;533;0,3;20,1;294,1;789,9;2,2;52,9;113,4;147,1;0,3;12;131,1;268,8;0,4;5,7;59,9;156,4;0,5;5,4;55,1;115,8;1,1;13;38,5;72,4;1,1;10,9;30,4;56,4;1,6;5,8;19;37;;;;;;;;;;;;;;4,6;2,7;3,1;1,2;1,7;4,8;3,4;18;28,3;37,8;1,8;17,7;23,7;30;2,4;2,6;5;9,7;14,8;2,9;0,6;2,1;12;18;55;1,9
"Wijk 32 Leyenburg";"'s-Gravenhage                           ";"Wijk      ";"WK051832  ";"1";0,7;1,2;40;76,5;1,2;0,5;1,1;3;6;14,4;1,2;2;4,9;7,8;;;;;;0,5;2,9;49,3;110,3;0,3;19,1;332,6;695,4;1,7;10,1;20,4;35,8;0,4;5,2;144,6;282,6;0,4;10,2;169,6;441,2;0,7;4,1;159,9;610;2,8;36,7;106,8;139,8;0,4;6;103,6;234,8;0,7;2,3;54,2;135,5;0,6;2,9;47,1;99,1;1,8;12,7;34,4;68,5;1,9;9,9;27,4;53,1;2,1;5,7;16,6;34,2;;;;;;;;;;;;;;3,7;3,7;4,5;1,8;2,1;3,9;4,1;10,3;26,1;36,8;1,4;12,9;22,4;28,9;3,6;3,6;4,7;7,7;13,2;3;0,9;2,9;11,3;17,9;55;1,6
"Leyenburg";"'s-Gravenhage                           ";"Buurt     ";"BU05183284";"1";0,7;1,2;40;76,5;1,2;0,5;1,1;3;6;14,4;1,2;2;4,9;7,8;;;;;;0,5;2,9;49,3;110,3;0,3;19,1;332,6;695,4;1,7;10,1;20,4;35,8;0,4;5,2;144,6;282,6;0,4;10,2;169,6;441,2;0,7;4,1;159,9;610;2,8;36,7;106,8;139,8;0,4;6;103,6;234,8;0,7;2,3;54,2;135,5;0,6;2,9;47,1;99,1;1,8;12,7;34,4;68,5;1,9;9,9;27,4;53,1;2,1;5,7;16,6;34,2;;;;;;;;;;;;;;3,7;3,7;4,5;1,8;2,1;3,9;4,1;10,3;26,1;36,8;1,4;12,9;22,4;28,9;3,6;3,6;4,7;7,7;13,2;3;0,9;2,9;11,3;17,9;55;1,6
"Wijk 33 Bouwlust";"'s-Gravenhage                           ";"Wijk      ";"WK051833  ";"1";0,8;1,6;11,6;47,7;3;0,7;3;2,1;6,8;13,5;3;1,2;4,5;7,1;;;;;;0,6;5,7;25,6;66,5;0,5;9,3;84,1;354,1;2;6,4;20,3;37,6;0,8;1;14,7;118,3;0,5;8,7;68,3;197,5;0,7;2;39,9;168,1;1,1;3,5;90,7;140;0,5;6,3;40,6;141,1;0,6;2,9;27,1;92,6;0,6;3,4;20,1;65,5;0,9;3,3;17,4;69,8;0,9;3,3;14,8;54,7;3,2;0,3;6,2;35,2;;;;;;;;;;;;;;1,6;5;6;1,1;3,3;2,3;4,7;0,7;23,7;39,1;2,2;2,9;21,5;30,8;6;5;0,5;6,3;15,4;3,4;1,1;3,2;8,9;18,5;53,4;2,1
"Venen, Oorden en Raden";"'s-Gravenhage                           ";"Buurt     ";"BU05183387";"1";0,6;2,2;14,2;55,4;2,2;0,6;2,2;2,6;7,2;12,7;2,2;1,6;4,9;7;;;;;;0,4;7,6;28,7;71,6;0,2;12;102,9;413,8;2;6,7;19,6;35,9;0,7;1,7;17,1;157,9;0,4;10;77,4;220,6;0,4;3,4;41,4;208,5;1;3,7;95,8;137,5;0,3;6,2;42,3;158,9;0,5;2,6;25;103,2;0,4;3,2;22,1;73,1;1,1;3,9;20,1;67,7;1,1;3,9;16,3;52,8;3,4;0;8,2;35,3;;;;;;;;;;;;;;2,1;5,2;6,1;0,5;3,4;1,8;5,3;0,3;24,1;37,9;1,5;3,2;21,5;29,5;5,5;5,2;0,4;6,2;14,8;2,7;1,4;3,5;10,2;18;52,9;1,7
"Zijden, Steden en Zichten";"'s-Gravenhage                           ";"Buurt     ";"BU05183396";"1";0,5;2,5;11,9;49,1;2,8;0,6;2,8;2,1;6,8;13,1;2,8;1,1;4,5;7,1;;;;;;0,4;8,2;27,4;66,3;0,4;12,5;88,9;359,4;2;6,4;19,9;37,5;1;0,8;15,7;119,9;0,4;11,5;72;199,2;0,6;2,9;43;169,7;0,7;3,4;92,4;138,9;0,2;9,6;40,7;143,3;0,3;4,6;26,9;94,9;0,4;4,9;20,3;65,4;0,6;2,9;18;70,2;0,6;2,9;14,7;55,2;3,4;0,1;6,3;36;;;;;;;;;;;;;;1,7;5;6;0,9;3,3;2;4,8;0,8;23,9;38,5;1,9;3;21,7;30,9;5,9;4,9;0,6;6,4;15,5;3,1;1;3,2;9;18,5;53,3;2,2
"Dreven en Gaarden";"'s-Gravenhage                           ";"Buurt     ";"BU05183398";"1";0,8;0,8;10,5;45,4;3,4;0,7;3,4;2,1;6,5;14,5;3,4;1,1;4,3;7,2;;;;;;0,6;3,7;24,4;68;0,5;6,8;76,2;345,7;1,8;6,6;21,6;39,3;0,7;0,9;14,4;105,2;0,4;7,5;66,4;196,2;1;0,7;40,5;154,3;1,2;3,3;90,4;143,1;0,5;5,2;43,2;138,6;0,6;2,4;31;90;0,6;3,1;20,4;65,3;0,6;3,3;16,8;73,5;0,6;3,3;15,2;57,8;2,8;0,7;5,5;36,1;;;;;;;;;;;;;;1,4;4,5;5,7;1,5;3,1;2,8;4,4;0,9;24,1;40,8;2,5;3;22,3;31,9;6,1;4,7;0,7;6,5;15,8;3,9;0,7;2,8;8,2;19;54,4;2,3
"De Uithof";"'s-Gravenhage                           ";"Buurt     ";"BU05183399";"1";1,9;0;5,9;24,7;4,6;1,7;4,6;0,7;6,8;12,9;4,6;0,5;3,8;7;;;;;;1,7;0;13,6;40,5;1,5;0,3;35,5;153,4;2,7;4,4;18,2;36,2;1,6;0;4,5;28,1;1,5;0,3;31,1;111,8;0,9;0,6;20,3;79;2,6;3,5;67,1;137,9;1,6;0,3;21,1;78,9;1,5;0,1;16,6;58,1;1,6;0,1;10,8;38,2;1,9;2,1;8,1;57,4;1,9;2,1;7,4;45,2;3,9;0;1,7;27,6;;;;;;;;;;;;;;0,7;6,1;7,5;2,2;4,7;2,6;3,6;1;19,7;37,5;3,9;1,5;16,8;29,4;7,7;6,3;0;5,4;14,5;4,1;2,3;3,7;6,7;18,3;50,5;2,7
"Wijk 34 Morgenstond";"'s-Gravenhage                           ";"Wijk      ";"WK051834  ";"1";0,6;1,6;20,1;73,5;2,2;0,6;2,1;3;7,2;14,7;2,2;2;5,2;7,7;;;;;;0,6;4,1;36,2;98,8;0,4;14,3;173,9;591,1;1,3;9,3;21,7;38,6;0,5;3,6;56,1;228,7;0,4;13,5;107,7;334,9;0,4;8,4;66,6;369,1;1,6;11,6;112,1;143,7;0,4;5,4;65,3;218;0,5;2,4;37,5;130,1;0,5;2,4;30,5;97,8;1,5;6,4;27,9;73,1;1,5;6;23,7;57,3;2,7;1,2;13,1;35,7;;;;;;;;;;;;;;3;3,7;4,7;1;2,1;3,5;5,2;1;27,9;39,9;1;6,8;23,8;31,3;4,5;3,7;1,7;8,3;15,9;3,5;0,9;2;11;18,7;55;2
"Morgenstond-Zuid";"'s-Gravenhage                           ";"Buurt     ";"BU05183480";"1";0,5;1,2;15,9;73,2;2,9;0,4;2,6;3;7,4;15;2,9;2;5,4;8;;;;;;0,6;1,4;34,5;99,5;0,3;11;146,9;589,4;1,4;9,3;22,5;39,8;0,4;2,4;41,6;223,7;0,4;8,6;95,6;326,8;0,3;6,9;59,3;342,7;1,7;10,4;114;145,6;0,4;4,3;62,8;215,1;0,5;2,5;39,5;128,2;0,6;1,4;28,1;100,1;1,3;6,2;25,5;75,1;1,3;6,2;22,5;59,1;2,4;1,8;11,2;36,5;;;;;;;;;;;;;;2,6;3,2;4,4;0,5;1,7;4;5;0,6;29,1;41,8;1,6;6,1;24,6;32;4,8;3,3;1,3;9,3;16;3,9;1,1;1,7;10,9;19;55;2,5
"Morgenstond-West";"'s-Gravenhage                           ";"Buurt     ";"BU05183488";"1";0,5;1,9;19;69,8;1,9;0,7;1,9;3;7;14,2;1,9;2;5;7,3;;;;;;0,7;4,7;33,8;92,2;0,4;13,1;153,3;544,2;1;8,9;21,2;37,6;0,5;3,8;42,2;211,4;0,4;14,2;101,6;298,6;0,4;7,2;55,6;316,8;1,4;6,9;109,3;142,3;0,4;6,1;58,2;207,1;0,5;2,4;32,5;126,1;0,4;2,7;28,6;91,6;1,7;6,1;27,2;71,6;1,7;5,7;22,8;55,9;2,8;0,9;13,3;35,1;;;;;;;;;;;;;;3;4,2;5,1;1,3;2,5;3;5,5;0,2;27;39,4;0,7;5,9;23,2;31,2;4,7;4,1;1,2;7,2;15,9;3,1;0,8;2,5;10,9;18,7;55;1,5
"Morgenstond-Oost";"'s-Gravenhage                           ";"Buurt     ";"BU05183489";"1";0,8;1,5;26,1;78,8;2;0,5;1,9;3;7,1;15;2;2;5,2;8;;;;;;0,4;6;41;106,6;0,4;19,4;229,8;653,5;1,6;9,8;21,6;38,7;0,5;4,6;89,9;256,4;0,4;18;128,7;390,3;0,4;11,6;88,8;465,3;1,9;18,9;113,6;143,5;0,4;5,6;77;235,2;0,6;2,2;42;137,2;0,4;3;35,5;103,1;1,7;6,8;31,3;73;1,7;6,2;26,2;57;3;0,9;15;35,5;;;;;;;;;;;;;;3,5;3,5;4,5;1,1;1,9;3,6;4,9;2,4;27,9;38,6;0,8;8,6;23,8;30,7;4,1;3,5;2,8;8,7;15,7;3,6;0,7;1,8;11,3;18,3;55;2
"Wijk 35 Zuiderpark";"'s-Gravenhage                           ";"Wijk      ";"WK051835  ";"1";0,9;1,1;40,3;84,2;1,8;0,4;1,3;3;7;15,4;1,8;2;6;8,4;;;;;;0,4;5,3;53,5;121,7;0,2;26,6;361,1;751,3;1,5;12,4;22;38,2;0,2;10;177,5;300,6;0,4;14,4;186,9;494,2;0,3;9,6;185,7;681,9;2,3;43,7;113,7;144,3;0,3;6,2;117,5;254,4;0,8;2,4;57,9;144,9;0,5;3,1;53,5;109,6;1,6;11,8;37,1;73,6;1,6;10;29,8;57,6;2,4;4,4;17,4;36,4;;;;;;;;;;;;;;4,1;3,1;3,8;1,5;2;3,9;4,1;14,5;27,4;37;1,3;13,9;23,7;29,3;3,1;3;5;9,4;14;3,2;0,9;2;12;18;55;1,9
"Zuiderpark";"'s-Gravenhage                           ";"Buurt     ";"BU05183536";"1";0,9;1,1;40,3;84,2;1,8;0,4;1,3;3;7;15,4;1,8;2;6;8,4;;;;;;0,4;5,3;53,5;121,7;0,2;26,6;361,1;751,3;1,5;12,4;22;38,2;0,2;10;177,5;300,6;0,4;14,4;186,9;494,2;0,3;9,6;185,7;681,9;2,3;43,7;113,7;144,3;0,3;6,2;117,5;254,4;0,8;2,4;57,9;144,9;0,5;3,1;53,5;109,6;1,6;11,8;37,1;73,6;1,6;10;29,8;57,6;2,4;4,4;17,4;36,4;;;;;;;;;;;;;;4,1;3,1;3,8;1,5;2;3,9;4,1;14,5;27,4;37;1,3;13,9;23,7;29,3;3,1;3;5;9,4;14;3,2;0,9;2;12;18;55;1,9
"Wijk 36 Moerwijk";"'s-Gravenhage                           ";"Wijk      ";"WK051836  ";"1";0,7;1,4;29,9;79,3;3,1;0,7;1,7;3,6;7,5;15,4;3,1;2,6;6;8,4;;;;;;0,6;2,3;44,4;112,6;0,4;14,5;294,5;678,2;2,1;10,7;22,6;41,5;0,4;6,5;123,5;283,3;0,4;8,9;143,2;452,1;0,4;5,3;132;597;1,3;37,2;116,3;150,4;0,5;5,2;91,6;243,2;0,5;2,9;49,1;137,9;0,5;2,1;41,1;102,5;1;9,9;28,1;76;1;9,8;23,8;59,4;1,8;4,2;13,2;38,6;;;;;;;;;;;;;;3,6;1,9;3,2;1;1,3;5,5;3,6;8,5;30,3;44;1,2;11,8;24,4;34;3,6;2,1;3,7;10;16,9;2,9;1;1,3;12;18,8;55;1,7
"Moerwijk-Oost";"'s-Gravenhage                           ";"Buurt     ";"BU05183620";"1";0,3;2;30,1;78;3,3;0,3;1,8;4;7,6;15,3;3,3;3;6;8,3;;;;;;0,3;1,3;39,6;111,4;0,3;11,9;300,3;676,1;2,1;10,5;22,8;42,8;0,3;4,5;121,1;290;0,2;7,5;133,9;471,4;0,3;5,5;133,3;622,3;0,9;41,9;116,2;155,3;0,2;8,3;90,8;244,9;0,3;4,3;50,8;137,2;0,4;2,1;41,1;98,9;1,4;9,6;25,3;77;1,4;9,6;21,6;60;1,6;4;11,1;40;;;;;;;;;;;;;;3,3;1,5;3;0,3;1,8;6,2;3,2;8,2;30,1;47,6;1,2;12,9;24;35,4;3,6;1,8;4;10;18;2,6;1,3;1,7;12;19,3;55;1,2
"Moerwijk-West";"'s-Gravenhage                           ";"Buurt     ";"BU05183637";"1";0,6;1,3;29,2;81,5;3,1;0,6;1,7;3,4;7,8;15,1;3,1;2,4;6;8,1;;;;;;0,5;3,2;45,8;113,4;0,3;14,5;287,7;681,7;2,3;11,4;22,4;40,2;0,3;5,5;119,2;283,9;0,3;11,4;142,9;450,7;0,4;5,8;117,3;577,1;1,3;34,1;116,1;146,7;0,5;4,2;91,7;244,4;0,6;2,5;50,6;140;0,5;2,1;41,6;104;0,6;9,4;28,7;76;0,6;9,4;24,6;59,6;2,1;3,9;13,5;38;;;;;;;;;;;;;;3,5;2,2;3,4;1,2;0,9;5;3,9;5,4;30;42;0,9;11,5;24,6;33,5;3,8;2,3;3,9;10;16,1;3,1;0,6;0,8;12;18,8;55;2
"Moerwijk-Noord";"'s-Gravenhage                           ";"Buurt     ";"BU05183638";"1";0,8;1,5;36,7;83,4;2,7;0,8;1,2;4;7;15,9;2,7;3;6;8,9;;;;;;0,7;1,7;50,7;120,5;0,3;20,6;366,7;730,1;2;11,8;22,7;42,4;0,4;10,9;170,2;306,9;0,5;7,6;174,4;510,6;0,4;6,6;179,5;725,6;1,7;51,1;116,5;154,3;0,6;6,1;106;258,1;0,6;3,4;51,7;142,9;0,6;2,3;48,5;106,5;1;10,5;33,8;76,5;1;10,2;27,1;59,5;1,6;4,8;17,1;40;;;;;;;;;;;;;;4;1,5;2,6;1,1;1,4;5,7;3,2;16,5;30,7;45,4;1,1;14,4;24;34,8;3;1,6;4,5;10;17,7;2,3;1,5;1,3;12;18,3;55;1,2
"Moerwijk-Zuid";"'s-Gravenhage                           ";"Buurt     ";"BU05183639";"1";0,8;1,1;20,4;71,3;3,7;0,8;2,3;3;8;15;3,7;2;6;8;;;;;;0,6;2,9;36,4;100,8;0,6;7,4;192;597,8;2,2;8,5;22,6;41;0,6;2,6;61,3;242,8;0,4;8,7;103,5;353,2;0,5;2,4;79,9;414,1;0,9;17,4;116,4;146,1;0,4;3,1;70,4;218,2;0,4;1,9;41,9;128,2;0,5;1,9;29,5;97,1;1,2;9,7;21;74,4;1,2;9,7;19,4;58,4;1,8;4,1;8,4;36,6;;;;;;;;;;;;;;3,3;2,5;4;1,1;1,4;5,3;4,2;1;30;42;1,6;7,6;24,8;32,3;4,4;2,8;2,1;10;16;3,6;0,6;1,5;11,9;19,1;55;2,2
"Wijk 37 Groente- en Fruitmarkt";"'s-Gravenhage                           ";"Wijk      ";"WK051837  ";"1";1,1;1,3;34,5;81,7;2,2;1,1;1,4;4;7;16,2;2,2;3;6;9,2;;;;;;0,8;2,3;46,3;120,3;0,4;25,4;359,2;748,1;1,7;11;22,6;41;0,5;13;180,9;313;0,4;5,9;189,9;522,8;0,5;7,8;227,2;764,7;2,2;52,7;116,6;156,3;0,6;4,3;97,3;261,6;0,8;2,6;44,9;139,9;0,5;3,2;45,3;103,6;0,9;8,5;33,2;75,8;0,9;8,3;25,9;58,9;1,1;3,2;16,8;39,9;;;;;;;;;;;;;;3,7;1,9;2,2;1,6;1,7;6,1;3,4;18,2;30,2;43;1,6;15,3;24;32,1;2,6;1,4;4,9;10;16,3;1,9;2,1;1,8;12;18;55,2;1,4
"Groente- en Fruitmarkt";"'s-Gravenhage                           ";"Buurt     ";"BU05183721";"1";1,1;1,3;34,5;81,7;2,2;1,1;1,4;4;7;16,2;2,2;3;6;9,2;;;;;;0,8;2,3;46,3;120,3;0,4;25,4;359,2;748,1;1,7;11;22,6;41;0,5;13;180,9;313;0,4;5,9;189,9;522,8;0,5;7,8;227,2;764,7;2,2;52,7;116,6;156,3;0,6;4,3;97,3;261,6;0,8;2,6;44,9;139,9;0,5;3,2;45,3;103,6;0,9;8,5;33,2;75,8;0,9;8,3;25,9;58,9;1,1;3,2;16,8;39,9;;;;;;;;;;;;;;3,7;1,9;2,2;1,6;1,7;6,1;3,4;18,2;30,2;43;1,6;15,3;24;32,1;2,6;1,4;4,9;10;16,3;1,9;2,1;1,8;12;18;55,2;1,4
"Wijk 38 Laakkwartier en Spoorwijk";"'s-Gravenhage                           ";"Wijk      ";"WK051838  ";"1";0,6;2,1;30,7;76,3;2,9;0,5;2,3;3,4;7;17,3;2,4;2,4;6;10,8;;;;;;0,5;4,6;43,5;107,9;0,3;35,6;295,4;679,9;1,3;9,6;23,1;44,2;0,4;11,8;130,8;300;0,3;12,3;180,7;474,6;0,3;15,4;254,5;750,6;1,5;53,3;117,2;164,1;0,4;9,8;89,5;233,9;0,5;4,3;49,4;131,5;0,5;3,6;39,6;91,9;0,8;8,7;30,3;76,4;0,8;8,3;24,3;59,4;1,9;3;16,8;40,7;;;;;;;;;;;;;;2,7;1,4;2;1;2,4;7,6;1,6;17,1;31,1;49,4;1,3;15,4;24;35,9;2,9;1,4;4,3;10;18,2;1,7;1,1;1,3;13,1;20,2;56,3;1,4
"Laakhaven-Oost";"'s-Gravenhage                           ";"Buurt     ";"BU05183819";"1";0,7;1,3;30,4;79,1;2,8;0,7;2,5;3,2;7;17,7;2,5;2,2;6;10,9;;;;;;0,7;3,2;49,1;108,7;0,3;18,4;327,1;690,4;1,2;8,8;23;43,6;0,6;6;151,7;300,2;0,3;16,5;243,1;471,9;0,3;13,9;376,6;767,9;1,2;54,6;116,6;158,7;0,6;5,5;95,8;234,3;0,8;1,9;51,8;137,2;0,6;1,8;38,5;93,2;1,2;9,3;34,2;75,4;1,2;7,6;27,2;58,3;2;4,4;19,3;40,6;;;;;;;;;;;;;;2,1;1,4;1,4;1,2;2,3;7,9;1,8;18,3;31;48,1;2;16,4;24;34,3;2,5;1,3;4,7;10;18;1,3;1,3;0,9;13;20;57;1,9
"Laakhaven-West";"'s-Gravenhage                           ";"Buurt     ";"BU05183822";"1";0,6;1,9;35,9;82,7;2,2;0,6;2,2;3,6;7;17;2,2;2,6;6;10,4;;;;;;0,6;2,8;51;114,8;0,3;24;363,1;736,8;1;10,4;23;43,8;0,6;11,4;179,2;314,2;0,3;10,1;230,6;511;0,4;10,8;305;803,3;1,7;55,7;117,5;159,3;0,7;5,1;100,8;255;0,8;2,4;53,2;142,5;0,7;2,6;46,4;98;1;9,4;34,2;76,1;1;9,3;26,6;59,1;1,3;3,2;18,8;40,1;;;;;;;;;;;;;;2,9;1,4;1,6;1,3;1,8;7,1;2,1;20;31;46;1,1;15,8;24;34,9;2,4;0,6;4,9;10;17,7;1,1;1,5;0,9;12,8;19,1;56,5;1
"Spoorwijk";"'s-Gravenhage                           ";"Buurt     ";"BU05183823";"1";0,3;2,7;28,1;69,3;3,1;0,3;2,3;4;7;16,9;3,1;3;6;9,9;;;;;;0,6;4,9;40,9;105;0,5;20,4;282,7;650,2;2;9,5;23;44;0,4;6,3;112,1;295,4;0,4;7,2;135;464,8;0,5;9,5;164,9;678,9;2,1;50;117,6;160,3;0,3;7,8;84,7;224,3;0,3;3,2;45,5;119,2;0,4;2,8;41,7;89,2;0,9;12;24,7;76;0,9;12;20,2;59;1,8;4,2;12,6;40;;;;;;;;;;;;;;3;0,4;2,6;1,6;2,5;6,9;2,1;13,9;30,8;51,9;0,6;14,2;24;37;3,3;1,3;4;10;19;2,1;1,6;2;12,7;19,7;55;0,7
"Laakkwartier-West";"'s-Gravenhage                           ";"Buurt     ";"BU05183824";"1";0,4;3,4;31,3;74,7;3;0,5;2,4;3,9;7;17,6;2,8;2,9;6;10,6;;;;;;0,4;6,9;40,9;110,5;0,2;36,4;288,2;678,6;1,6;10,5;23;44;0,3;9,9;120,7;302,8;0,4;11;143,3;481,4;0,3;13,3;184,8;736,4;1,9;52;117,9;161;0,3;10,5;87,9;236;0,4;5,2;48,5;127,6;0,4;3,8;41,2;92,9;0,6;10,8;28,1;76,7;0,6;10,8;22,9;59,7;1,9;3,6;14,5;40,7;;;;;;;;;;;;;;3,1;0,9;2,4;1,2;2,4;7;1,7;16;31;50,3;0,7;15,5;24;36,3;3,1;1,3;4,1;10;18,8;1,9;1,1;1,8;13;19,3;55,3;0,8
"Laakkwartier-Oost";"'s-Gravenhage                           ";"Buurt     ";"BU05183825";"1";0,8;2,3;31,7;78,3;2,9;0,4;2,3;3,1;7;17,3;2,3;2,1;6;11;;;;;;0,5;5,1;41,9;108,8;0,2;55,7;286,8;685,2;1,2;9,3;23,1;44,6;0,3;17,2;126,2;303,3;0,3;14,3;166,1;475,2;0,3;20,9;238,7;766,1;1,3;53,7;117,2;168,5;0,3;13,5;90,4;237,9;0,4;6;51;133,8;0,4;4,7;39,6;92,5;0,8;7,9;30,3;76,9;0,8;7,7;24,3;59,9;2;2,4;17,3;41;;;;;;;;;;;;;;2,6;1,6;2,1;0,6;2,5;7,7;1,2;17,3;31,2;50,1;1,4;15,5;24;36,4;3;1,5;4,1;10;18,1;1,7;0,6;1,2;13,2;21;56,5;1,5
"Noordpolderbuurt";"'s-Gravenhage                           ";"Buurt     ";"BU05183826";"1";0,7;0,9;25,8;71,1;3,5;0,5;2,1;3;7;17,2;2,1;2;6;11,1;;;;;;0,5;4;39,4;99,4;0,3;35,5;242,5;633,2;1,1;9;23,3;44,7;0,4;12,7;101,7;282,8;0,3;12,3;177,7;442,6;0,3;17,3;267,4;722,5;1,1;52,6;116,5;170,3;0,3;11,5;78,2;213,1;0,4;4,7;45,2;124,9;0,3;4;32,1;85,5;0,6;5,3;29,4;76,3;0,6;4,8;24;59,3;2,5;1,8;17,3;41;;;;;;;;;;;;;;2,3;1,9;1,9;0,7;3;8,3;1,2;16;31,3;50,3;2;14,9;24;36,1;3;2;4;10;18;2;0,9;1,5;13,3;21,2;56,9;2,1
"Wijk 39 Binckhorst";"'s-Gravenhage                           ";"Wijk      ";"WK051839  ";"1";0,7;1,6;20,6;59,3;4,4;1,7;1,4;3;6,8;18,3;1,4;2,5;5,8;11,8;;;;;;1,4;0;24,1;85,8;1,3;0,3;145,1;517,7;1,7;8,2;23,2;45,2;1,3;0,3;37,8;201,6;0,5;2,3;98,7;380,4;0,6;3,6;171,3;609,5;1,2;46,6;116,2;160,5;0,5;2;59,3;168,4;0,5;1,9;37,3;108,5;1;0,5;21,3;69,7;1,3;7,6;26,7;72,1;1,3;6,2;22,6;55,6;1,6;3,3;15,3;39,6;;;;;;;;;;;;;;1;1,3;2,9;1,8;2,1;9,7;1,4;14,3;31,1;47,4;2,1;13,2;24;34,3;4;3;5;10;17,8;3,2;1,7;2,5;13;20,9;57;3,1
"Binckhorst";"'s-Gravenhage                           ";"Buurt     ";"BU05183960";"1";0,7;1,6;20,6;59,3;4,4;1,7;1,4;3;6,8;18,3;1,4;2,5;5,8;11,8;;;;;;1,4;0;24,1;85,8;1,3;0,3;145,1;517,7;1,7;8,2;23,2;45,2;1,3;0,3;37,8;201,6;0,5;2,3;98,7;380,4;0,6;3,6;171,3;609,5;1,2;46,6;116,2;160,5;0,5;2;59,3;168,4;0,5;1,9;37,3;108,5;1;0,5;21,3;69,7;1,3;7,6;26,7;72,1;1,3;6,2;22,6;55,6;1,6;3,3;15,3;39,6;;;;;;;;;;;;;;1;1,3;2,9;1,8;2,1;9,7;1,4;14,3;31,1;47,4;2,1;13,2;24;34,3;4;3;5;10;17,8;3,2;1,7;2,5;13;20,9;57;3,1
"Wijk 40 Wateringse Veld";"'s-Gravenhage                           ";"Wijk      ";"WK051840  ";"1";0,7;1,1;11,5;35,1;4,5;0,8;4,4;1,4;6,1;15,8;4,5;0,8;4,1;8,3;;;;;;0,8;1,4;16,6;53,3;0,7;3,8;58,7;232,4;1,2;4,6;21,3;41;1,6;0,2;8,3;66,8;0,7;3;47,7;155,9;0,6;2,9;38,3;124,5;2,5;6,1;86;147,9;0,5;4,7;41,6;116;0,4;3,9;35,1;83,4;0,7;1,7;18;55,1;1,3;2,6;13,4;69,8;1,3;2,6;12,5;54,8;1,3;1,2;5,5;33,4;;;;;;;;;;;;;;2;4,1;6,5;1,2;2,7;5,2;4,5;0,9;26;41,4;3,6;3,2;21,6;32,1;6,9;5,1;0,4;7,5;16;5,7;1,4;2,8;7,8;19,6;54;2,2
"Erasmus Veld";"'s-Gravenhage                           ";"Buurt     ";"BU05184001";"1";1;0,4;14,1;50,2;3,8;1,1;3,5;2,5;6,5;14,7;3,8;1,5;4,5;7,5;;;;;;1,2;0,3;26,2;73,5;1;2,6;92;386,2;1,7;6,4;21,8;40,1;1;1,1;18,4;137,2;0,9;3,3;69,3;224,9;0,5;3,8;47,2;201,6;2,2;7;97,5;145,1;0,9;1,1;52,6;156;0,4;1,6;37,4;99,3;1;0,6;21,7;74;1,7;4,5;17,6;73,4;1,7;4,5;16,4;57,5;1,8;1,6;6,5;35,8;;;;;;;;;;;;;;2,5;3,8;5,4;1,3;2,2;4,4;4,5;0,9;27,5;41,5;2,6;4,3;23,6;32;5,8;4,2;0,8;8,3;16;4,7;1,2;2,4;8,6;19;54,9;2,4
"Hoge Veld";"'s-Gravenhage                           ";"Buurt     ";"BU05184002";"1";0,7;0,8;14;38,3;4,2;0,7;4,1;2;6,1;15,2;4,2;1;4,1;8;;;;;;0,8;1,3;20,9;58,8;0,8;4,4;74,7;274,5;0,8;4,5;21,6;40,5;1,5;0;10,3;83,3;0,6;3,1;61,1;172,2;0,6;2,9;44,7;133,2;2,5;6;87,6;146;0,4;6,4;50,5;125,3;0,4;5;40,3;87,8;0,5;2,6;22,3;60,6;0,9;3,2;13,3;72,6;0,9;3,2;13,3;56,7;0,9;1,1;4,5;35,7;;;;;;;;;;;;;;2,6;4;6;0,9;2,5;4,8;4,5;0,9;26,3;41,3;3,1;3,8;22,5;32;6,4;4,8;0,7;7,3;16;5,3;1;2,8;7,9;19,1;54,5;2,2
"Parkbuurt oosteinde";"'s-Gravenhage                           ";"Buurt     ";"BU05184003";"1";1,1;0,6;10,8;31,3;4,8;1;4,7;1,5;6;15,9;4,8;0,8;4;8,2;;;;;;0,9;1,6;15;49,5;0,9;4,8;54,7;187,7;0,9;4,3;21,2;41,3;1,4;0,1;6,9;45;0,9;2,7;46,5;138,6;0,8;1,9;44;109,7;2,7;6,1;84,1;146;0,4;5,1;39,9;109,2;0,5;3,4;36,8;82,1;0,7;1,8;19,4;49,8;1,1;2,9;11;69,6;1,1;2,9;10,9;54,9;1,1;1,7;4,1;33,6;;;;;;;;;;;;;;2,1;3,5;6,5;1;2,4;5,4;4,1;1,3;26;41;3,8;3,9;22,1;32;6,9;5,3;0,1;8;16;5,9;1,3;2,4;7,5;20;54,1;1,7
"Lage Veld";"'s-Gravenhage                           ";"Buurt     ";"BU05184004";"1";0,5;1,9;8,3;26,2;5,3;0,5;5,3;0,1;6;16,9;5,3;0,1;4;8,9;;;;;;0,5;2,1;8,9;40,4;0,5;3,3;30,1;137,3;1,3;4;20,8;41,9;1,9;0;2,3;25,3;0,6;2,4;24,4;116,5;0,6;3;27,7;88,4;2,6;6;81,3;148,3;0,6;4,4;29,4;92,4;0,6;3,6;30,7;71,7;0,9;0,9;12,3;43;1,5;1;12;66,3;1,5;1;10,4;52,4;1,5;1;6;30,4;;;;;;;;;;;;;;1,4;4,3;7,3;1,4;3,3;5,9;4,6;1;26;41,5;4,3;2,4;20,4;32;7,7;5,9;0;7;16;6,5;1,8;2,9;7,1;20,1;53;2,2
"Zonne Veld";"'s-Gravenhage                           ";"Buurt     ";"BU05184005";"1";0,5;2;6,4;25,8;5,1;0,8;5,1;0,5;6;17;5,1;0,5;4;9;;;;;;0,5;2;6,1;37,4;0,5;3;19,8;120,6;1,8;4;20,4;42;2,4;0;1,3;22,1;0,5;3,9;19;105,9;0,5;3;18,7;80,4;2,1;5,5;77,5;157,4;0,4;4;22,5;84,9;0,3;3,9;22,3;70,7;0,6;0,9;8;41,2;2;1;13,7;62,7;2;1;10,8;49,6;2;1;7,8;28,4;;;;;;;;;;;;;;0,9;4,8;7,8;1,9;3,7;6,3;5,1;0,4;23,8;42;4,8;1;17,9;32,8;8,2;5,5;0;6,9;16;6,9;2,3;3,3;7,9;20,9;53;2,7
"Wijk 41 Hoornwijk";"'s-Gravenhage                           ";"Wijk      ";"WK051841  ";"1";1;0,6;9,5;17,9;6,3;1,1;4,7;0,3;6,2;18,2;4,7;0,3;4,4;12,1;;;;;;1,5;0,1;10;22,8;1,5;0,1;33,1;102,9;1,8;4,7;19,6;48,7;1,9;0,1;5;25,5;1,5;0,1;19,9;74,5;0,8;2,4;37;119,6;2;10,4;86,1;199,1;0,8;2;26,4;58,9;1;1,1;21,6;46,8;0,9;0,5;11,4;25;1,1;3,4;7,4;58,6;1,1;3;5,9;47;1,2;2,7;6,1;32,4;;;;;;;;;;;;;;2;1,5;6,5;2,1;1;11;4;2,5;25,4;53,5;4,9;1;21,6;42;7,5;1,8;1,4;8,7;20,6;6,5;1,2;2,9;10,3;22,7;56,2;2,1
"Vlietzoom-West";"'s-Gravenhage                           ";"Buurt     ";"BU05184106";"1";0,8;1,5;15,7;45,6;5;1,4;1,1;1,4;7;18,6;1,1;1,4;6;12,1;;;;;;1,1;0,4;11,4;67;1,1;0,3;80,8;336;2;7,6;23,9;47,4;0,9;0,6;17,9;108,4;1,1;0,3;38,5;253,9;0,3;6,5;91,9;396,8;1,4;29,3;115,4;177;0,5;4,5;39,1;137,7;0,6;4;27,4;88,9;0,7;0,9;13,3;54;1,5;7,2;17,3;72,8;1,5;6,2;13,8;56,9;2;3,4;10,1;39,9;;;;;;;;;;;;;;1,6;1,4;4,2;2,2;2,4;10,4;1,2;8,7;31,5;51,6;2,4;5,2;24,3;37,9;5,3;4,1;3,3;10,4;18,9;4,3;2,1;1,4;13,5;21,4;57;3,3
"Vliegeniersbuurt";"'s-Gravenhage                           ";"Buurt     ";"BU05184107";"1";;;;;;;;;;;;;;;;;;;;;;;;;;;;;;;;;;;;;;;;;;;;;;;;;;;;;;;;;;;;;;;;;;;;;;;;;;;;;;;;;;;;;;;;;;;;;;;;;;;;;;;;;;;;;;
"De Reef";"'s-Gravenhage                           ";"Buurt     ";"BU05184110";"1";1;0,3;8;11,5;6,6;1;5,5;0;6;18,1;5,5;0;4;12,1;;;;;;1,6;0;9,7;12,6;1,6;0;22;48,9;1,8;4;18,7;49;2,1;0;2;6,3;1,6;0;15,5;32,9;0,9;1,4;24,3;55,4;2,1;6;79,3;204,2;0,9;1,5;23,5;40,6;1,1;0,4;20,2;37,1;1;0,4;11;18,3;1;2,5;5,1;55,3;1;2,2;4,1;44,7;1;2,5;5,1;30,7;;;;;;;;;;;;;;2,1;1,5;7;2,1;0,7;11,1;4,7;1;24;54;5,5;0;21;43;8;1,2;1;8,3;21;7;1;3,2;9,5;23;56;1,8
"Wijk 42 Ypenburg";"'s-Gravenhage                           ";"Wijk      ";"WK051842  ";"1";1;0,7;6,9;20,5;6,3;1,2;5,1;0,5;6,3;21,9;5,1;0,5;5,1;12,3;;;;;;1,2;0,9;6,8;24,3;1,2;1,7;18,1;114,6;1,4;3,9;18,4;50,4;2,2;0;1,3;39,3;1,1;1;14;79,8;0,9;2,3;20,9;149,5;1,8;15,7;78,7;214,6;0,6;3,5;18,9;70,8;0,6;2,8;16,7;57,9;0,7;1,4;9;29,7;1,6;1,8;8,4;56,2;1,6;1,6;5,9;44,7;1,6;1,7;5,2;31,2;;;;;;;;;;;;;;1,9;3,1;6,5;1,4;2,4;12,1;4,1;3,6;24;62,9;4,4;1,5;20;46,4;7,6;2,8;2;8,6;22,1;6,5;1,2;2,7;9,8;24,2;55,6;3,4
"Bosweide";"'s-Gravenhage                           ";"Buurt     ";"BU05184208";"1";1;0,6;7,6;24,9;6,8;1;4,1;1;7;21,3;4,1;1;6;13,3;;;;;;1,3;0,1;7,2;27,9;1,3;0,3;20,5;146,2;1,4;4,1;20,7;49,9;2,8;0;0,9;37;1,3;0,2;11,8;78,1;1,2;0,6;22,5;144,3;1,7;13,1;86,4;207,1;1;2,3;15,6;83,8;1;1,8;12,6;64,8;1,1;1;6,8;35,4;0,7;2;10,2;65,2;0,7;2;8,1;51,2;0,7;2;5,8;35,5;;;;;;;;;;;;;;1,9;2,9;5,5;1,4;2,1;11,6;3,2;3,1;26,6;62,5;4,1;1,4;22,4;45;6,6;2,6;1,5;9,1;22;5,5;1,4;1,7;11;24,3;56;3,1
"Tedingerbroek";"'s-Gravenhage                           ";"Buurt     ";"BU05184209";"1";;;;;;;;;;;;;;;;;;;;;;;;;;;;;;;;;;;;;;;;;;;;;;;;;;;;;;;;;;;;;;;;;;;;;;;;;;;;;;;;;;;;;;;;;;;;;;;;;;;;;;;;;;;;;;
"De Venen";"'s-Gravenhage                           ";"Buurt     ";"BU05184211";"1";1,2;0;8,4;12,5;6;1,2;6;0;6,5;22,1;6;0;4,5;14;;;;;;1,8;0;7,1;11,2;1,8;0;20,2;33,5;2;3;17,7;50,3;1,2;0,1;2;6;1,6;0;16,3;29,7;0,3;2;18,7;44,1;1,2;2,9;77,7;211,7;0,2;1;26,9;40,3;0,3;1;24,5;36;1,2;0;12,7;18,8;1,2;4,6;5;54,4;1,2;3,6;4;45,4;1,2;4,6;5;29,4;;;;;;;;;;;;;;1,2;0,6;7,7;2,1;0,9;10,2;5,4;0;23,2;59,9;4,9;0,8;19,1;43,5;7,4;0,6;1;9;21;7,4;0,3;3,9;8;23;57;1,2
"Morgenweide";"'s-Gravenhage                           ";"Buurt     ";"BU05184212";"1";0,9;1;8,5;19;6,8;0,9;4,7;0,7;6,7;21,7;4,7;0,7;5,4;13,9;;;;;;1;1,4;7,7;21,3;0,9;2,7;19,5;108,7;1;4,1;19,9;50,4;2;0;1,6;27,2;0,9;1,4;14;60,8;0,8;2,6;24;113,8;2,1;10,8;82,6;213,3;0,3;6,2;22;69,4;0,3;4,5;19,1;56,4;0,3;2,7;10,4;29,6;1;2,2;8,1;59,6;1;2,1;6,3;47;1;2,2;6;32,7;;;;;;;;;;;;;;2,2;2,2;6,1;1,1;1,4;11,6;3,8;2,3;25,5;62,1;4,7;0,9;21,6;44,8;7,2;1,9;1,3;8,8;21,7;6,1;0,9;2,3;10,5;24,6;56;2,4
"Singels";"'s-Gravenhage                           ";"Buurt     ";"BU05184213";"1";0,7;1,3;5,2;26,3;5,9;0,8;4,5;0,9;6,9;22,5;4,5;0,9;5,9;11,6;;;;;;0,6;2,3;5,7;32,1;0,8;3,3;13,6;164,6;1,1;4,5;19,1;49,7;2,9;0;0,8;64,2;0,7;1,9;11,6;116,5;0,6;4,4;16,6;223,7;1,6;23,1;81,6;217;0,5;3,6;16,5;92,2;0,5;2,9;14,9;73,2;0,7;1,1;7,6;36,8;1,3;1,5;10,5;60,1;1,3;1,5;6,8;47,2;1,3;1,5;5,4;33;;;;;;;;;;;;;;1,8;3,6;5,9;1,1;2,7;12;3,6;6,3;25,8;64,8;4;2,5;21,2;48;7,1;3,2;2,6;8,9;22,4;5,9;1;2,1;10,4;24,1;55,3;3,8
"Waterbuurt";"'s-Gravenhage                           ";"Buurt     ";"BU05184214";"1";0,9;0,8;6,2;23,8;5,6;1,2;5;0,5;6;22,2;5;0,5;5;11;;;;;;1,1;0,6;7,2;29,8;1;1,7;18,5;139,7;1,3;4,1;17,8;50,2;2,5;0;1,8;57,5;0,9;1,5;16,2;108,3;1;3;22,1;204,3;1,3;22,8;77,1;217,1;0,9;1,9;17,7;83,6;0,9;1,1;16,2;66,8;0,9;0,6;8,8;32,8;1,8;1,4;9,3;55,3;1,8;1,1;5,7;43,5;1,8;1,1;4,7;31,1;;;;;;;;;;;;;;1,4;4,1;6,4;1,3;3,2;12,5;3,8;5,9;23,7;62,7;3,8;2,4;20;47,9;7,6;3,5;3;8,5;22,4;6,4;1,3;2,6;10;24,4;55;4,2
"De Bras";"'s-Gravenhage                           ";"Buurt     ";"BU05184215";"1";1,7;0;6,4;15,3;6,5;1,8;6,2;0;5,3;21,5;6,2;0;4;11,2;;;;;;1,8;0;6,2;18,9;1,8;0;18,9;68,7;1,9;3,3;15,9;51,2;1,8;0;1;26,9;1,6;0;14,5;61,1;1,3;0,1;20,2;112,6;2,2;13,9;70,1;215,3;0,7;2,4;17;47,2;0,6;3;15;42,3;0,8;1,3;8,4;22,2;2,8;0,8;6,6;46,8;2,8;0,8;4,3;38,1;2,8;0,8;4,3;27;;;;;;;;;;;;;;2,3;4;7,7;1,8;3,1;13,4;4,9;2;20;63;4,7;0,9;16,2;47,2;8,8;3,6;2;8;22,3;7,7;2;3,9;8,5;23,9;55;4,2
"Wijk 43 Forepark";"'s-Gravenhage                           ";"Wijk      ";"WK051843  ";"1";0,9;1,8;12,6;29,4;3,7;1,3;3;1,6;6,9;17,9;3;1,6;5,4;11,2;;;;;;1,2;0,4;11,2;34,5;0,9;3,9;55,4;170,7;2,1;4;20,3;44,9;1,2;0,5;8,7;34,6;0,7;1,2;40,8;106,4;0,8;3,6;66,1;170;1,6;7,5;99,5;165;0,5;3,5;27,1;90,5;0,5;2,6;24,6;68,2;0,6;1,9;11,3;37;0,8;6;15,6;57;0,8;4,7;12,4;43,5;1,1;3,9;8,7;32,6;;;;;;;;;;;;;;1,6;2,3;6;2;2,1;11,5;2,9;3,8;29;47,8;2,4;3;22,4;33,8;6,5;2,6;1,9;10,5;17,4;6,5;1,8;1,8;10,3;19,8;57,7;2,4
"Vlietzoom-Oost";"'s-Gravenhage                           ";"Buurt     ";"BU05184316";"1";0,8;2,4;15,2;32,8;3,4;1,2;2,5;2;6,9;17,9;2,5;2;5,5;10,9;;;;;;1,1;0,5;13;39,9;0,7;5,4;67,3;204,5;2,2;4;21,8;44,1;0,9;0,6;10,7;44;0,7;1;48,6;123,4;0,7;4,7;83,4;202,2;1,2;9;109,3;160,1;0,5;4,1;30;104,8;0,5;3;26,9;76,1;0,5;2,2;12;41,4;0,6;6,8;17,8;59,1;0,6;5,5;13,9;44,1;1;3,9;9,4;33,9;;;;;;;;;;;;;;1,9;2,4;5,4;2,1;2,1;11,9;2,2;4,9;31,2;47,1;2,1;3,5;24,2;32;6,5;2,9;1,8;11;17;5,8;2;1,1;11,1;19,1;57,3;2,7
"De Rivieren";"'s-Gravenhage                           ";"Buurt     ";"BU05184317";"1";1,3;0,4;6,2;20,7;4,3;1,4;4,3;0,7;7;17,7;4,3;0,7;5,2;11,7;;;;;;1,6;0;6,3;20,7;1,4;0,1;25,1;84,4;1,9;3,8;16,5;47;1,7;0,3;3,7;10,7;0,6;1,8;21,1;63,1;1;1;22,2;87,8;2,4;3,6;74,3;177,5;0,4;2,1;19,7;54,1;0,5;1,5;18,5;47,9;0,9;1,4;9,5;25,6;1,5;3,9;10;51,6;1,5;2,9;8,6;41,8;1,5;3,9;7,1;29,2;;;;;;;;;;;;;;1;2,1;7,7;1,6;2;10,5;4,9;0,8;23,1;49,4;3,2;1,5;17,9;38,3;6,6;1,8;2;9,3;18,6;8,2;1,4;3,7;8,2;21,7;58,8;1,5
"Wijk 44 Leidschenveen";"'s-Gravenhage                           ";"Wijk      ";"WK051844  ";"1";1,2;0,3;3,5;16;5;1,2;4,9;0,6;5,3;16,9;4,9;0,6;4;11,4;;;;;;1,4;0,5;4;15,9;1,4;1;12,1;67,5;1,6;3,1;15,4;44,9;2,3;0;2,1;9;1,1;1;11,5;50,3;1,2;0,4;11,6;66,9;3,2;2,8;64,7;163,3;0,6;1,8;13,6;42,7;0,5;2,3;13,7;38,2;0,8;1,4;6,9;20,9;1,7;3,2;7,7;45,2;1,7;2,2;6,5;35,9;1,7;3,2;6,2;25,8;;;;;;;;;;;;;;1,6;2,8;8,3;1,5;2,7;10,2;5,5;0,3;19,9;47,4;3,7;1,3;14,7;35,8;6;2,5;1,8;8,6;17,2;8,4;1,4;4,4;7,3;20,7;58,1;2,1
"De Lanen";"'s-Gravenhage                           ";"Buurt     ";"BU05184418";"1";1,3;0,2;4,9;17,2;5,1;1,2;5;0,5;6,7;17,7;5;0,5;5,1;12;;;;;;1,2;0,7;5,3;17,6;1;1,1;15,5;71,9;1,5;3,5;16,8;47;2,2;0;2,1;9,2;0,8;2,1;13;54;1,2;0,4;13,4;73,9;2,3;3,7;72,5;180,9;0,6;2,1;17,8;47,2;0,6;1,2;18,3;42,7;0,7;1,9;8,7;22,5;1,5;3,9;7,6;52,2;1,5;2,9;6,5;42,3;1,5;3,9;6,3;29,3;;;;;;;;;;;;;;1,4;1,8;8,1;1,2;1,7;10,6;5,4;0,1;22,1;48,1;4;1;17;40;6,5;1,4;1,9;9,2;19,1;8,4;1,3;4,3;7,6;22,2;58,4;1,1
"De Velden";"'s-Gravenhage                           ";"Buurt     ";"BU05184419";"1";1,4;0,1;6;22;3,8;1,4;3,8;1;6,1;17,1;3,8;1;4,8;11,2;;;;;;1,1;1;5,1;22,8;1,2;1,5;18,9;92,5;1,4;4;15,3;43,3;1,5;0,1;3,8;12,1;0,5;1,9;17,4;67;1,2;0,6;23,6;94,3;3,3;3;68,2;153,2;0,6;2,3;15,9;54,5;0,6;2,1;15;47,4;0,7;1;8,4;27,2;1,3;3,3;11,4;47,3;1,3;2,3;9,6;37,5;1,3;3,3;7,7;27,7;;;;;;;;;;;;;;1;3,2;7,8;1,2;3,1;10,6;4,8;1,3;21,5;47,5;2,4;1,9;16,4;33;6,1;2,9;2;9,2;16,3;8,4;1,3;3,4;7,4;20,3;59,8;2,6
"De Vissen";"'s-Gravenhage                           ";"Buurt     ";"BU05184420";"1";1,2;0,2;1,8;14,2;5;1,1;5;0,6;4;16,1;5;0,6;3;11;;;;;;1,2;0,4;3,1;13,2;1,3;1;8,1;65,3;1,3;2,5;14,7;44,4;2,7;0;1,5;8,8;1,3;0,2;9,4;48,3;1,3;0,4;5,9;59,8;3,9;2,5;55,6;151,2;0,6;1,5;11;36,6;0,4;3,4;11,6;33,4;0,5;1,8;6;18,5;1,8;3;6,5;39,3;1,8;2;5,5;30,5;1,8;3;5,6;22,4;;;;;;;;;;;;;;2,1;3,4;8,9;1,4;3,3;9,5;5,9;0;17,1;46,9;3,6;1,5;11,7;33,4;5;3;1,9;7,7;16;8,3;1,3;4,6;7;19,6;57,7;2,7
"Rietbuurt";"'s-Gravenhage                           ";"Buurt     ";"BU05184421";"1";0,8;0,7;2,3;9,6;6,5;0,8;6;0;5,1;17,2;6;0;3,9;11,7;;;;;;2,6;0;2,8;10;2,4;0;7;28,4;2,9;3;15,3;44,8;2,2;0;1;4,7;2,1;0;5,9;24,4;0,8;0,7;7,1;33,8;2,2;1,3;71,2;180,6;0,5;1;9,8;34,1;0,5;1,9;9,4;30,4;1,9;0;3,7;15,6;2,6;2,1;5,8;46,4;2,6;1,6;4,5;37,4;2,6;2,1;5,3;26,2;;;;;;;;;;;;;;1,3;2,3;7,9;2,6;2,3;10,5;5,4;0,2;21,8;47,4;5,4;0,1;17,1;39;8;2;1;8,9;18,6;8,4;2,2;5,3;7,3;21,7;56,4;1,2
