woon_corop,woon_name,werk_corop,werk_name,jobs
CR01,Oost-Groningen (CR),CR01,Oost-Groningen (CR),30.7
CR01,Oost-Groningen (CR),CR02,Delfzijl en omgeving (CR),1.8
CR01,Oost-Groningen (CR),CR03,Overig Groningen (CR),10.9
CR01,Oost-Groningen (CR),CR04,Noord-Friesland (CR),0.2
CR01,Oost-Groningen (CR),CR05,Zuidwest-Friesland (CR),0.1
CR01,Oost-Groningen (CR),CR06,Zuidoost-Friesland (CR),0.3
CR01,Oost-Groningen (CR),CR07,Noord-Drenthe (CR),3.5
CR01,Oost-Groningen (CR),CR08,Zuidoost-Drenthe (CR),3.5
CR01,Oost-Groningen (CR),CR09,Zuidwest-Drenthe (CR),1.5
CR01,Oost-Groningen (CR),CR10,Noord-Overijssel (CR),1.0
CR01,Oost-Groningen (CR),CR11,Zuidwest-Overijssel (CR),0.1
CR01,Oost-Groningen (CR),CR12,Twente (CR),0.5
CR01,Oost-Groningen (CR),CR13,Veluwe (CR),0.2
CR01,Oost-Groningen (CR),CR14,Achterhoek (CR),0.1
CR01,Oost-Groningen (CR),CR15,Arnhem/Nijmegen (CR),0.2
CR01,Oost-Groningen (CR),CR16,Zuidwest-Gelderland (CR),0.0
CR01,Oost-Groningen (CR),CR17,Utrecht (CR),0.4
CR01,Oost-Groningen (CR),CR18,Kop van Noord-Holland (CR),0.1
CR01,Oost-Groningen (CR),CR19,Alkmaar en omgeving (CR),0.0
CR01,Oost-Groningen (CR),CR20,IJmond (CR),0.0
CR01,Oost-Groningen (CR),CR21,Agglomeratie Haarlem (CR),0.0
CR01,Oost-Groningen (CR),CR22,Zaanstreek (CR),0.0
CR01,Oost-Groningen (CR),CR23,Groot-Amsterdam (CR),0.3
CR01,Oost-Groningen (CR),CR24,Het Gooi en Vechtstreek (CR),0.0
CR01,Oost-Groningen (CR),CR25,Agglomeratie Leiden en Bollenstreek (CR),0.0
CR01,Oost-Groningen (CR),CR26,Agglomeratie 's-Gravenhage (CR),0.1
CR01,Oost-Groningen (CR),CR27,Delft en Westland (CR),0.0
CR01,Oost-Groningen (CR),CR28,Oost-Zuid-Holland (CR),0.1
CR01,Oost-Groningen (CR),CR29,Groot-Rijnmond (CR),0.2
CR01,Oost-Groningen (CR),CR30,Zuidoost-Zuid-Holland (CR),0.1
CR01,Oost-Groningen (CR),CR31,Zeeuwsch-Vlaanderen (CR),0.0
CR01,Oost-Groningen (CR),CR32,Overig Zeeland (CR),0.0
CR01,Oost-Groningen (CR),CR33,West-Noord-Brabant (CR),0.1
CR01,Oost-Groningen (CR),CR34,Midden-Noord-Brabant (CR),0.1
CR01,Oost-Groningen (CR),CR35,Noordoost-Noord-Brabant (CR),0.1
CR01,Oost-Groningen (CR),CR36,Zuidoost-Noord-Brabant (CR),0.1
CR01,Oost-Groningen (CR),CR37,Noord-Limburg (CR),0.0
CR01,Oost-Groningen (CR),CR38,Midden-Limburg (CR),0.0
CR01,Oost-Groningen (CR),CR39,Zuid-Limburg (CR),0.0
CR01,Oost-Groningen (CR),CR40,Flevoland (CR),0.2
CR02,Delfzijl en omgeving (CR),CR01,Oost-Groningen (CR),1.4
CR02,Delfzijl en omgeving (CR),CR02,Delfzijl en omgeving (CR),8.2
CR02,Delfzijl en omgeving (CR),CR03,Overig Groningen (CR),6.4
CR02,Delfzijl en omgeving (CR),CR04,Noord-Friesland (CR),0.1
CR02,Delfzijl en omgeving (CR),CR05,Zuidwest-Friesland (CR),0.0
CR02,Delfzijl en omgeving (CR),CR06,Zuidoost-Friesland (CR),0.1
CR02,Delfzijl en omgeving (CR),CR07,Noord-Drenthe (CR),1.0
CR02,Delfzijl en omgeving (CR),CR08,Zuidoost-Drenthe (CR),0.3
CR02,Delfzijl en omgeving (CR),CR09,Zuidwest-Drenthe (CR),0.3
CR02,Delfzijl en omgeving (CR),CR10,Noord-Overijssel (CR),0.3
CR02,Delfzijl en omgeving (CR),CR11,Zuidwest-Overijssel (CR),0.0
CR02,Delfzijl en omgeving (CR),CR12,Twente (CR),0.1
CR02,Delfzijl en omgeving (CR),CR13,Veluwe (CR),0.1
CR02,Delfzijl en omgeving (CR),CR14,Achterhoek (CR),0.0
CR02,Delfzijl en omgeving (CR),CR15,Arnhem/Nijmegen (CR),0.1
CR02,Delfzijl en omgeving (CR),CR16,Zuidwest-Gelderland (CR),0.0
CR02,Delfzijl en omgeving (CR),CR17,Utrecht (CR),0.1
CR02,Delfzijl en omgeving (CR),CR18,Kop van Noord-Holland (CR),0.0
CR02,Delfzijl en omgeving (CR),CR19,Alkmaar en omgeving (CR),0.0
CR02,Delfzijl en omgeving (CR),CR20,IJmond (CR),0.0
CR02,Delfzijl en omgeving (CR),CR21,Agglomeratie Haarlem (CR),0.0
CR02,Delfzijl en omgeving (CR),CR22,Zaanstreek (CR),0.0
CR02,Delfzijl en omgeving (CR),CR23,Groot-Amsterdam (CR),0.1
CR02,Delfzijl en omgeving (CR),CR24,Het Gooi en Vechtstreek (CR),0.0
CR02,Delfzijl en omgeving (CR),CR25,Agglomeratie Leiden en Bollenstreek (CR),0.0
CR02,Delfzijl en omgeving (CR),CR26,Agglomeratie 's-Gravenhage (CR),0.0
CR02,Delfzijl en omgeving (CR),CR27,Delft en Westland (CR),0.0
CR02,Delfzijl en omgeving (CR),CR28,Oost-Zuid-Holland (CR),0.0
CR02,Delfzijl en omgeving (CR),CR29,Groot-Rijnmond (CR),0.1
CR02,Delfzijl en omgeving (CR),CR30,Zuidoost-Zuid-Holland (CR),0.1
CR02,Delfzijl en omgeving (CR),CR31,Zeeuwsch-Vlaanderen (CR),0.0
CR02,Delfzijl en omgeving (CR),CR32,Overig Zeeland (CR),0.0
CR02,Delfzijl en omgeving (CR),CR33,West-Noord-Brabant (CR),0.0
CR02,Delfzijl en omgeving (CR),CR34,Midden-Noord-Brabant (CR),0.0
CR02,Delfzijl en omgeving (CR),CR35,Noordoost-Noord-Brabant (CR),0.0
CR02,Delfzijl en omgeving (CR),CR36,Zuidoost-Noord-Brabant (CR),0.0
CR02,Delfzijl en omgeving (CR),CR37,Noord-Limburg (CR),0.0
CR02,Delfzijl en omgeving (CR),CR38,Midden-Limburg (CR),0.0
CR02,Delfzijl en omgeving (CR),CR39,Zuid-Limburg (CR),0.0
CR02,Delfzijl en omgeving (CR),CR40,Flevoland (CR),0.1
CR03,Overig Groningen (CR),CR01,Oost-Groningen (CR),6.6
CR03,Overig Groningen (CR),CR02,Delfzijl en omgeving (CR),3.8
CR03,Overig Groningen (CR),CR03,Overig Groningen (CR),137.4
CR03,Overig Groningen (CR),CR04,Noord-Friesland (CR),4.6
CR03,Overig Groningen (CR),CR05,Zuidwest-Friesland (CR),1.1
CR03,Overig Groningen (CR),CR06,Zuidoost-Friesland (CR),5.1
CR03,Overig Groningen (CR),CR07,Noord-Drenthe (CR),11.4
CR03,Overig Groningen (CR),CR08,Zuidoost-Drenthe (CR),2.2
CR03,Overig Groningen (CR),CR09,Zuidwest-Drenthe (CR),2.6
CR03,Overig Groningen (CR),CR10,Noord-Overijssel (CR),2.0
CR03,Overig Groningen (CR),CR11,Zuidwest-Overijssel (CR),0.3
CR03,Overig Groningen (CR),CR12,Twente (CR),0.9
CR03,Overig Groningen (CR),CR13,Veluwe (CR),0.9
CR03,Overig Groningen (CR),CR14,Achterhoek (CR),0.2
CR03,Overig Groningen (CR),CR15,Arnhem/Nijmegen (CR),0.5
CR03,Overig Groningen (CR),CR16,Zuidwest-Gelderland (CR),0.1
CR03,Overig Groningen (CR),CR17,Utrecht (CR),1.9
CR03,Overig Groningen (CR),CR18,Kop van Noord-Holland (CR),0.2
CR03,Overig Groningen (CR),CR19,Alkmaar en omgeving (CR),0.1
CR03,Overig Groningen (CR),CR20,IJmond (CR),0.0
CR03,Overig Groningen (CR),CR21,Agglomeratie Haarlem (CR),0.1
CR03,Overig Groningen (CR),CR22,Zaanstreek (CR),0.0
CR03,Overig Groningen (CR),CR23,Groot-Amsterdam (CR),1.7
CR03,Overig Groningen (CR),CR24,Het Gooi en Vechtstreek (CR),0.2
CR03,Overig Groningen (CR),CR25,Agglomeratie Leiden en Bollenstreek (CR),0.2
CR03,Overig Groningen (CR),CR26,Agglomeratie 's-Gravenhage (CR),0.4
CR03,Overig Groningen (CR),CR27,Delft en Westland (CR),0.1
CR03,Overig Groningen (CR),CR28,Oost-Zuid-Holland (CR),0.2
CR03,Overig Groningen (CR),CR29,Groot-Rijnmond (CR),0.7
CR03,Overig Groningen (CR),CR30,Zuidoost-Zuid-Holland (CR),0.3
CR03,Overig Groningen (CR),CR31,Zeeuwsch-Vlaanderen (CR),0.0
CR03,Overig Groningen (CR),CR32,Overig Zeeland (CR),0.0
CR03,Overig Groningen (CR),CR33,West-Noord-Brabant (CR),0.2
CR03,Overig Groningen (CR),CR34,Midden-Noord-Brabant (CR),0.2
CR03,Overig Groningen (CR),CR35,Noordoost-Noord-Brabant (CR),0.3
CR03,Overig Groningen (CR),CR36,Zuidoost-Noord-Brabant (CR),0.4
CR03,Overig Groningen (CR),CR37,Noord-Limburg (CR),0.0
CR03,Overig Groningen (CR),CR38,Midden-Limburg (CR),0.0
CR03,Overig Groningen (CR),CR39,Zuid-Limburg (CR),0.1
CR03,Overig Groningen (CR),CR40,Flevoland (CR),0.8
CR04,Noord-Friesland (CR),CR01,Oost-Groningen (CR),0.3
CR04,Noord-Friesland (CR),CR02,Delfzijl en omgeving (CR),0.2
CR04,Noord-Friesland (CR),CR03,Overig Groningen (CR),7.2
CR04,Noord-Friesland (CR),CR04,Noord-Friesland (CR),103.0
CR04,Noord-Friesland (CR),CR05,Zuidwest-Friesland (CR),6.3
CR04,Noord-Friesland (CR),CR06,Zuidoost-Friesland (CR),14.5
CR04,Noord-Friesland (CR),CR07,Noord-Drenthe (CR),0.8
CR04,Noord-Friesland (CR),CR08,Zuidoost-Drenthe (CR),0.3
CR04,Noord-Friesland (CR),CR09,Zuidwest-Drenthe (CR),1.0
CR04,Noord-Friesland (CR),CR10,Noord-Overijssel (CR),1.1
CR04,Noord-Friesland (CR),CR11,Zuidwest-Overijssel (CR),0.1
CR04,Noord-Friesland (CR),CR12,Twente (CR),0.3
CR04,Noord-Friesland (CR),CR13,Veluwe (CR),0.6
CR04,Noord-Friesland (CR),CR14,Achterhoek (CR),0.1
CR04,Noord-Friesland (CR),CR15,Arnhem/Nijmegen (CR),0.3
CR04,Noord-Friesland (CR),CR16,Zuidwest-Gelderland (CR),0.1
CR04,Noord-Friesland (CR),CR17,Utrecht (CR),1.0
CR04,Noord-Friesland (CR),CR18,Kop van Noord-Holland (CR),0.5
CR04,Noord-Friesland (CR),CR19,Alkmaar en omgeving (CR),0.1
CR04,Noord-Friesland (CR),CR20,IJmond (CR),0.1
CR04,Noord-Friesland (CR),CR21,Agglomeratie Haarlem (CR),0.1
CR04,Noord-Friesland (CR),CR22,Zaanstreek (CR),0.1
CR04,Noord-Friesland (CR),CR23,Groot-Amsterdam (CR),1.1
CR04,Noord-Friesland (CR),CR24,Het Gooi en Vechtstreek (CR),0.1
CR04,Noord-Friesland (CR),CR25,Agglomeratie Leiden en Bollenstreek (CR),0.2
CR04,Noord-Friesland (CR),CR26,Agglomeratie 's-Gravenhage (CR),0.2
CR04,Noord-Friesland (CR),CR27,Delft en Westland (CR),0.1
CR04,Noord-Friesland (CR),CR28,Oost-Zuid-Holland (CR),0.1
CR04,Noord-Friesland (CR),CR29,Groot-Rijnmond (CR),0.9
CR04,Noord-Friesland (CR),CR30,Zuidoost-Zuid-Holland (CR),0.3
CR04,Noord-Friesland (CR),CR31,Zeeuwsch-Vlaanderen (CR),0.0
CR04,Noord-Friesland (CR),CR32,Overig Zeeland (CR),0.1
CR04,Noord-Friesland (CR),CR33,West-Noord-Brabant (CR),0.2
CR04,Noord-Friesland (CR),CR34,Midden-Noord-Brabant (CR),0.2
CR04,Noord-Friesland (CR),CR35,Noordoost-Noord-Brabant (CR),0.2
CR04,Noord-Friesland (CR),CR36,Zuidoost-Noord-Brabant (CR),0.3
CR04,Noord-Friesland (CR),CR37,Noord-Limburg (CR),0.0
CR04,Noord-Friesland (CR),CR38,Midden-Limburg (CR),0.0
CR04,Noord-Friesland (CR),CR39,Zuid-Limburg (CR),0.1
CR04,Noord-Friesland (CR),CR40,Flevoland (CR),0.7
CR05,Zuidwest-Friesland (CR),CR01,Oost-Groningen (CR),0.1
CR05,Zuidwest-Friesland (CR),CR02,Delfzijl en omgeving (CR),0.1
CR05,Zuidwest-Friesland (CR),CR03,Overig Groningen (CR),2.3
CR05,Zuidwest-Friesland (CR),CR04,Noord-Friesland (CR),8.8
CR05,Zuidwest-Friesland (CR),CR05,Zuidwest-Friesland (CR),35.8
CR05,Zuidwest-Friesland (CR),CR06,Zuidoost-Friesland (CR),7.5
CR05,Zuidwest-Friesland (CR),CR07,Noord-Drenthe (CR),0.2
CR05,Zuidwest-Friesland (CR),CR08,Zuidoost-Drenthe (CR),0.2
CR05,Zuidwest-Friesland (CR),CR09,Zuidwest-Drenthe (CR),0.8
CR05,Zuidwest-Friesland (CR),CR10,Noord-Overijssel (CR),0.8
CR05,Zuidwest-Friesland (CR),CR11,Zuidwest-Overijssel (CR),0.1
CR05,Zuidwest-Friesland (CR),CR12,Twente (CR),0.1
CR05,Zuidwest-Friesland (CR),CR13,Veluwe (CR),0.5
CR05,Zuidwest-Friesland (CR),CR14,Achterhoek (CR),0.0
CR05,Zuidwest-Friesland (CR),CR15,Arnhem/Nijmegen (CR),0.2
CR05,Zuidwest-Friesland (CR),CR16,Zuidwest-Gelderland (CR),0.0
CR05,Zuidwest-Friesland (CR),CR17,Utrecht (CR),0.5
CR05,Zuidwest-Friesland (CR),CR18,Kop van Noord-Holland (CR),0.4
CR05,Zuidwest-Friesland (CR),CR19,Alkmaar en omgeving (CR),0.1
CR05,Zuidwest-Friesland (CR),CR20,IJmond (CR),0.1
CR05,Zuidwest-Friesland (CR),CR21,Agglomeratie Haarlem (CR),0.1
CR05,Zuidwest-Friesland (CR),CR22,Zaanstreek (CR),0.0
CR05,Zuidwest-Friesland (CR),CR23,Groot-Amsterdam (CR),0.7
CR05,Zuidwest-Friesland (CR),CR24,Het Gooi en Vechtstreek (CR),0.1
CR05,Zuidwest-Friesland (CR),CR25,Agglomeratie Leiden en Bollenstreek (CR),0.1
CR05,Zuidwest-Friesland (CR),CR26,Agglomeratie 's-Gravenhage (CR),0.1
CR05,Zuidwest-Friesland (CR),CR27,Delft en Westland (CR),0.1
CR05,Zuidwest-Friesland (CR),CR28,Oost-Zuid-Holland (CR),0.1
CR05,Zuidwest-Friesland (CR),CR29,Groot-Rijnmond (CR),0.3
CR05,Zuidwest-Friesland (CR),CR30,Zuidoost-Zuid-Holland (CR),0.2
CR05,Zuidwest-Friesland (CR),CR31,Zeeuwsch-Vlaanderen (CR),0.0
CR05,Zuidwest-Friesland (CR),CR32,Overig Zeeland (CR),0.0
CR05,Zuidwest-Friesland (CR),CR33,West-Noord-Brabant (CR),0.1
CR05,Zuidwest-Friesland (CR),CR34,Midden-Noord-Brabant (CR),0.1
CR05,Zuidwest-Friesland (CR),CR35,Noordoost-Noord-Brabant (CR),0.1
CR05,Zuidwest-Friesland (CR),CR36,Zuidoost-Noord-Brabant (CR),0.1
CR05,Zuidwest-Friesland (CR),CR37,Noord-Limburg (CR),0.0
CR05,Zuidwest-Friesland (CR),CR38,Midden-Limburg (CR),0.0
CR05,Zuidwest-Friesland (CR),CR39,Zuid-Limburg (CR),0.0
CR05,Zuidwest-Friesland (CR),CR40,Flevoland (CR),1.7
CR06,Zuidoost-Friesland (CR),CR01,Oost-Groningen (CR),0.2
CR06,Zuidoost-Friesland (CR),CR02,Delfzijl en omgeving (CR),0.2
CR06,Zuidoost-Friesland (CR),CR03,Overig Groningen (CR),6.1
CR06,Zuidoost-Friesland (CR),CR04,Noord-Friesland (CR),8.4
CR06,Zuidoost-Friesland (CR),CR05,Zuidwest-Friesland (CR),4.5
CR06,Zuidoost-Friesland (CR),CR06,Zuidoost-Friesland (CR),51.4
CR06,Zuidoost-Friesland (CR),CR07,Noord-Drenthe (CR),2.5
CR06,Zuidoost-Friesland (CR),CR08,Zuidoost-Drenthe (CR),0.5
CR06,Zuidoost-Friesland (CR),CR09,Zuidwest-Drenthe (CR),2.1
CR06,Zuidoost-Friesland (CR),CR10,Noord-Overijssel (CR),2.4
CR06,Zuidoost-Friesland (CR),CR11,Zuidwest-Overijssel (CR),0.1
CR06,Zuidoost-Friesland (CR),CR12,Twente (CR),0.4
CR06,Zuidoost-Friesland (CR),CR13,Veluwe (CR),0.7
CR06,Zuidoost-Friesland (CR),CR14,Achterhoek (CR),0.1
CR06,Zuidoost-Friesland (CR),CR15,Arnhem/Nijmegen (CR),0.2
CR06,Zuidoost-Friesland (CR),CR16,Zuidwest-Gelderland (CR),0.1
CR06,Zuidoost-Friesland (CR),CR17,Utrecht (CR),0.8
CR06,Zuidoost-Friesland (CR),CR18,Kop van Noord-Holland (CR),0.2
CR06,Zuidoost-Friesland (CR),CR19,Alkmaar en omgeving (CR),0.1
CR06,Zuidoost-Friesland (CR),CR20,IJmond (CR),0.0
CR06,Zuidoost-Friesland (CR),CR21,Agglomeratie Haarlem (CR),0.0
CR06,Zuidoost-Friesland (CR),CR22,Zaanstreek (CR),0.0
CR06,Zuidoost-Friesland (CR),CR23,Groot-Amsterdam (CR),0.7
CR06,Zuidoost-Friesland (CR),CR24,Het Gooi en Vechtstreek (CR),0.1
CR06,Zuidoost-Friesland (CR),CR25,Agglomeratie Leiden en Bollenstreek (CR),0.0
CR06,Zuidoost-Friesland (CR),CR26,Agglomeratie 's-Gravenhage (CR),0.1
CR06,Zuidoost-Friesland (CR),CR27,Delft en Westland (CR),0.0
CR06,Zuidoost-Friesland (CR),CR28,Oost-Zuid-Holland (CR),0.1
CR06,Zuidoost-Friesland (CR),CR29,Groot-Rijnmond (CR),0.3
CR06,Zuidoost-Friesland (CR),CR30,Zuidoost-Zuid-Holland (CR),0.1
CR06,Zuidoost-Friesland (CR),CR31,Zeeuwsch-Vlaanderen (CR),0.0
CR06,Zuidoost-Friesland (CR),CR32,Overig Zeeland (CR),0.0
CR06,Zuidoost-Friesland (CR),CR33,West-Noord-Brabant (CR),0.2
CR06,Zuidoost-Friesland (CR),CR34,Midden-Noord-Brabant (CR),0.1
CR06,Zuidoost-Friesland (CR),CR35,Noordoost-Noord-Brabant (CR),0.2
CR06,Zuidoost-Friesland (CR),CR36,Zuidoost-Noord-Brabant (CR),0.2
CR06,Zuidoost-Friesland (CR),CR37,Noord-Limburg (CR),0.0
CR06,Zuidoost-Friesland (CR),CR38,Midden-Limburg (CR),0.0
CR06,Zuidoost-Friesland (CR),CR39,Zuid-Limburg (CR),0.0
CR06,Zuidoost-Friesland (CR),CR40,Flevoland (CR),1.2
CR07,Noord-Drenthe (CR),CR01,Oost-Groningen (CR),2.4
CR07,Noord-Drenthe (CR),CR02,Delfzijl en omgeving (CR),0.5
CR07,Noord-Drenthe (CR),CR03,Overig Groningen (CR),19.3
CR07,Noord-Drenthe (CR),CR04,Noord-Friesland (CR),0.8
CR07,Noord-Drenthe (CR),CR05,Zuidwest-Friesland (CR),0.2
CR07,Noord-Drenthe (CR),CR06,Zuidoost-Friesland (CR),1.9
CR07,Noord-Drenthe (CR),CR07,Noord-Drenthe (CR),43.8
CR07,Noord-Drenthe (CR),CR08,Zuidoost-Drenthe (CR),3.2
CR07,Noord-Drenthe (CR),CR09,Zuidwest-Drenthe (CR),4.4
CR07,Noord-Drenthe (CR),CR10,Noord-Overijssel (CR),3.2
CR07,Noord-Drenthe (CR),CR11,Zuidwest-Overijssel (CR),0.2
CR07,Noord-Drenthe (CR),CR12,Twente (CR),1.2
CR07,Noord-Drenthe (CR),CR13,Veluwe (CR),1.3
CR07,Noord-Drenthe (CR),CR14,Achterhoek (CR),0.2
CR07,Noord-Drenthe (CR),CR15,Arnhem/Nijmegen (CR),0.2
CR07,Noord-Drenthe (CR),CR16,Zuidwest-Gelderland (CR),0.1
CR07,Noord-Drenthe (CR),CR17,Utrecht (CR),0.7
CR07,Noord-Drenthe (CR),CR18,Kop van Noord-Holland (CR),0.1
CR07,Noord-Drenthe (CR),CR19,Alkmaar en omgeving (CR),0.0
CR07,Noord-Drenthe (CR),CR20,IJmond (CR),0.0
CR07,Noord-Drenthe (CR),CR21,Agglomeratie Haarlem (CR),0.0
CR07,Noord-Drenthe (CR),CR22,Zaanstreek (CR),0.0
CR07,Noord-Drenthe (CR),CR23,Groot-Amsterdam (CR),0.5
CR07,Noord-Drenthe (CR),CR24,Het Gooi en Vechtstreek (CR),0.0
CR07,Noord-Drenthe (CR),CR25,Agglomeratie Leiden en Bollenstreek (CR),0.1
CR07,Noord-Drenthe (CR),CR26,Agglomeratie 's-Gravenhage (CR),0.1
CR07,Noord-Drenthe (CR),CR27,Delft en Westland (CR),0.0
CR07,Noord-Drenthe (CR),CR28,Oost-Zuid-Holland (CR),0.1
CR07,Noord-Drenthe (CR),CR29,Groot-Rijnmond (CR),0.2
CR07,Noord-Drenthe (CR),CR30,Zuidoost-Zuid-Holland (CR),0.1
CR07,Noord-Drenthe (CR),CR31,Zeeuwsch-Vlaanderen (CR),0.0
CR07,Noord-Drenthe (CR),CR32,Overig Zeeland (CR),0.0
CR07,Noord-Drenthe (CR),CR33,West-Noord-Brabant (CR),0.1
CR07,Noord-Drenthe (CR),CR34,Midden-Noord-Brabant (CR),0.1
CR07,Noord-Drenthe (CR),CR35,Noordoost-Noord-Brabant (CR),0.1
CR07,Noord-Drenthe (CR),CR36,Zuidoost-Noord-Brabant (CR),0.2
CR07,Noord-Drenthe (CR),CR37,Noord-Limburg (CR),0.0
CR07,Noord-Drenthe (CR),CR38,Midden-Limburg (CR),0.0
CR07,Noord-Drenthe (CR),CR39,Zuid-Limburg (CR),0.0
CR07,Noord-Drenthe (CR),CR40,Flevoland (CR),0.4
CR08,Zuidoost-Drenthe (CR),CR01,Oost-Groningen (CR),3.4
CR08,Zuidoost-Drenthe (CR),CR02,Delfzijl en omgeving (CR),0.2
CR08,Zuidoost-Drenthe (CR),CR03,Overig Groningen (CR),2.4
CR08,Zuidoost-Drenthe (CR),CR04,Noord-Friesland (CR),0.2
CR08,Zuidoost-Drenthe (CR),CR05,Zuidwest-Friesland (CR),0.1
CR08,Zuidoost-Drenthe (CR),CR06,Zuidoost-Friesland (CR),0.4
CR08,Zuidoost-Drenthe (CR),CR07,Noord-Drenthe (CR),6.5
CR08,Zuidoost-Drenthe (CR),CR08,Zuidoost-Drenthe (CR),42.8
CR08,Zuidoost-Drenthe (CR),CR09,Zuidwest-Drenthe (CR),4.9
CR08,Zuidoost-Drenthe (CR),CR10,Noord-Overijssel (CR),4.9
CR08,Zuidoost-Drenthe (CR),CR11,Zuidwest-Overijssel (CR),0.7
CR08,Zuidoost-Drenthe (CR),CR12,Twente (CR),1.8
CR08,Zuidoost-Drenthe (CR),CR13,Veluwe (CR),0.6
CR08,Zuidoost-Drenthe (CR),CR14,Achterhoek (CR),0.1
CR08,Zuidoost-Drenthe (CR),CR15,Arnhem/Nijmegen (CR),0.2
CR08,Zuidoost-Drenthe (CR),CR16,Zuidwest-Gelderland (CR),0.1
CR08,Zuidoost-Drenthe (CR),CR17,Utrecht (CR),0.6
CR08,Zuidoost-Drenthe (CR),CR18,Kop van Noord-Holland (CR),0.1
CR08,Zuidoost-Drenthe (CR),CR19,Alkmaar en omgeving (CR),0.0
CR08,Zuidoost-Drenthe (CR),CR20,IJmond (CR),0.0
CR08,Zuidoost-Drenthe (CR),CR21,Agglomeratie Haarlem (CR),0.0
CR08,Zuidoost-Drenthe (CR),CR22,Zaanstreek (CR),0.0
CR08,Zuidoost-Drenthe (CR),CR23,Groot-Amsterdam (CR),0.4
CR08,Zuidoost-Drenthe (CR),CR24,Het Gooi en Vechtstreek (CR),0.0
CR08,Zuidoost-Drenthe (CR),CR25,Agglomeratie Leiden en Bollenstreek (CR),0.0
CR08,Zuidoost-Drenthe (CR),CR26,Agglomeratie 's-Gravenhage (CR),0.1
CR08,Zuidoost-Drenthe (CR),CR27,Delft en Westland (CR),0.0
CR08,Zuidoost-Drenthe (CR),CR28,Oost-Zuid-Holland (CR),0.2
CR08,Zuidoost-Drenthe (CR),CR29,Groot-Rijnmond (CR),0.3
CR08,Zuidoost-Drenthe (CR),CR30,Zuidoost-Zuid-Holland (CR),0.1
CR08,Zuidoost-Drenthe (CR),CR31,Zeeuwsch-Vlaanderen (CR),0.0
CR08,Zuidoost-Drenthe (CR),CR32,Overig Zeeland (CR),0.0
CR08,Zuidoost-Drenthe (CR),CR33,West-Noord-Brabant (CR),0.1
CR08,Zuidoost-Drenthe (CR),CR34,Midden-Noord-Brabant (CR),0.1
CR08,Zuidoost-Drenthe (CR),CR35,Noordoost-Noord-Brabant (CR),0.2
CR08,Zuidoost-Drenthe (CR),CR36,Zuidoost-Noord-Brabant (CR),0.2
CR08,Zuidoost-Drenthe (CR),CR37,Noord-Limburg (CR),0.1
CR08,Zuidoost-Drenthe (CR),CR38,Midden-Limburg (CR),0.0
CR08,Zuidoost-Drenthe (CR),CR39,Zuid-Limburg (CR),0.1
CR08,Zuidoost-Drenthe (CR),CR40,Flevoland (CR),0.3
CR09,Zuidwest-Drenthe (CR),CR01,Oost-Groningen (CR),0.1
CR09,Zuidwest-Drenthe (CR),CR02,Delfzijl en omgeving (CR),0.0
CR09,Zuidwest-Drenthe (CR),CR03,Overig Groningen (CR),1.2
CR09,Zuidwest-Drenthe (CR),CR04,Noord-Friesland (CR),0.3
CR09,Zuidwest-Drenthe (CR),CR05,Zuidwest-Friesland (CR),0.3
CR09,Zuidwest-Drenthe (CR),CR06,Zuidoost-Friesland (CR),1.1
CR09,Zuidwest-Drenthe (CR),CR07,Noord-Drenthe (CR),4.0
CR09,Zuidwest-Drenthe (CR),CR08,Zuidoost-Drenthe (CR),2.5
CR09,Zuidwest-Drenthe (CR),CR09,Zuidwest-Drenthe (CR),31.9
CR09,Zuidwest-Drenthe (CR),CR10,Noord-Overijssel (CR),11.4
CR09,Zuidwest-Drenthe (CR),CR11,Zuidwest-Overijssel (CR),0.8
CR09,Zuidwest-Drenthe (CR),CR12,Twente (CR),1.6
CR09,Zuidwest-Drenthe (CR),CR13,Veluwe (CR),1.7
CR09,Zuidwest-Drenthe (CR),CR14,Achterhoek (CR),0.2
CR09,Zuidwest-Drenthe (CR),CR15,Arnhem/Nijmegen (CR),0.3
CR09,Zuidwest-Drenthe (CR),CR16,Zuidwest-Gelderland (CR),0.1
CR09,Zuidwest-Drenthe (CR),CR17,Utrecht (CR),0.7
CR09,Zuidwest-Drenthe (CR),CR18,Kop van Noord-Holland (CR),0.1
CR09,Zuidwest-Drenthe (CR),CR19,Alkmaar en omgeving (CR),0.0
CR09,Zuidwest-Drenthe (CR),CR20,IJmond (CR),0.0
CR09,Zuidwest-Drenthe (CR),CR21,Agglomeratie Haarlem (CR),0.0
CR09,Zuidwest-Drenthe (CR),CR22,Zaanstreek (CR),0.0
CR09,Zuidwest-Drenthe (CR),CR23,Groot-Amsterdam (CR),0.4
CR09,Zuidwest-Drenthe (CR),CR24,Het Gooi en Vechtstreek (CR),0.1
CR09,Zuidwest-Drenthe (CR),CR25,Agglomeratie Leiden en Bollenstreek (CR),0.0
CR09,Zuidwest-Drenthe (CR),CR26,Agglomeratie 's-Gravenhage (CR),0.1
CR09,Zuidwest-Drenthe (CR),CR27,Delft en Westland (CR),0.0
CR09,Zuidwest-Drenthe (CR),CR28,Oost-Zuid-Holland (CR),0.1
CR09,Zuidwest-Drenthe (CR),CR29,Groot-Rijnmond (CR),0.3
CR09,Zuidwest-Drenthe (CR),CR30,Zuidoost-Zuid-Holland (CR),0.1
CR09,Zuidwest-Drenthe (CR),CR31,Zeeuwsch-Vlaanderen (CR),0.0
CR09,Zuidwest-Drenthe (CR),CR32,Overig Zeeland (CR),0.0
CR09,Zuidwest-Drenthe (CR),CR33,West-Noord-Brabant (CR),0.1
CR09,Zuidwest-Drenthe (CR),CR34,Midden-Noord-Brabant (CR),0.1
CR09,Zuidwest-Drenthe (CR),CR35,Noordoost-Noord-Brabant (CR),0.1
CR09,Zuidwest-Drenthe (CR),CR36,Zuidoost-Noord-Brabant (CR),0.2
CR09,Zuidwest-Drenthe (CR),CR37,Noord-Limburg (CR),0.0
CR09,Zuidwest-Drenthe (CR),CR38,Midden-Limburg (CR),0.0
CR09,Zuidwest-Drenthe (CR),CR39,Zuid-Limburg (CR),0.1
CR09,Zuidwest-Drenthe (CR),CR40,Flevoland (CR),0.8
CR10,Noord-Overijssel (CR),CR01,Oost-Groningen (CR),0.1
CR10,Noord-Overijssel (CR),CR02,Delfzijl en omgeving (CR),0.1
CR10,Noord-Overijssel (CR),CR03,Overig Groningen (CR),1.5
CR10,Noord-Overijssel (CR),CR04,Noord-Friesland (CR),0.5
CR10,Noord-Overijssel (CR),CR05,Zuidwest-Friesland (CR),0.5
CR10,Noord-Overijssel (CR),CR06,Zuidoost-Friesland (CR),1.9
CR10,Noord-Overijssel (CR),CR07,Noord-Drenthe (CR),1.7
CR10,Noord-Overijssel (CR),CR08,Zuidoost-Drenthe (CR),1.8
CR10,Noord-Overijssel (CR),CR09,Zuidwest-Drenthe (CR),7.4
CR10,Noord-Overijssel (CR),CR10,Noord-Overijssel (CR),123.5
CR10,Noord-Overijssel (CR),CR11,Zuidwest-Overijssel (CR),6.1
CR10,Noord-Overijssel (CR),CR12,Twente (CR),8.4
CR10,Noord-Overijssel (CR),CR13,Veluwe (CR),12.5
CR10,Noord-Overijssel (CR),CR14,Achterhoek (CR),0.7
CR10,Noord-Overijssel (CR),CR15,Arnhem/Nijmegen (CR),2.0
CR10,Noord-Overijssel (CR),CR16,Zuidwest-Gelderland (CR),0.5
CR10,Noord-Overijssel (CR),CR17,Utrecht (CR),3.2
CR10,Noord-Overijssel (CR),CR18,Kop van Noord-Holland (CR),0.1
CR10,Noord-Overijssel (CR),CR19,Alkmaar en omgeving (CR),0.0
CR10,Noord-Overijssel (CR),CR20,IJmond (CR),0.0
CR10,Noord-Overijssel (CR),CR21,Agglomeratie Haarlem (CR),0.1
CR10,Noord-Overijssel (CR),CR22,Zaanstreek (CR),0.0
CR10,Noord-Overijssel (CR),CR23,Groot-Amsterdam (CR),1.8
CR10,Noord-Overijssel (CR),CR24,Het Gooi en Vechtstreek (CR),0.3
CR10,Noord-Overijssel (CR),CR25,Agglomeratie Leiden en Bollenstreek (CR),0.2
CR10,Noord-Overijssel (CR),CR26,Agglomeratie 's-Gravenhage (CR),0.4
CR10,Noord-Overijssel (CR),CR27,Delft en Westland (CR),0.1
CR10,Noord-Overijssel (CR),CR28,Oost-Zuid-Holland (CR),0.2
CR10,Noord-Overijssel (CR),CR29,Groot-Rijnmond (CR),0.7
CR10,Noord-Overijssel (CR),CR30,Zuidoost-Zuid-Holland (CR),0.3
CR10,Noord-Overijssel (CR),CR31,Zeeuwsch-Vlaanderen (CR),0.0
CR10,Noord-Overijssel (CR),CR32,Overig Zeeland (CR),0.1
CR10,Noord-Overijssel (CR),CR33,West-Noord-Brabant (CR),0.3
CR10,Noord-Overijssel (CR),CR34,Midden-Noord-Brabant (CR),0.3
CR10,Noord-Overijssel (CR),CR35,Noordoost-Noord-Brabant (CR),0.4
CR10,Noord-Overijssel (CR),CR36,Zuidoost-Noord-Brabant (CR),0.5
CR10,Noord-Overijssel (CR),CR37,Noord-Limburg (CR),0.1
CR10,Noord-Overijssel (CR),CR38,Midden-Limburg (CR),0.1
CR10,Noord-Overijssel (CR),CR39,Zuid-Limburg (CR),0.2
CR10,Noord-Overijssel (CR),CR40,Flevoland (CR),8.0
CR11,Zuidwest-Overijssel (CR),CR01,Oost-Groningen (CR),0.0
CR11,Zuidwest-Overijssel (CR),CR02,Delfzijl en omgeving (CR),0.0
CR11,Zuidwest-Overijssel (CR),CR03,Overig Groningen (CR),0.2
CR11,Zuidwest-Overijssel (CR),CR04,Noord-Friesland (CR),0.0
CR11,Zuidwest-Overijssel (CR),CR05,Zuidwest-Friesland (CR),0.0
CR11,Zuidwest-Overijssel (CR),CR06,Zuidoost-Friesland (CR),0.1
CR11,Zuidwest-Overijssel (CR),CR07,Noord-Drenthe (CR),0.1
CR11,Zuidwest-Overijssel (CR),CR08,Zuidoost-Drenthe (CR),0.1
CR11,Zuidwest-Overijssel (CR),CR09,Zuidwest-Drenthe (CR),0.3
CR11,Zuidwest-Overijssel (CR),CR10,Noord-Overijssel (CR),8.6
CR11,Zuidwest-Overijssel (CR),CR11,Zuidwest-Overijssel (CR),37.9
CR11,Zuidwest-Overijssel (CR),CR12,Twente (CR),8.2
CR11,Zuidwest-Overijssel (CR),CR13,Veluwe (CR),9.0
CR11,Zuidwest-Overijssel (CR),CR14,Achterhoek (CR),2.8
CR11,Zuidwest-Overijssel (CR),CR15,Arnhem/Nijmegen (CR),2.0
CR11,Zuidwest-Overijssel (CR),CR16,Zuidwest-Gelderland (CR),0.4
CR11,Zuidwest-Overijssel (CR),CR17,Utrecht (CR),1.7
CR11,Zuidwest-Overijssel (CR),CR18,Kop van Noord-Holland (CR),0.0
CR11,Zuidwest-Overijssel (CR),CR19,Alkmaar en omgeving (CR),0.0
CR11,Zuidwest-Overijssel (CR),CR20,IJmond (CR),0.0
CR11,Zuidwest-Overijssel (CR),CR21,Agglomeratie Haarlem (CR),0.0
CR11,Zuidwest-Overijssel (CR),CR22,Zaanstreek (CR),0.0
CR11,Zuidwest-Overijssel (CR),CR23,Groot-Amsterdam (CR),0.8
CR11,Zuidwest-Overijssel (CR),CR24,Het Gooi en Vechtstreek (CR),0.1
CR11,Zuidwest-Overijssel (CR),CR25,Agglomeratie Leiden en Bollenstreek (CR),0.0
CR11,Zuidwest-Overijssel (CR),CR26,Agglomeratie 's-Gravenhage (CR),0.2
CR11,Zuidwest-Overijssel (CR),CR27,Delft en Westland (CR),0.0
CR11,Zuidwest-Overijssel (CR),CR28,Oost-Zuid-Holland (CR),0.1
CR11,Zuidwest-Overijssel (CR),CR29,Groot-Rijnmond (CR),0.3
CR11,Zuidwest-Overijssel (CR),CR30,Zuidoost-Zuid-Holland (CR),0.1
CR11,Zuidwest-Overijssel (CR),CR31,Zeeuwsch-Vlaanderen (CR),0.0
CR11,Zuidwest-Overijssel (CR),CR32,Overig Zeeland (CR),0.0
CR11,Zuidwest-Overijssel (CR),CR33,West-Noord-Brabant (CR),0.1
CR11,Zuidwest-Overijssel (CR),CR34,Midden-Noord-Brabant (CR),0.1
CR11,Zuidwest-Overijssel (CR),CR35,Noordoost-Noord-Brabant (CR),0.3
CR11,Zuidwest-Overijssel (CR),CR36,Zuidoost-Noord-Brabant (CR),0.3
CR11,Zuidwest-Overijssel (CR),CR37,Noord-Limburg (CR),0.2
CR11,Zuidwest-Overijssel (CR),CR38,Midden-Limburg (CR),0.1
CR11,Zuidwest-Overijssel (CR),CR39,Zuid-Limburg (CR),0.2
CR11,Zuidwest-Overijssel (CR),CR40,Flevoland (CR),2.0
CR12,Twente (CR),CR01,Oost-Groningen (CR),0.2
CR12,Twente (CR),CR02,Delfzijl en omgeving (CR),0.0
CR12,Twente (CR),CR03,Overig Groningen (CR),1.0
CR12,Twente (CR),CR04,Noord-Friesland (CR),0.1
CR12,Twente (CR),CR05,Zuidwest-Friesland (CR),0.1
CR12,Twente (CR),CR06,Zuidoost-Friesland (CR),0.1
CR12,Twente (CR),CR07,Noord-Drenthe (CR),0.3
CR12,Twente (CR),CR08,Zuidoost-Drenthe (CR),0.6
CR12,Twente (CR),CR09,Zuidwest-Drenthe (CR),0.7
CR12,Twente (CR),CR10,Noord-Overijssel (CR),12.0
CR12,Twente (CR),CR11,Zuidwest-Overijssel (CR),7.7
CR12,Twente (CR),CR12,Twente (CR),244.8
CR12,Twente (CR),CR13,Veluwe (CR),6.7
CR12,Twente (CR),CR14,Achterhoek (CR),6.2
CR12,Twente (CR),CR15,Arnhem/Nijmegen (CR),3.0
CR12,Twente (CR),CR16,Zuidwest-Gelderland (CR),0.5
CR12,Twente (CR),CR17,Utrecht (CR),2.9
CR12,Twente (CR),CR18,Kop van Noord-Holland (CR),0.1
CR12,Twente (CR),CR19,Alkmaar en omgeving (CR),0.1
CR12,Twente (CR),CR20,IJmond (CR),0.0
CR12,Twente (CR),CR21,Agglomeratie Haarlem (CR),0.1
CR12,Twente (CR),CR22,Zaanstreek (CR),0.0
CR12,Twente (CR),CR23,Groot-Amsterdam (CR),1.6
CR12,Twente (CR),CR24,Het Gooi en Vechtstreek (CR),0.2
CR12,Twente (CR),CR25,Agglomeratie Leiden en Bollenstreek (CR),0.2
CR12,Twente (CR),CR26,Agglomeratie 's-Gravenhage (CR),0.3
CR12,Twente (CR),CR27,Delft en Westland (CR),0.1
CR12,Twente (CR),CR28,Oost-Zuid-Holland (CR),0.3
CR12,Twente (CR),CR29,Groot-Rijnmond (CR),0.8
CR12,Twente (CR),CR30,Zuidoost-Zuid-Holland (CR),0.3
CR12,Twente (CR),CR31,Zeeuwsch-Vlaanderen (CR),0.0
CR12,Twente (CR),CR32,Overig Zeeland (CR),0.1
CR12,Twente (CR),CR33,West-Noord-Brabant (CR),0.5
CR12,Twente (CR),CR34,Midden-Noord-Brabant (CR),0.2
CR12,Twente (CR),CR35,Noordoost-Noord-Brabant (CR),0.6
CR12,Twente (CR),CR36,Zuidoost-Noord-Brabant (CR),0.9
CR12,Twente (CR),CR37,Noord-Limburg (CR),0.2
CR12,Twente (CR),CR38,Midden-Limburg (CR),0.2
CR12,Twente (CR),CR39,Zuid-Limburg (CR),0.4
CR12,Twente (CR),CR40,Flevoland (CR),5.4
CR13,Veluwe (CR),CR01,Oost-Groningen (CR),0.0
CR13,Veluwe (CR),CR02,Delfzijl en omgeving (CR),0.0
CR13,Veluwe (CR),CR03,Overig Groningen (CR),0.4
CR13,Veluwe (CR),CR04,Noord-Friesland (CR),0.5
CR13,Veluwe (CR),CR05,Zuidwest-Friesland (CR),0.3
CR13,Veluwe (CR),CR06,Zuidoost-Friesland (CR),0.2
CR13,Veluwe (CR),CR07,Noord-Drenthe (CR),0.2
CR13,Veluwe (CR),CR08,Zuidoost-Drenthe (CR),0.2
CR13,Veluwe (CR),CR09,Zuidwest-Drenthe (CR),0.8
CR13,Veluwe (CR),CR10,Noord-Overijssel (CR),11.8
CR13,Veluwe (CR),CR11,Zuidwest-Overijssel (CR),5.3
CR13,Veluwe (CR),CR12,Twente (CR),2.9
CR13,Veluwe (CR),CR13,Veluwe (CR),203.8
CR13,Veluwe (CR),CR14,Achterhoek (CR),8.2
CR13,Veluwe (CR),CR15,Arnhem/Nijmegen (CR),20.0
CR13,Veluwe (CR),CR16,Zuidwest-Gelderland (CR),3.7
CR13,Veluwe (CR),CR17,Utrecht (CR),32.9
CR13,Veluwe (CR),CR18,Kop van Noord-Holland (CR),0.2
CR13,Veluwe (CR),CR19,Alkmaar en omgeving (CR),0.1
CR13,Veluwe (CR),CR20,IJmond (CR),0.1
CR13,Veluwe (CR),CR21,Agglomeratie Haarlem (CR),0.3
CR13,Veluwe (CR),CR22,Zaanstreek (CR),0.2
CR13,Veluwe (CR),CR23,Groot-Amsterdam (CR),7.7
CR13,Veluwe (CR),CR24,Het Gooi en Vechtstreek (CR),2.1
CR13,Veluwe (CR),CR25,Agglomeratie Leiden en Bollenstreek (CR),0.4
CR13,Veluwe (CR),CR26,Agglomeratie 's-Gravenhage (CR),1.7
CR13,Veluwe (CR),CR27,Delft en Westland (CR),0.2
CR13,Veluwe (CR),CR28,Oost-Zuid-Holland (CR),0.6
CR13,Veluwe (CR),CR29,Groot-Rijnmond (CR),2.2
CR13,Veluwe (CR),CR30,Zuidoost-Zuid-Holland (CR),0.9
CR13,Veluwe (CR),CR31,Zeeuwsch-Vlaanderen (CR),0.0
CR13,Veluwe (CR),CR32,Overig Zeeland (CR),0.2
CR13,Veluwe (CR),CR33,West-Noord-Brabant (CR),1.0
CR13,Veluwe (CR),CR34,Midden-Noord-Brabant (CR),1.2
CR13,Veluwe (CR),CR35,Noordoost-Noord-Brabant (CR),1.8
CR13,Veluwe (CR),CR36,Zuidoost-Noord-Brabant (CR),3.2
CR13,Veluwe (CR),CR37,Noord-Limburg (CR),4.0
CR13,Veluwe (CR),CR38,Midden-Limburg (CR),0.8
CR13,Veluwe (CR),CR39,Zuid-Limburg (CR),2.3
CR13,Veluwe (CR),CR40,Flevoland (CR),7.0
CR14,Achterhoek (CR),CR01,Oost-Groningen (CR),0.0
CR14,Achterhoek (CR),CR02,Delfzijl en omgeving (CR),0.0
CR14,Achterhoek (CR),CR03,Overig Groningen (CR),0.1
CR14,Achterhoek (CR),CR04,Noord-Friesland (CR),0.1
CR14,Achterhoek (CR),CR05,Zuidwest-Friesland (CR),0.0
CR14,Achterhoek (CR),CR06,Zuidoost-Friesland (CR),0.1
CR14,Achterhoek (CR),CR07,Noord-Drenthe (CR),0.0
CR14,Achterhoek (CR),CR08,Zuidoost-Drenthe (CR),0.2
CR14,Achterhoek (CR),CR09,Zuidwest-Drenthe (CR),0.2
CR14,Achterhoek (CR),CR10,Noord-Overijssel (CR),1.3
CR14,Achterhoek (CR),CR11,Zuidwest-Overijssel (CR),4.4
CR14,Achterhoek (CR),CR12,Twente (CR),8.4
CR14,Achterhoek (CR),CR13,Veluwe (CR),12.1
CR14,Achterhoek (CR),CR14,Achterhoek (CR),119.5
CR14,Achterhoek (CR),CR15,Arnhem/Nijmegen (CR),19.8
CR14,Achterhoek (CR),CR16,Zuidwest-Gelderland (CR),1.7
CR14,Achterhoek (CR),CR17,Utrecht (CR),2.7
CR14,Achterhoek (CR),CR18,Kop van Noord-Holland (CR),0.1
CR14,Achterhoek (CR),CR19,Alkmaar en omgeving (CR),0.0
CR14,Achterhoek (CR),CR20,IJmond (CR),0.0
CR14,Achterhoek (CR),CR21,Agglomeratie Haarlem (CR),0.0
CR14,Achterhoek (CR),CR22,Zaanstreek (CR),0.0
CR14,Achterhoek (CR),CR23,Groot-Amsterdam (CR),1.3
CR14,Achterhoek (CR),CR24,Het Gooi en Vechtstreek (CR),0.2
CR14,Achterhoek (CR),CR25,Agglomeratie Leiden en Bollenstreek (CR),0.2
CR14,Achterhoek (CR),CR26,Agglomeratie 's-Gravenhage (CR),0.5
CR14,Achterhoek (CR),CR27,Delft en Westland (CR),0.1
CR14,Achterhoek (CR),CR28,Oost-Zuid-Holland (CR),0.2
CR14,Achterhoek (CR),CR29,Groot-Rijnmond (CR),1.1
CR14,Achterhoek (CR),CR30,Zuidoost-Zuid-Holland (CR),0.3
CR14,Achterhoek (CR),CR31,Zeeuwsch-Vlaanderen (CR),0.0
CR14,Achterhoek (CR),CR32,Overig Zeeland (CR),0.2
CR14,Achterhoek (CR),CR33,West-Noord-Brabant (CR),0.5
CR14,Achterhoek (CR),CR34,Midden-Noord-Brabant (CR),0.4
CR14,Achterhoek (CR),CR35,Noordoost-Noord-Brabant (CR),1.2
CR14,Achterhoek (CR),CR36,Zuidoost-Noord-Brabant (CR),2.4
CR14,Achterhoek (CR),CR37,Noord-Limburg (CR),3.2
CR14,Achterhoek (CR),CR38,Midden-Limburg (CR),1.2
CR14,Achterhoek (CR),CR39,Zuid-Limburg (CR),3.7
CR14,Achterhoek (CR),CR40,Flevoland (CR),0.9
CR15,Arnhem/Nijmegen (CR),CR01,Oost-Groningen (CR),0.0
CR15,Arnhem/Nijmegen (CR),CR02,Delfzijl en omgeving (CR),0.0
CR15,Arnhem/Nijmegen (CR),CR03,Overig Groningen (CR),0.2
CR15,Arnhem/Nijmegen (CR),CR04,Noord-Friesland (CR),0.1
CR15,Arnhem/Nijmegen (CR),CR05,Zuidwest-Friesland (CR),0.1
CR15,Arnhem/Nijmegen (CR),CR06,Zuidoost-Friesland (CR),0.2
CR15,Arnhem/Nijmegen (CR),CR07,Noord-Drenthe (CR),0.1
CR15,Arnhem/Nijmegen (CR),CR08,Zuidoost-Drenthe (CR),0.1
CR15,Arnhem/Nijmegen (CR),CR09,Zuidwest-Drenthe (CR),0.3
CR15,Arnhem/Nijmegen (CR),CR10,Noord-Overijssel (CR),1.7
CR15,Arnhem/Nijmegen (CR),CR11,Zuidwest-Overijssel (CR),1.6
CR15,Arnhem/Nijmegen (CR),CR12,Twente (CR),1.7
CR15,Arnhem/Nijmegen (CR),CR13,Veluwe (CR),27.3
CR15,Arnhem/Nijmegen (CR),CR14,Achterhoek (CR),15.1
CR15,Arnhem/Nijmegen (CR),CR15,Arnhem/Nijmegen (CR),228.5
CR15,Arnhem/Nijmegen (CR),CR16,Zuidwest-Gelderland (CR),10.0
CR15,Arnhem/Nijmegen (CR),CR17,Utrecht (CR),12.8
CR15,Arnhem/Nijmegen (CR),CR18,Kop van Noord-Holland (CR),0.2
CR15,Arnhem/Nijmegen (CR),CR19,Alkmaar en omgeving (CR),0.1
CR15,Arnhem/Nijmegen (CR),CR20,IJmond (CR),0.1
CR15,Arnhem/Nijmegen (CR),CR21,Agglomeratie Haarlem (CR),0.1
CR15,Arnhem/Nijmegen (CR),CR22,Zaanstreek (CR),0.1
CR15,Arnhem/Nijmegen (CR),CR23,Groot-Amsterdam (CR),5.5
CR15,Arnhem/Nijmegen (CR),CR24,Het Gooi en Vechtstreek (CR),0.6
CR15,Arnhem/Nijmegen (CR),CR25,Agglomeratie Leiden en Bollenstreek (CR),0.5
CR15,Arnhem/Nijmegen (CR),CR26,Agglomeratie 's-Gravenhage (CR),2.1
CR15,Arnhem/Nijmegen (CR),CR27,Delft en Westland (CR),0.3
CR15,Arnhem/Nijmegen (CR),CR28,Oost-Zuid-Holland (CR),0.4
CR15,Arnhem/Nijmegen (CR),CR29,Groot-Rijnmond (CR),2.9
CR15,Arnhem/Nijmegen (CR),CR30,Zuidoost-Zuid-Holland (CR),1.0
CR15,Arnhem/Nijmegen (CR),CR31,Zeeuwsch-Vlaanderen (CR),0.1
CR15,Arnhem/Nijmegen (CR),CR32,Overig Zeeland (CR),0.3
CR15,Arnhem/Nijmegen (CR),CR33,West-Noord-Brabant (CR),1.6
CR15,Arnhem/Nijmegen (CR),CR34,Midden-Noord-Brabant (CR),1.9
CR15,Arnhem/Nijmegen (CR),CR35,Noordoost-Noord-Brabant (CR),13.6
CR15,Arnhem/Nijmegen (CR),CR36,Zuidoost-Noord-Brabant (CR),7.0
CR15,Arnhem/Nijmegen (CR),CR37,Noord-Limburg (CR),6.6
CR15,Arnhem/Nijmegen (CR),CR38,Midden-Limburg (CR),2.0
CR15,Arnhem/Nijmegen (CR),CR39,Zuid-Limburg (CR),3.9
CR15,Arnhem/Nijmegen (CR),CR40,Flevoland (CR),1.2
CR16,Zuidwest-Gelderland (CR),CR01,Oost-Groningen (CR),0.0
CR16,Zuidwest-Gelderland (CR),CR02,Delfzijl en omgeving (CR),0.0
CR16,Zuidwest-Gelderland (CR),CR03,Overig Groningen (CR),0.1
CR16,Zuidwest-Gelderland (CR),CR04,Noord-Friesland (CR),0.0
CR16,Zuidwest-Gelderland (CR),CR05,Zuidwest-Friesland (CR),0.0
CR16,Zuidwest-Gelderland (CR),CR06,Zuidoost-Friesland (CR),0.0
CR16,Zuidwest-Gelderland (CR),CR07,Noord-Drenthe (CR),0.0
CR16,Zuidwest-Gelderland (CR),CR08,Zuidoost-Drenthe (CR),0.0
CR16,Zuidwest-Gelderland (CR),CR09,Zuidwest-Drenthe (CR),0.1
CR16,Zuidwest-Gelderland (CR),CR10,Noord-Overijssel (CR),0.2
CR16,Zuidwest-Gelderland (CR),CR11,Zuidwest-Overijssel (CR),0.1
CR16,Zuidwest-Gelderland (CR),CR12,Twente (CR),0.1
CR16,Zuidwest-Gelderland (CR),CR13,Veluwe (CR),3.9
CR16,Zuidwest-Gelderland (CR),CR14,Achterhoek (CR),1.4
CR16,Zuidwest-Gelderland (CR),CR15,Arnhem/Nijmegen (CR),6.9
CR16,Zuidwest-Gelderland (CR),CR16,Zuidwest-Gelderland (CR),60.9
CR16,Zuidwest-Gelderland (CR),CR17,Utrecht (CR),17.5
CR16,Zuidwest-Gelderland (CR),CR18,Kop van Noord-Holland (CR),0.1
CR16,Zuidwest-Gelderland (CR),CR19,Alkmaar en omgeving (CR),0.1
CR16,Zuidwest-Gelderland (CR),CR20,IJmond (CR),0.1
CR16,Zuidwest-Gelderland (CR),CR21,Agglomeratie Haarlem (CR),0.1
CR16,Zuidwest-Gelderland (CR),CR22,Zaanstreek (CR),0.0
CR16,Zuidwest-Gelderland (CR),CR23,Groot-Amsterdam (CR),3.0
CR16,Zuidwest-Gelderland (CR),CR24,Het Gooi en Vechtstreek (CR),0.5
CR16,Zuidwest-Gelderland (CR),CR25,Agglomeratie Leiden en Bollenstreek (CR),0.3
CR16,Zuidwest-Gelderland (CR),CR26,Agglomeratie 's-Gravenhage (CR),1.1
CR16,Zuidwest-Gelderland (CR),CR27,Delft en Westland (CR),0.2
CR16,Zuidwest-Gelderland (CR),CR28,Oost-Zuid-Holland (CR),0.4
CR16,Zuidwest-Gelderland (CR),CR29,Groot-Rijnmond (CR),2.0
CR16,Zuidwest-Gelderland (CR),CR30,Zuidoost-Zuid-Holland (CR),3.0
CR16,Zuidwest-Gelderland (CR),CR31,Zeeuwsch-Vlaanderen (CR),0.1
CR16,Zuidwest-Gelderland (CR),CR32,Overig Zeeland (CR),0.3
CR16,Zuidwest-Gelderland (CR),CR33,West-Noord-Brabant (CR),1.6
CR16,Zuidwest-Gelderland (CR),CR34,Midden-Noord-Brabant (CR),3.0
CR16,Zuidwest-Gelderland (CR),CR35,Noordoost-Noord-Brabant (CR),7.4
CR16,Zuidwest-Gelderland (CR),CR36,Zuidoost-Noord-Brabant (CR),2.0
CR16,Zuidwest-Gelderland (CR),CR37,Noord-Limburg (CR),2.0
CR16,Zuidwest-Gelderland (CR),CR38,Midden-Limburg (CR),0.7
CR16,Zuidwest-Gelderland (CR),CR39,Zuid-Limburg (CR),0.6
CR16,Zuidwest-Gelderland (CR),CR40,Flevoland (CR),0.5
CR17,Utrecht (CR),CR01,Oost-Groningen (CR),0.0
CR17,Utrecht (CR),CR02,Delfzijl en omgeving (CR),0.0
CR17,Utrecht (CR),CR03,Overig Groningen (CR),0.6
CR17,Utrecht (CR),CR04,Noord-Friesland (CR),0.2
CR17,Utrecht (CR),CR05,Zuidwest-Friesland (CR),0.2
CR17,Utrecht (CR),CR06,Zuidoost-Friesland (CR),0.2
CR17,Utrecht (CR),CR07,Noord-Drenthe (CR),0.1
CR17,Utrecht (CR),CR08,Zuidoost-Drenthe (CR),0.2
CR17,Utrecht (CR),CR09,Zuidwest-Drenthe (CR),0.5
CR17,Utrecht (CR),CR10,Noord-Overijssel (CR),1.3
CR17,Utrecht (CR),CR11,Zuidwest-Overijssel (CR),0.5
CR17,Utrecht (CR),CR12,Twente (CR),1.0
CR17,Utrecht (CR),CR13,Veluwe (CR),21.9
CR17,Utrecht (CR),CR14,Achterhoek (CR),1.1
CR17,Utrecht (CR),CR15,Arnhem/Nijmegen (CR),6.7
CR17,Utrecht (CR),CR16,Zuidwest-Gelderland (CR),8.4
CR17,Utrecht (CR),CR17,Utrecht (CR),453.4
CR17,Utrecht (CR),CR18,Kop van Noord-Holland (CR),0.8
CR17,Utrecht (CR),CR19,Alkmaar en omgeving (CR),1.4
CR17,Utrecht (CR),CR20,IJmond (CR),1.0
CR17,Utrecht (CR),CR21,Agglomeratie Haarlem (CR),1.7
CR17,Utrecht (CR),CR22,Zaanstreek (CR),0.9
CR17,Utrecht (CR),CR23,Groot-Amsterdam (CR),76.2
CR17,Utrecht (CR),CR24,Het Gooi en Vechtstreek (CR),18.9
CR17,Utrecht (CR),CR25,Agglomeratie Leiden en Bollenstreek (CR),4.9
CR17,Utrecht (CR),CR26,Agglomeratie 's-Gravenhage (CR),11.1
CR17,Utrecht (CR),CR27,Delft en Westland (CR),1.8
CR17,Utrecht (CR),CR28,Oost-Zuid-Holland (CR),8.1
CR17,Utrecht (CR),CR29,Groot-Rijnmond (CR),12.1
CR17,Utrecht (CR),CR30,Zuidoost-Zuid-Holland (CR),6.6
CR17,Utrecht (CR),CR31,Zeeuwsch-Vlaanderen (CR),0.1
CR17,Utrecht (CR),CR32,Overig Zeeland (CR),0.5
CR17,Utrecht (CR),CR33,West-Noord-Brabant (CR),2.4
CR17,Utrecht (CR),CR34,Midden-Noord-Brabant (CR),2.8
CR17,Utrecht (CR),CR35,Noordoost-Noord-Brabant (CR),4.0
CR17,Utrecht (CR),CR36,Zuidoost-Noord-Brabant (CR),4.0
CR17,Utrecht (CR),CR37,Noord-Limburg (CR),0.8
CR17,Utrecht (CR),CR38,Midden-Limburg (CR),0.4
CR17,Utrecht (CR),CR39,Zuid-Limburg (CR),0.9
CR17,Utrecht (CR),CR40,Flevoland (CR),4.6
CR18,Kop van Noord-Holland (CR),CR01,Oost-Groningen (CR),0.0
CR18,Kop van Noord-Holland (CR),CR02,Delfzijl en omgeving (CR),0.0
CR18,Kop van Noord-Holland (CR),CR03,Overig Groningen (CR),0.1
CR18,Kop van Noord-Holland (CR),CR04,Noord-Friesland (CR),0.2
CR18,Kop van Noord-Holland (CR),CR05,Zuidwest-Friesland (CR),0.2
CR18,Kop van Noord-Holland (CR),CR06,Zuidoost-Friesland (CR),0.1
CR18,Kop van Noord-Holland (CR),CR07,Noord-Drenthe (CR),0.0
CR18,Kop van Noord-Holland (CR),CR08,Zuidoost-Drenthe (CR),0.1
CR18,Kop van Noord-Holland (CR),CR09,Zuidwest-Drenthe (CR),0.1
CR18,Kop van Noord-Holland (CR),CR10,Noord-Overijssel (CR),0.2
CR18,Kop van Noord-Holland (CR),CR11,Zuidwest-Overijssel (CR),0.1
CR18,Kop van Noord-Holland (CR),CR12,Twente (CR),0.1
CR18,Kop van Noord-Holland (CR),CR13,Veluwe (CR),0.7
CR18,Kop van Noord-Holland (CR),CR14,Achterhoek (CR),0.1
CR18,Kop van Noord-Holland (CR),CR15,Arnhem/Nijmegen (CR),0.3
CR18,Kop van Noord-Holland (CR),CR16,Zuidwest-Gelderland (CR),0.1
CR18,Kop van Noord-Holland (CR),CR17,Utrecht (CR),2.0
CR18,Kop van Noord-Holland (CR),CR18,Kop van Noord-Holland (CR),112.3
CR18,Kop van Noord-Holland (CR),CR19,Alkmaar en omgeving (CR),21.7
CR18,Kop van Noord-Holland (CR),CR20,IJmond (CR),3.4
CR18,Kop van Noord-Holland (CR),CR21,Agglomeratie Haarlem (CR),1.6
CR18,Kop van Noord-Holland (CR),CR22,Zaanstreek (CR),4.4
CR18,Kop van Noord-Holland (CR),CR23,Groot-Amsterdam (CR),22.3
CR18,Kop van Noord-Holland (CR),CR24,Het Gooi en Vechtstreek (CR),1.0
CR18,Kop van Noord-Holland (CR),CR25,Agglomeratie Leiden en Bollenstreek (CR),0.4
CR18,Kop van Noord-Holland (CR),CR26,Agglomeratie 's-Gravenhage (CR),0.6
CR18,Kop van Noord-Holland (CR),CR27,Delft en Westland (CR),1.0
CR18,Kop van Noord-Holland (CR),CR28,Oost-Zuid-Holland (CR),0.2
CR18,Kop van Noord-Holland (CR),CR29,Groot-Rijnmond (CR),0.8
CR18,Kop van Noord-Holland (CR),CR30,Zuidoost-Zuid-Holland (CR),0.4
CR18,Kop van Noord-Holland (CR),CR31,Zeeuwsch-Vlaanderen (CR),0.0
CR18,Kop van Noord-Holland (CR),CR32,Overig Zeeland (CR),0.1
CR18,Kop van Noord-Holland (CR),CR33,West-Noord-Brabant (CR),0.3
CR18,Kop van Noord-Holland (CR),CR34,Midden-Noord-Brabant (CR),0.2
CR18,Kop van Noord-Holland (CR),CR35,Noordoost-Noord-Brabant (CR),0.2
CR18,Kop van Noord-Holland (CR),CR36,Zuidoost-Noord-Brabant (CR),0.2
CR18,Kop van Noord-Holland (CR),CR37,Noord-Limburg (CR),0.0
CR18,Kop van Noord-Holland (CR),CR38,Midden-Limburg (CR),0.1
CR18,Kop van Noord-Holland (CR),CR39,Zuid-Limburg (CR),0.1
CR18,Kop van Noord-Holland (CR),CR40,Flevoland (CR),0.8
CR19,Alkmaar en omgeving (CR),CR01,Oost-Groningen (CR),0.0
CR19,Alkmaar en omgeving (CR),CR02,Delfzijl en omgeving (CR),0.0
CR19,Alkmaar en omgeving (CR),CR03,Overig Groningen (CR),0.1
CR19,Alkmaar en omgeving (CR),CR04,Noord-Friesland (CR),0.0
CR19,Alkmaar en omgeving (CR),CR05,Zuidwest-Friesland (CR),0.1
CR19,Alkmaar en omgeving (CR),CR06,Zuidoost-Friesland (CR),0.0
CR19,Alkmaar en omgeving (CR),CR07,Noord-Drenthe (CR),0.0
CR19,Alkmaar en omgeving (CR),CR08,Zuidoost-Drenthe (CR),0.0
CR19,Alkmaar en omgeving (CR),CR09,Zuidwest-Drenthe (CR),0.1
CR19,Alkmaar en omgeving (CR),CR10,Noord-Overijssel (CR),0.1
CR19,Alkmaar en omgeving (CR),CR11,Zuidwest-Overijssel (CR),0.0
CR19,Alkmaar en omgeving (CR),CR12,Twente (CR),0.1
CR19,Alkmaar en omgeving (CR),CR13,Veluwe (CR),0.2
CR19,Alkmaar en omgeving (CR),CR14,Achterhoek (CR),0.0
CR19,Alkmaar en omgeving (CR),CR15,Arnhem/Nijmegen (CR),0.1
CR19,Alkmaar en omgeving (CR),CR16,Zuidwest-Gelderland (CR),0.1
CR19,Alkmaar en omgeving (CR),CR17,Utrecht (CR),1.7
CR19,Alkmaar en omgeving (CR),CR18,Kop van Noord-Holland (CR),10.5
CR19,Alkmaar en omgeving (CR),CR19,Alkmaar en omgeving (CR),58.6
CR19,Alkmaar en omgeving (CR),CR20,IJmond (CR),8.5
CR19,Alkmaar en omgeving (CR),CR21,Agglomeratie Haarlem (CR),4.4
CR19,Alkmaar en omgeving (CR),CR22,Zaanstreek (CR),4.3
CR19,Alkmaar en omgeving (CR),CR23,Groot-Amsterdam (CR),23.0
CR19,Alkmaar en omgeving (CR),CR24,Het Gooi en Vechtstreek (CR),0.7
CR19,Alkmaar en omgeving (CR),CR25,Agglomeratie Leiden en Bollenstreek (CR),0.4
CR19,Alkmaar en omgeving (CR),CR26,Agglomeratie 's-Gravenhage (CR),0.6
CR19,Alkmaar en omgeving (CR),CR27,Delft en Westland (CR),0.1
CR19,Alkmaar en omgeving (CR),CR28,Oost-Zuid-Holland (CR),0.1
CR19,Alkmaar en omgeving (CR),CR29,Groot-Rijnmond (CR),0.5
CR19,Alkmaar en omgeving (CR),CR30,Zuidoost-Zuid-Holland (CR),0.2
CR19,Alkmaar en omgeving (CR),CR31,Zeeuwsch-Vlaanderen (CR),0.0
CR19,Alkmaar en omgeving (CR),CR32,Overig Zeeland (CR),0.0
CR19,Alkmaar en omgeving (CR),CR33,West-Noord-Brabant (CR),0.2
CR19,Alkmaar en omgeving (CR),CR34,Midden-Noord-Brabant (CR),0.2
CR19,Alkmaar en omgeving (CR),CR35,Noordoost-Noord-Brabant (CR),0.1
CR19,Alkmaar en omgeving (CR),CR36,Zuidoost-Noord-Brabant (CR),0.2
CR19,Alkmaar en omgeving (CR),CR37,Noord-Limburg (CR),0.0
CR19,Alkmaar en omgeving (CR),CR38,Midden-Limburg (CR),0.0
CR19,Alkmaar en omgeving (CR),CR39,Zuid-Limburg (CR),0.1
CR19,Alkmaar en omgeving (CR),CR40,Flevoland (CR),0.3
CR20,IJmond (CR),CR01,Oost-Groningen (CR),0.0
CR20,IJmond (CR),CR02,Delfzijl en omgeving (CR),0.0
CR20,IJmond (CR),CR03,Overig Groningen (CR),0.0
CR20,IJmond (CR),CR04,Noord-Friesland (CR),0.0
CR20,IJmond (CR),CR05,Zuidwest-Friesland (CR),0.0
CR20,IJmond (CR),CR06,Zuidoost-Friesland (CR),0.0
CR20,IJmond (CR),CR07,Noord-Drenthe (CR),0.0
CR20,IJmond (CR),CR08,Zuidoost-Drenthe (CR),0.0
CR20,IJmond (CR),CR09,Zuidwest-Drenthe (CR),0.0
CR20,IJmond (CR),CR10,Noord-Overijssel (CR),0.1
CR20,IJmond (CR),CR11,Zuidwest-Overijssel (CR),0.0
CR20,IJmond (CR),CR12,Twente (CR),0.0
CR20,IJmond (CR),CR13,Veluwe (CR),0.2
CR20,IJmond (CR),CR14,Achterhoek (CR),0.1
CR20,IJmond (CR),CR15,Arnhem/Nijmegen (CR),0.1
CR20,IJmond (CR),CR16,Zuidwest-Gelderland (CR),0.1
CR20,IJmond (CR),CR17,Utrecht (CR),2.0
CR20,IJmond (CR),CR18,Kop van Noord-Holland (CR),1.9
CR20,IJmond (CR),CR19,Alkmaar en omgeving (CR),5.9
CR20,IJmond (CR),CR20,IJmond (CR),40.2
CR20,IJmond (CR),CR21,Agglomeratie Haarlem (CR),11.4
CR20,IJmond (CR),CR22,Zaanstreek (CR),4.3
CR20,IJmond (CR),CR23,Groot-Amsterdam (CR),24.5
CR20,IJmond (CR),CR24,Het Gooi en Vechtstreek (CR),0.5
CR20,IJmond (CR),CR25,Agglomeratie Leiden en Bollenstreek (CR),0.9
CR20,IJmond (CR),CR26,Agglomeratie 's-Gravenhage (CR),0.7
CR20,IJmond (CR),CR27,Delft en Westland (CR),0.1
CR20,IJmond (CR),CR28,Oost-Zuid-Holland (CR),0.2
CR20,IJmond (CR),CR29,Groot-Rijnmond (CR),0.7
CR20,IJmond (CR),CR30,Zuidoost-Zuid-Holland (CR),0.2
CR20,IJmond (CR),CR31,Zeeuwsch-Vlaanderen (CR),0.0
CR20,IJmond (CR),CR32,Overig Zeeland (CR),0.0
CR20,IJmond (CR),CR33,West-Noord-Brabant (CR),0.2
CR20,IJmond (CR),CR34,Midden-Noord-Brabant (CR),0.2
CR20,IJmond (CR),CR35,Noordoost-Noord-Brabant (CR),0.2
CR20,IJmond (CR),CR36,Zuidoost-Noord-Brabant (CR),0.1
CR20,IJmond (CR),CR37,Noord-Limburg (CR),0.0
CR20,IJmond (CR),CR38,Midden-Limburg (CR),0.0
CR20,IJmond (CR),CR39,Zuid-Limburg (CR),0.1
CR20,IJmond (CR),CR40,Flevoland (CR),0.3
CR21,Agglomeratie Haarlem (CR),CR01,Oost-Groningen (CR),0.0
CR21,Agglomeratie Haarlem (CR),CR02,Delfzijl en omgeving (CR),0.0
CR21,Agglomeratie Haarlem (CR),CR03,Overig Groningen (CR),0.1
CR21,Agglomeratie Haarlem (CR),CR04,Noord-Friesland (CR),0.0
CR21,Agglomeratie Haarlem (CR),CR05,Zuidwest-Friesland (CR),0.0
CR21,Agglomeratie Haarlem (CR),CR06,Zuidoost-Friesland (CR),0.0
CR21,Agglomeratie Haarlem (CR),CR07,Noord-Drenthe (CR),0.0
CR21,Agglomeratie Haarlem (CR),CR08,Zuidoost-Drenthe (CR),0.0
CR21,Agglomeratie Haarlem (CR),CR09,Zuidwest-Drenthe (CR),0.0
CR21,Agglomeratie Haarlem (CR),CR10,Noord-Overijssel (CR),0.1
CR21,Agglomeratie Haarlem (CR),CR11,Zuidwest-Overijssel (CR),0.0
CR21,Agglomeratie Haarlem (CR),CR12,Twente (CR),0.1
CR21,Agglomeratie Haarlem (CR),CR13,Veluwe (CR),0.2
CR21,Agglomeratie Haarlem (CR),CR14,Achterhoek (CR),0.0
CR21,Agglomeratie Haarlem (CR),CR15,Arnhem/Nijmegen (CR),0.2
CR21,Agglomeratie Haarlem (CR),CR16,Zuidwest-Gelderland (CR),0.1
CR21,Agglomeratie Haarlem (CR),CR17,Utrecht (CR),3.3
CR21,Agglomeratie Haarlem (CR),CR18,Kop van Noord-Holland (CR),0.9
CR21,Agglomeratie Haarlem (CR),CR19,Alkmaar en omgeving (CR),1.0
CR21,Agglomeratie Haarlem (CR),CR20,IJmond (CR),4.8
CR21,Agglomeratie Haarlem (CR),CR21,Agglomeratie Haarlem (CR),38.1
CR21,Agglomeratie Haarlem (CR),CR22,Zaanstreek (CR),2.0
CR21,Agglomeratie Haarlem (CR),CR23,Groot-Amsterdam (CR),41.4
CR21,Agglomeratie Haarlem (CR),CR24,Het Gooi en Vechtstreek (CR),1.0
CR21,Agglomeratie Haarlem (CR),CR25,Agglomeratie Leiden en Bollenstreek (CR),2.6
CR21,Agglomeratie Haarlem (CR),CR26,Agglomeratie 's-Gravenhage (CR),2.0
CR21,Agglomeratie Haarlem (CR),CR27,Delft en Westland (CR),0.4
CR21,Agglomeratie Haarlem (CR),CR28,Oost-Zuid-Holland (CR),0.3
CR21,Agglomeratie Haarlem (CR),CR29,Groot-Rijnmond (CR),1.2
CR21,Agglomeratie Haarlem (CR),CR30,Zuidoost-Zuid-Holland (CR),0.2
CR21,Agglomeratie Haarlem (CR),CR31,Zeeuwsch-Vlaanderen (CR),0.0
CR21,Agglomeratie Haarlem (CR),CR32,Overig Zeeland (CR),0.0
CR21,Agglomeratie Haarlem (CR),CR33,West-Noord-Brabant (CR),0.1
CR21,Agglomeratie Haarlem (CR),CR34,Midden-Noord-Brabant (CR),0.3
CR21,Agglomeratie Haarlem (CR),CR35,Noordoost-Noord-Brabant (CR),0.3
CR21,Agglomeratie Haarlem (CR),CR36,Zuidoost-Noord-Brabant (CR),0.3
CR21,Agglomeratie Haarlem (CR),CR37,Noord-Limburg (CR),0.0
CR21,Agglomeratie Haarlem (CR),CR38,Midden-Limburg (CR),0.0
CR21,Agglomeratie Haarlem (CR),CR39,Zuid-Limburg (CR),0.1
CR21,Agglomeratie Haarlem (CR),CR40,Flevoland (CR),0.3
CR22,Zaanstreek (CR),CR01,Oost-Groningen (CR),0.0
CR22,Zaanstreek (CR),CR02,Delfzijl en omgeving (CR),0.0
CR22,Zaanstreek (CR),CR03,Overig Groningen (CR),0.1
CR22,Zaanstreek (CR),CR04,Noord-Friesland (CR),0.0
CR22,Zaanstreek (CR),CR05,Zuidwest-Friesland (CR),0.0
CR22,Zaanstreek (CR),CR06,Zuidoost-Friesland (CR),0.0
CR22,Zaanstreek (CR),CR07,Noord-Drenthe (CR),0.0
CR22,Zaanstreek (CR),CR08,Zuidoost-Drenthe (CR),0.0
CR22,Zaanstreek (CR),CR09,Zuidwest-Drenthe (CR),0.0
CR22,Zaanstreek (CR),CR10,Noord-Overijssel (CR),0.1
CR22,Zaanstreek (CR),CR11,Zuidwest-Overijssel (CR),0.0
CR22,Zaanstreek (CR),CR12,Twente (CR),0.1
CR22,Zaanstreek (CR),CR13,Veluwe (CR),0.2
CR22,Zaanstreek (CR),CR14,Achterhoek (CR),0.0
CR22,Zaanstreek (CR),CR15,Arnhem/Nijmegen (CR),0.1
CR22,Zaanstreek (CR),CR16,Zuidwest-Gelderland (CR),0.0
CR22,Zaanstreek (CR),CR17,Utrecht (CR),2.3
CR22,Zaanstreek (CR),CR18,Kop van Noord-Holland (CR),1.4
CR22,Zaanstreek (CR),CR19,Alkmaar en omgeving (CR),2.0
CR22,Zaanstreek (CR),CR20,IJmond (CR),3.8
CR22,Zaanstreek (CR),CR21,Agglomeratie Haarlem (CR),1.7
CR22,Zaanstreek (CR),CR22,Zaanstreek (CR),29.5
CR22,Zaanstreek (CR),CR23,Groot-Amsterdam (CR),34.8
CR22,Zaanstreek (CR),CR24,Het Gooi en Vechtstreek (CR),0.8
CR22,Zaanstreek (CR),CR25,Agglomeratie Leiden en Bollenstreek (CR),0.4
CR22,Zaanstreek (CR),CR26,Agglomeratie 's-Gravenhage (CR),0.6
CR22,Zaanstreek (CR),CR27,Delft en Westland (CR),0.1
CR22,Zaanstreek (CR),CR28,Oost-Zuid-Holland (CR),0.2
CR22,Zaanstreek (CR),CR29,Groot-Rijnmond (CR),0.5
CR22,Zaanstreek (CR),CR30,Zuidoost-Zuid-Holland (CR),0.2
CR22,Zaanstreek (CR),CR31,Zeeuwsch-Vlaanderen (CR),0.0
CR22,Zaanstreek (CR),CR32,Overig Zeeland (CR),0.0
CR22,Zaanstreek (CR),CR33,West-Noord-Brabant (CR),0.1
CR22,Zaanstreek (CR),CR34,Midden-Noord-Brabant (CR),0.1
CR22,Zaanstreek (CR),CR35,Noordoost-Noord-Brabant (CR),0.1
CR22,Zaanstreek (CR),CR36,Zuidoost-Noord-Brabant (CR),0.1
CR22,Zaanstreek (CR),CR37,Noord-Limburg (CR),0.0
CR22,Zaanstreek (CR),CR38,Midden-Limburg (CR),0.0
CR22,Zaanstreek (CR),CR39,Zuid-Limburg (CR),0.0
CR22,Zaanstreek (CR),CR40,Flevoland (CR),0.4
CR23,Groot-Amsterdam (CR),CR01,Oost-Groningen (CR),0.0
CR23,Groot-Amsterdam (CR),CR02,Delfzijl en omgeving (CR),0.1
CR23,Groot-Amsterdam (CR),CR03,Overig Groningen (CR),0.6
CR23,Groot-Amsterdam (CR),CR04,Noord-Friesland (CR),0.2
CR23,Groot-Amsterdam (CR),CR05,Zuidwest-Friesland (CR),0.1
CR23,Groot-Amsterdam (CR),CR06,Zuidoost-Friesland (CR),0.2
CR23,Groot-Amsterdam (CR),CR07,Noord-Drenthe (CR),0.3
CR23,Groot-Amsterdam (CR),CR08,Zuidoost-Drenthe (CR),0.2
CR23,Groot-Amsterdam (CR),CR09,Zuidwest-Drenthe (CR),0.2
CR23,Groot-Amsterdam (CR),CR10,Noord-Overijssel (CR),0.6
CR23,Groot-Amsterdam (CR),CR11,Zuidwest-Overijssel (CR),0.2
CR23,Groot-Amsterdam (CR),CR12,Twente (CR),0.6
CR23,Groot-Amsterdam (CR),CR13,Veluwe (CR),1.8
CR23,Groot-Amsterdam (CR),CR14,Achterhoek (CR),0.3
CR23,Groot-Amsterdam (CR),CR15,Arnhem/Nijmegen (CR),2.0
CR23,Groot-Amsterdam (CR),CR16,Zuidwest-Gelderland (CR),0.7
CR23,Groot-Amsterdam (CR),CR17,Utrecht (CR),34.9
CR23,Groot-Amsterdam (CR),CR18,Kop van Noord-Holland (CR),7.6
CR23,Groot-Amsterdam (CR),CR19,Alkmaar en omgeving (CR),6.3
CR23,Groot-Amsterdam (CR),CR20,IJmond (CR),5.5
CR23,Groot-Amsterdam (CR),CR21,Agglomeratie Haarlem (CR),14.2
CR23,Groot-Amsterdam (CR),CR22,Zaanstreek (CR),12.9
CR23,Groot-Amsterdam (CR),CR23,Groot-Amsterdam (CR),500.5
CR23,Groot-Amsterdam (CR),CR24,Het Gooi en Vechtstreek (CR),13.0
CR23,Groot-Amsterdam (CR),CR25,Agglomeratie Leiden en Bollenstreek (CR),8.7
CR23,Groot-Amsterdam (CR),CR26,Agglomeratie 's-Gravenhage (CR),9.4
CR23,Groot-Amsterdam (CR),CR27,Delft en Westland (CR),1.6
CR23,Groot-Amsterdam (CR),CR28,Oost-Zuid-Holland (CR),2.5
CR23,Groot-Amsterdam (CR),CR29,Groot-Rijnmond (CR),7.9
CR23,Groot-Amsterdam (CR),CR30,Zuidoost-Zuid-Holland (CR),1.2
CR23,Groot-Amsterdam (CR),CR31,Zeeuwsch-Vlaanderen (CR),0.0
CR23,Groot-Amsterdam (CR),CR32,Overig Zeeland (CR),0.2
CR23,Groot-Amsterdam (CR),CR33,West-Noord-Brabant (CR),1.3
CR23,Groot-Amsterdam (CR),CR34,Midden-Noord-Brabant (CR),1.7
CR23,Groot-Amsterdam (CR),CR35,Noordoost-Noord-Brabant (CR),1.5
CR23,Groot-Amsterdam (CR),CR36,Zuidoost-Noord-Brabant (CR),2.6
CR23,Groot-Amsterdam (CR),CR37,Noord-Limburg (CR),0.2
CR23,Groot-Amsterdam (CR),CR38,Midden-Limburg (CR),0.2
CR23,Groot-Amsterdam (CR),CR39,Zuid-Limburg (CR),0.6
CR23,Groot-Amsterdam (CR),CR40,Flevoland (CR),4.6
CR24,Het Gooi en Vechtstreek (CR),CR01,Oost-Groningen (CR),0.0
CR24,Het Gooi en Vechtstreek (CR),CR02,Delfzijl en omgeving (CR),0.0
CR24,Het Gooi en Vechtstreek (CR),CR03,Overig Groningen (CR),0.1
CR24,Het Gooi en Vechtstreek (CR),CR04,Noord-Friesland (CR),0.0
CR24,Het Gooi en Vechtstreek (CR),CR05,Zuidwest-Friesland (CR),0.0
CR24,Het Gooi en Vechtstreek (CR),CR06,Zuidoost-Friesland (CR),0.0
CR24,Het Gooi en Vechtstreek (CR),CR07,Noord-Drenthe (CR),0.0
CR24,Het Gooi en Vechtstreek (CR),CR08,Zuidoost-Drenthe (CR),0.0
CR24,Het Gooi en Vechtstreek (CR),CR09,Zuidwest-Drenthe (CR),0.1
CR24,Het Gooi en Vechtstreek (CR),CR10,Noord-Overijssel (CR),0.2
CR24,Het Gooi en Vechtstreek (CR),CR11,Zuidwest-Overijssel (CR),0.1
CR24,Het Gooi en Vechtstreek (CR),CR12,Twente (CR),0.2
CR24,Het Gooi en Vechtstreek (CR),CR13,Veluwe (CR),1.7
CR24,Het Gooi en Vechtstreek (CR),CR14,Achterhoek (CR),0.2
CR24,Het Gooi en Vechtstreek (CR),CR15,Arnhem/Nijmegen (CR),0.5
CR24,Het Gooi en Vechtstreek (CR),CR16,Zuidwest-Gelderland (CR),0.2
CR24,Het Gooi en Vechtstreek (CR),CR17,Utrecht (CR),17.6
CR24,Het Gooi en Vechtstreek (CR),CR18,Kop van Noord-Holland (CR),0.5
CR24,Het Gooi en Vechtstreek (CR),CR19,Alkmaar en omgeving (CR),0.4
CR24,Het Gooi en Vechtstreek (CR),CR20,IJmond (CR),0.2
CR24,Het Gooi en Vechtstreek (CR),CR21,Agglomeratie Haarlem (CR),0.6
CR24,Het Gooi en Vechtstreek (CR),CR22,Zaanstreek (CR),0.5
CR24,Het Gooi en Vechtstreek (CR),CR23,Groot-Amsterdam (CR),29.5
CR24,Het Gooi en Vechtstreek (CR),CR24,Het Gooi en Vechtstreek (CR),50.5
CR24,Het Gooi en Vechtstreek (CR),CR25,Agglomeratie Leiden en Bollenstreek (CR),0.5
CR24,Het Gooi en Vechtstreek (CR),CR26,Agglomeratie 's-Gravenhage (CR),1.1
CR24,Het Gooi en Vechtstreek (CR),CR27,Delft en Westland (CR),0.2
CR24,Het Gooi en Vechtstreek (CR),CR28,Oost-Zuid-Holland (CR),0.6
CR24,Het Gooi en Vechtstreek (CR),CR29,Groot-Rijnmond (CR),0.9
CR24,Het Gooi en Vechtstreek (CR),CR30,Zuidoost-Zuid-Holland (CR),0.3
CR24,Het Gooi en Vechtstreek (CR),CR31,Zeeuwsch-Vlaanderen (CR),0.0
CR24,Het Gooi en Vechtstreek (CR),CR32,Overig Zeeland (CR),0.0
CR24,Het Gooi en Vechtstreek (CR),CR33,West-Noord-Brabant (CR),0.3
CR24,Het Gooi en Vechtstreek (CR),CR34,Midden-Noord-Brabant (CR),0.2
CR24,Het Gooi en Vechtstreek (CR),CR35,Noordoost-Noord-Brabant (CR),0.3
CR24,Het Gooi en Vechtstreek (CR),CR36,Zuidoost-Noord-Brabant (CR),0.4
CR24,Het Gooi en Vechtstreek (CR),CR37,Noord-Limburg (CR),0.0
CR24,Het Gooi en Vechtstreek (CR),CR38,Midden-Limburg (CR),0.0
CR24,Het Gooi en Vechtstreek (CR),CR39,Zuid-Limburg (CR),0.1
CR24,Het Gooi en Vechtstreek (CR),CR40,Flevoland (CR),3.5
CR25,Agglomeratie Leiden en Bollenstreek (CR),CR01,Oost-Groningen (CR),0.0
CR25,Agglomeratie Leiden en Bollenstreek (CR),CR02,Delfzijl en omgeving (CR),0.0
CR25,Agglomeratie Leiden en Bollenstreek (CR),CR03,Overig Groningen (CR),0.1
CR25,Agglomeratie Leiden en Bollenstreek (CR),CR04,Noord-Friesland (CR),0.1
CR25,Agglomeratie Leiden en Bollenstreek (CR),CR05,Zuidwest-Friesland (CR),0.0
CR25,Agglomeratie Leiden en Bollenstreek (CR),CR06,Zuidoost-Friesland (CR),0.0
CR25,Agglomeratie Leiden en Bollenstreek (CR),CR07,Noord-Drenthe (CR),0.1
CR25,Agglomeratie Leiden en Bollenstreek (CR),CR08,Zuidoost-Drenthe (CR),0.0
CR25,Agglomeratie Leiden en Bollenstreek (CR),CR09,Zuidwest-Drenthe (CR),0.1
CR25,Agglomeratie Leiden en Bollenstreek (CR),CR10,Noord-Overijssel (CR),0.1
CR25,Agglomeratie Leiden en Bollenstreek (CR),CR11,Zuidwest-Overijssel (CR),0.0
CR25,Agglomeratie Leiden en Bollenstreek (CR),CR12,Twente (CR),0.1
CR25,Agglomeratie Leiden en Bollenstreek (CR),CR13,Veluwe (CR),0.5
CR25,Agglomeratie Leiden en Bollenstreek (CR),CR14,Achterhoek (CR),0.1
CR25,Agglomeratie Leiden en Bollenstreek (CR),CR15,Arnhem/Nijmegen (CR),0.4
CR25,Agglomeratie Leiden en Bollenstreek (CR),CR16,Zuidwest-Gelderland (CR),0.2
CR25,Agglomeratie Leiden en Bollenstreek (CR),CR17,Utrecht (CR),13.2
CR25,Agglomeratie Leiden en Bollenstreek (CR),CR18,Kop van Noord-Holland (CR),0.3
CR25,Agglomeratie Leiden en Bollenstreek (CR),CR19,Alkmaar en omgeving (CR),0.4
CR25,Agglomeratie Leiden en Bollenstreek (CR),CR20,IJmond (CR),0.8
CR25,Agglomeratie Leiden en Bollenstreek (CR),CR21,Agglomeratie Haarlem (CR),3.4
CR25,Agglomeratie Leiden en Bollenstreek (CR),CR22,Zaanstreek (CR),0.3
CR25,Agglomeratie Leiden en Bollenstreek (CR),CR23,Groot-Amsterdam (CR),28.0
CR25,Agglomeratie Leiden en Bollenstreek (CR),CR24,Het Gooi en Vechtstreek (CR),0.7
CR25,Agglomeratie Leiden en Bollenstreek (CR),CR25,Agglomeratie Leiden en Bollenstreek (CR),110.8
CR25,Agglomeratie Leiden en Bollenstreek (CR),CR26,Agglomeratie 's-Gravenhage (CR),27.7
CR25,Agglomeratie Leiden en Bollenstreek (CR),CR27,Delft en Westland (CR),3.5
CR25,Agglomeratie Leiden en Bollenstreek (CR),CR28,Oost-Zuid-Holland (CR),6.0
CR25,Agglomeratie Leiden en Bollenstreek (CR),CR29,Groot-Rijnmond (CR),7.9
CR25,Agglomeratie Leiden en Bollenstreek (CR),CR30,Zuidoost-Zuid-Holland (CR),1.2
CR25,Agglomeratie Leiden en Bollenstreek (CR),CR31,Zeeuwsch-Vlaanderen (CR),0.0
CR25,Agglomeratie Leiden en Bollenstreek (CR),CR32,Overig Zeeland (CR),0.2
CR25,Agglomeratie Leiden en Bollenstreek (CR),CR33,West-Noord-Brabant (CR),0.7
CR25,Agglomeratie Leiden en Bollenstreek (CR),CR34,Midden-Noord-Brabant (CR),1.1
CR25,Agglomeratie Leiden en Bollenstreek (CR),CR35,Noordoost-Noord-Brabant (CR),1.0
CR25,Agglomeratie Leiden en Bollenstreek (CR),CR36,Zuidoost-Noord-Brabant (CR),0.4
CR25,Agglomeratie Leiden en Bollenstreek (CR),CR37,Noord-Limburg (CR),0.0
CR25,Agglomeratie Leiden en Bollenstreek (CR),CR38,Midden-Limburg (CR),0.0
CR25,Agglomeratie Leiden en Bollenstreek (CR),CR39,Zuid-Limburg (CR),0.1
CR25,Agglomeratie Leiden en Bollenstreek (CR),CR40,Flevoland (CR),0.4
CR26,Agglomeratie 's-Gravenhage (CR),CR01,Oost-Groningen (CR),0.0
CR26,Agglomeratie 's-Gravenhage (CR),CR02,Delfzijl en omgeving (CR),0.0
CR26,Agglomeratie 's-Gravenhage (CR),CR03,Overig Groningen (CR),0.3
CR26,Agglomeratie 's-Gravenhage (CR),CR04,Noord-Friesland (CR),0.2
CR26,Agglomeratie 's-Gravenhage (CR),CR05,Zuidwest-Friesland (CR),0.0
CR26,Agglomeratie 's-Gravenhage (CR),CR06,Zuidoost-Friesland (CR),0.1
CR26,Agglomeratie 's-Gravenhage (CR),CR07,Noord-Drenthe (CR),0.0
CR26,Agglomeratie 's-Gravenhage (CR),CR08,Zuidoost-Drenthe (CR),0.0
CR26,Agglomeratie 's-Gravenhage (CR),CR09,Zuidwest-Drenthe (CR),0.2
CR26,Agglomeratie 's-Gravenhage (CR),CR10,Noord-Overijssel (CR),0.2
CR26,Agglomeratie 's-Gravenhage (CR),CR11,Zuidwest-Overijssel (CR),0.1
CR26,Agglomeratie 's-Gravenhage (CR),CR12,Twente (CR),0.2
CR26,Agglomeratie 's-Gravenhage (CR),CR13,Veluwe (CR),0.9
CR26,Agglomeratie 's-Gravenhage (CR),CR14,Achterhoek (CR),0.2
CR26,Agglomeratie 's-Gravenhage (CR),CR15,Arnhem/Nijmegen (CR),0.7
CR26,Agglomeratie 's-Gravenhage (CR),CR16,Zuidwest-Gelderland (CR),0.3
CR26,Agglomeratie 's-Gravenhage (CR),CR17,Utrecht (CR),24.2
CR26,Agglomeratie 's-Gravenhage (CR),CR18,Kop van Noord-Holland (CR),0.2
CR26,Agglomeratie 's-Gravenhage (CR),CR19,Alkmaar en omgeving (CR),0.3
CR26,Agglomeratie 's-Gravenhage (CR),CR20,IJmond (CR),0.3
CR26,Agglomeratie 's-Gravenhage (CR),CR21,Agglomeratie Haarlem (CR),0.7
CR26,Agglomeratie 's-Gravenhage (CR),CR22,Zaanstreek (CR),0.2
CR26,Agglomeratie 's-Gravenhage (CR),CR23,Groot-Amsterdam (CR),21.6
CR26,Agglomeratie 's-Gravenhage (CR),CR24,Het Gooi en Vechtstreek (CR),0.8
CR26,Agglomeratie 's-Gravenhage (CR),CR25,Agglomeratie Leiden en Bollenstreek (CR),16.0
CR26,Agglomeratie 's-Gravenhage (CR),CR26,Agglomeratie 's-Gravenhage (CR),219.2
CR26,Agglomeratie 's-Gravenhage (CR),CR27,Delft en Westland (CR),28.1
CR26,Agglomeratie 's-Gravenhage (CR),CR28,Oost-Zuid-Holland (CR),6.6
CR26,Agglomeratie 's-Gravenhage (CR),CR29,Groot-Rijnmond (CR),40.2
CR26,Agglomeratie 's-Gravenhage (CR),CR30,Zuidoost-Zuid-Holland (CR),2.9
CR26,Agglomeratie 's-Gravenhage (CR),CR31,Zeeuwsch-Vlaanderen (CR),0.2
CR26,Agglomeratie 's-Gravenhage (CR),CR32,Overig Zeeland (CR),0.6
CR26,Agglomeratie 's-Gravenhage (CR),CR33,West-Noord-Brabant (CR),2.5
CR26,Agglomeratie 's-Gravenhage (CR),CR34,Midden-Noord-Brabant (CR),1.5
CR26,Agglomeratie 's-Gravenhage (CR),CR35,Noordoost-Noord-Brabant (CR),1.2
CR26,Agglomeratie 's-Gravenhage (CR),CR36,Zuidoost-Noord-Brabant (CR),1.1
CR26,Agglomeratie 's-Gravenhage (CR),CR37,Noord-Limburg (CR),0.1
CR26,Agglomeratie 's-Gravenhage (CR),CR38,Midden-Limburg (CR),0.3
CR26,Agglomeratie 's-Gravenhage (CR),CR39,Zuid-Limburg (CR),0.4
CR26,Agglomeratie 's-Gravenhage (CR),CR40,Flevoland (CR),0.5
CR27,Delft en Westland (CR),CR01,Oost-Groningen (CR),0.0
CR27,Delft en Westland (CR),CR02,Delfzijl en omgeving (CR),0.0
CR27,Delft en Westland (CR),CR03,Overig Groningen (CR),0.0
CR27,Delft en Westland (CR),CR04,Noord-Friesland (CR),0.0
CR27,Delft en Westland (CR),CR05,Zuidwest-Friesland (CR),0.0
CR27,Delft en Westland (CR),CR06,Zuidoost-Friesland (CR),0.0
CR27,Delft en Westland (CR),CR07,Noord-Drenthe (CR),0.0
CR27,Delft en Westland (CR),CR08,Zuidoost-Drenthe (CR),0.0
CR27,Delft en Westland (CR),CR09,Zuidwest-Drenthe (CR),0.1
CR27,Delft en Westland (CR),CR10,Noord-Overijssel (CR),0.0
CR27,Delft en Westland (CR),CR11,Zuidwest-Overijssel (CR),0.0
CR27,Delft en Westland (CR),CR12,Twente (CR),0.1
CR27,Delft en Westland (CR),CR13,Veluwe (CR),0.3
CR27,Delft en Westland (CR),CR14,Achterhoek (CR),0.1
CR27,Delft en Westland (CR),CR15,Arnhem/Nijmegen (CR),0.2
CR27,Delft en Westland (CR),CR16,Zuidwest-Gelderland (CR),0.1
CR27,Delft en Westland (CR),CR17,Utrecht (CR),4.9
CR27,Delft en Westland (CR),CR18,Kop van Noord-Holland (CR),0.1
CR27,Delft en Westland (CR),CR19,Alkmaar en omgeving (CR),0.1
CR27,Delft en Westland (CR),CR20,IJmond (CR),0.1
CR27,Delft en Westland (CR),CR21,Agglomeratie Haarlem (CR),0.2
CR27,Delft en Westland (CR),CR22,Zaanstreek (CR),0.0
CR27,Delft en Westland (CR),CR23,Groot-Amsterdam (CR),3.3
CR27,Delft en Westland (CR),CR24,Het Gooi en Vechtstreek (CR),0.1
CR27,Delft en Westland (CR),CR25,Agglomeratie Leiden en Bollenstreek (CR),2.9
CR27,Delft en Westland (CR),CR26,Agglomeratie 's-Gravenhage (CR),24.8
CR27,Delft en Westland (CR),CR27,Delft en Westland (CR),56.9
CR27,Delft en Westland (CR),CR28,Oost-Zuid-Holland (CR),1.3
CR27,Delft en Westland (CR),CR29,Groot-Rijnmond (CR),15.2
CR27,Delft en Westland (CR),CR30,Zuidoost-Zuid-Holland (CR),1.0
CR27,Delft en Westland (CR),CR31,Zeeuwsch-Vlaanderen (CR),0.0
CR27,Delft en Westland (CR),CR32,Overig Zeeland (CR),0.2
CR27,Delft en Westland (CR),CR33,West-Noord-Brabant (CR),1.0
CR27,Delft en Westland (CR),CR34,Midden-Noord-Brabant (CR),0.5
CR27,Delft en Westland (CR),CR35,Noordoost-Noord-Brabant (CR),0.3
CR27,Delft en Westland (CR),CR36,Zuidoost-Noord-Brabant (CR),0.4
CR27,Delft en Westland (CR),CR37,Noord-Limburg (CR),0.1
CR27,Delft en Westland (CR),CR38,Midden-Limburg (CR),0.0
CR27,Delft en Westland (CR),CR39,Zuid-Limburg (CR),0.1
CR27,Delft en Westland (CR),CR40,Flevoland (CR),0.1
CR28,Oost-Zuid-Holland (CR),CR01,Oost-Groningen (CR),0.0
CR28,Oost-Zuid-Holland (CR),CR02,Delfzijl en omgeving (CR),0.0
CR28,Oost-Zuid-Holland (CR),CR03,Overig Groningen (CR),0.0
CR28,Oost-Zuid-Holland (CR),CR04,Noord-Friesland (CR),0.0
CR28,Oost-Zuid-Holland (CR),CR05,Zuidwest-Friesland (CR),0.0
CR28,Oost-Zuid-Holland (CR),CR06,Zuidoost-Friesland (CR),0.0
CR28,Oost-Zuid-Holland (CR),CR07,Noord-Drenthe (CR),0.0
CR28,Oost-Zuid-Holland (CR),CR08,Zuidoost-Drenthe (CR),0.0
CR28,Oost-Zuid-Holland (CR),CR09,Zuidwest-Drenthe (CR),0.1
CR28,Oost-Zuid-Holland (CR),CR10,Noord-Overijssel (CR),0.1
CR28,Oost-Zuid-Holland (CR),CR11,Zuidwest-Overijssel (CR),0.0
CR28,Oost-Zuid-Holland (CR),CR12,Twente (CR),0.2
CR28,Oost-Zuid-Holland (CR),CR13,Veluwe (CR),0.6
CR28,Oost-Zuid-Holland (CR),CR14,Achterhoek (CR),0.1
CR28,Oost-Zuid-Holland (CR),CR15,Arnhem/Nijmegen (CR),0.4
CR28,Oost-Zuid-Holland (CR),CR16,Zuidwest-Gelderland (CR),0.4
CR28,Oost-Zuid-Holland (CR),CR17,Utrecht (CR),19.3
CR28,Oost-Zuid-Holland (CR),CR18,Kop van Noord-Holland (CR),0.2
CR28,Oost-Zuid-Holland (CR),CR19,Alkmaar en omgeving (CR),0.1
CR28,Oost-Zuid-Holland (CR),CR20,IJmond (CR),0.2
CR28,Oost-Zuid-Holland (CR),CR21,Agglomeratie Haarlem (CR),0.5
CR28,Oost-Zuid-Holland (CR),CR22,Zaanstreek (CR),0.1
CR28,Oost-Zuid-Holland (CR),CR23,Groot-Amsterdam (CR),12.7
CR28,Oost-Zuid-Holland (CR),CR24,Het Gooi en Vechtstreek (CR),0.6
CR28,Oost-Zuid-Holland (CR),CR25,Agglomeratie Leiden en Bollenstreek (CR),11.6
CR28,Oost-Zuid-Holland (CR),CR26,Agglomeratie 's-Gravenhage (CR),14.3
CR28,Oost-Zuid-Holland (CR),CR27,Delft en Westland (CR),2.0
CR28,Oost-Zuid-Holland (CR),CR28,Oost-Zuid-Holland (CR),72.5
CR28,Oost-Zuid-Holland (CR),CR29,Groot-Rijnmond (CR),21.8
CR28,Oost-Zuid-Holland (CR),CR30,Zuidoost-Zuid-Holland (CR),3.3
CR28,Oost-Zuid-Holland (CR),CR31,Zeeuwsch-Vlaanderen (CR),0.1
CR28,Oost-Zuid-Holland (CR),CR32,Overig Zeeland (CR),0.2
CR28,Oost-Zuid-Holland (CR),CR33,West-Noord-Brabant (CR),0.8
CR28,Oost-Zuid-Holland (CR),CR34,Midden-Noord-Brabant (CR),0.6
CR28,Oost-Zuid-Holland (CR),CR35,Noordoost-Noord-Brabant (CR),0.6
CR28,Oost-Zuid-Holland (CR),CR36,Zuidoost-Noord-Brabant (CR),0.6
CR28,Oost-Zuid-Holland (CR),CR37,Noord-Limburg (CR),0.1
CR28,Oost-Zuid-Holland (CR),CR38,Midden-Limburg (CR),0.0
CR28,Oost-Zuid-Holland (CR),CR39,Zuid-Limburg (CR),0.1
CR28,Oost-Zuid-Holland (CR),CR40,Flevoland (CR),0.3
CR29,Groot-Rijnmond (CR),CR01,Oost-Groningen (CR),0.0
CR29,Groot-Rijnmond (CR),CR02,Delfzijl en omgeving (CR),0.1
CR29,Groot-Rijnmond (CR),CR03,Overig Groningen (CR),0.2
CR29,Groot-Rijnmond (CR),CR04,Noord-Friesland (CR),0.1
CR29,Groot-Rijnmond (CR),CR05,Zuidwest-Friesland (CR),0.1
CR29,Groot-Rijnmond (CR),CR06,Zuidoost-Friesland (CR),0.1
CR29,Groot-Rijnmond (CR),CR07,Noord-Drenthe (CR),0.1
CR29,Groot-Rijnmond (CR),CR08,Zuidoost-Drenthe (CR),0.0
CR29,Groot-Rijnmond (CR),CR09,Zuidwest-Drenthe (CR),0.1
CR29,Groot-Rijnmond (CR),CR10,Noord-Overijssel (CR),0.4
CR29,Groot-Rijnmond (CR),CR11,Zuidwest-Overijssel (CR),0.1
CR29,Groot-Rijnmond (CR),CR12,Twente (CR),0.4
CR29,Groot-Rijnmond (CR),CR13,Veluwe (CR),1.4
CR29,Groot-Rijnmond (CR),CR14,Achterhoek (CR),0.2
CR29,Groot-Rijnmond (CR),CR15,Arnhem/Nijmegen (CR),1.5
CR29,Groot-Rijnmond (CR),CR16,Zuidwest-Gelderland (CR),1.0
CR29,Groot-Rijnmond (CR),CR17,Utrecht (CR),28.8
CR29,Groot-Rijnmond (CR),CR18,Kop van Noord-Holland (CR),0.4
CR29,Groot-Rijnmond (CR),CR19,Alkmaar en omgeving (CR),0.4
CR29,Groot-Rijnmond (CR),CR20,IJmond (CR),0.3
CR29,Groot-Rijnmond (CR),CR21,Agglomeratie Haarlem (CR),0.5
CR29,Groot-Rijnmond (CR),CR22,Zaanstreek (CR),0.3
CR29,Groot-Rijnmond (CR),CR23,Groot-Amsterdam (CR),19.0
CR29,Groot-Rijnmond (CR),CR24,Het Gooi en Vechtstreek (CR),1.1
CR29,Groot-Rijnmond (CR),CR25,Agglomeratie Leiden en Bollenstreek (CR),8.4
CR29,Groot-Rijnmond (CR),CR26,Agglomeratie 's-Gravenhage (CR),47.8
CR29,Groot-Rijnmond (CR),CR27,Delft en Westland (CR),26.0
CR29,Groot-Rijnmond (CR),CR28,Oost-Zuid-Holland (CR),17.7
CR29,Groot-Rijnmond (CR),CR29,Groot-Rijnmond (CR),455.3
CR29,Groot-Rijnmond (CR),CR30,Zuidoost-Zuid-Holland (CR),28.4
CR29,Groot-Rijnmond (CR),CR31,Zeeuwsch-Vlaanderen (CR),0.8
CR29,Groot-Rijnmond (CR),CR32,Overig Zeeland (CR),3.5
CR29,Groot-Rijnmond (CR),CR33,West-Noord-Brabant (CR),10.4
CR29,Groot-Rijnmond (CR),CR34,Midden-Noord-Brabant (CR),2.7
CR29,Groot-Rijnmond (CR),CR35,Noordoost-Noord-Brabant (CR),2.6
CR29,Groot-Rijnmond (CR),CR36,Zuidoost-Noord-Brabant (CR),2.7
CR29,Groot-Rijnmond (CR),CR37,Noord-Limburg (CR),0.2
CR29,Groot-Rijnmond (CR),CR38,Midden-Limburg (CR),0.3
CR29,Groot-Rijnmond (CR),CR39,Zuid-Limburg (CR),0.6
CR29,Groot-Rijnmond (CR),CR40,Flevoland (CR),0.6
CR30,Zuidoost-Zuid-Holland (CR),CR01,Oost-Groningen (CR),0.0
CR30,Zuidoost-Zuid-Holland (CR),CR02,Delfzijl en omgeving (CR),0.0
CR30,Zuidoost-Zuid-Holland (CR),CR03,Overig Groningen (CR),0.0
CR30,Zuidoost-Zuid-Holland (CR),CR04,Noord-Friesland (CR),0.0
CR30,Zuidoost-Zuid-Holland (CR),CR05,Zuidwest-Friesland (CR),0.0
CR30,Zuidoost-Zuid-Holland (CR),CR06,Zuidoost-Friesland (CR),0.0
CR30,Zuidoost-Zuid-Holland (CR),CR07,Noord-Drenthe (CR),0.0
CR30,Zuidoost-Zuid-Holland (CR),CR08,Zuidoost-Drenthe (CR),0.0
CR30,Zuidoost-Zuid-Holland (CR),CR09,Zuidwest-Drenthe (CR),0.0
CR30,Zuidoost-Zuid-Holland (CR),CR10,Noord-Overijssel (CR),0.1
CR30,Zuidoost-Zuid-Holland (CR),CR11,Zuidwest-Overijssel (CR),0.0
CR30,Zuidoost-Zuid-Holland (CR),CR12,Twente (CR),0.1
CR30,Zuidoost-Zuid-Holland (CR),CR13,Veluwe (CR),0.6
CR30,Zuidoost-Zuid-Holland (CR),CR14,Achterhoek (CR),0.1
CR30,Zuidoost-Zuid-Holland (CR),CR15,Arnhem/Nijmegen (CR),0.4
CR30,Zuidoost-Zuid-Holland (CR),CR16,Zuidwest-Gelderland (CR),2.0
CR30,Zuidoost-Zuid-Holland (CR),CR17,Utrecht (CR),12.4
CR30,Zuidoost-Zuid-Holland (CR),CR18,Kop van Noord-Holland (CR),0.1
CR30,Zuidoost-Zuid-Holland (CR),CR19,Alkmaar en omgeving (CR),0.0
CR30,Zuidoost-Zuid-Holland (CR),CR20,IJmond (CR),0.1
CR30,Zuidoost-Zuid-Holland (CR),CR21,Agglomeratie Haarlem (CR),0.2
CR30,Zuidoost-Zuid-Holland (CR),CR22,Zaanstreek (CR),0.1
CR30,Zuidoost-Zuid-Holland (CR),CR23,Groot-Amsterdam (CR),2.8
CR30,Zuidoost-Zuid-Holland (CR),CR24,Het Gooi en Vechtstreek (CR),0.4
CR30,Zuidoost-Zuid-Holland (CR),CR25,Agglomeratie Leiden en Bollenstreek (CR),1.6
CR30,Zuidoost-Zuid-Holland (CR),CR26,Agglomeratie 's-Gravenhage (CR),5.2
CR30,Zuidoost-Zuid-Holland (CR),CR27,Delft en Westland (CR),1.6
CR30,Zuidoost-Zuid-Holland (CR),CR28,Oost-Zuid-Holland (CR),4.0
CR30,Zuidoost-Zuid-Holland (CR),CR29,Groot-Rijnmond (CR),38.5
CR30,Zuidoost-Zuid-Holland (CR),CR30,Zuidoost-Zuid-Holland (CR),94.5
CR30,Zuidoost-Zuid-Holland (CR),CR31,Zeeuwsch-Vlaanderen (CR),0.1
CR30,Zuidoost-Zuid-Holland (CR),CR32,Overig Zeeland (CR),0.5
CR30,Zuidoost-Zuid-Holland (CR),CR33,West-Noord-Brabant (CR),5.2
CR30,Zuidoost-Zuid-Holland (CR),CR34,Midden-Noord-Brabant (CR),2.7
CR30,Zuidoost-Zuid-Holland (CR),CR35,Noordoost-Noord-Brabant (CR),1.0
CR30,Zuidoost-Zuid-Holland (CR),CR36,Zuidoost-Noord-Brabant (CR),0.8
CR30,Zuidoost-Zuid-Holland (CR),CR37,Noord-Limburg (CR),0.1
CR30,Zuidoost-Zuid-Holland (CR),CR38,Midden-Limburg (CR),0.1
CR30,Zuidoost-Zuid-Holland (CR),CR39,Zuid-Limburg (CR),0.2
CR30,Zuidoost-Zuid-Holland (CR),CR40,Flevoland (CR),0.2
CR31,Zeeuwsch-Vlaanderen (CR),CR01,Oost-Groningen (CR),0.0
CR31,Zeeuwsch-Vlaanderen (CR),CR02,Delfzijl en omgeving (CR),0.0
CR31,Zeeuwsch-Vlaanderen (CR),CR03,Overig Groningen (CR),0.0
CR31,Zeeuwsch-Vlaanderen (CR),CR04,Noord-Friesland (CR),0.0
CR31,Zeeuwsch-Vlaanderen (CR),CR05,Zuidwest-Friesland (CR),0.0
CR31,Zeeuwsch-Vlaanderen (CR),CR06,Zuidoost-Friesland (CR),0.0
CR31,Zeeuwsch-Vlaanderen (CR),CR07,Noord-Drenthe (CR),0.0
CR31,Zeeuwsch-Vlaanderen (CR),CR08,Zuidoost-Drenthe (CR),0.0
CR31,Zeeuwsch-Vlaanderen (CR),CR09,Zuidwest-Drenthe (CR),0.0
CR31,Zeeuwsch-Vlaanderen (CR),CR10,Noord-Overijssel (CR),0.0
CR31,Zeeuwsch-Vlaanderen (CR),CR11,Zuidwest-Overijssel (CR),0.0
CR31,Zeeuwsch-Vlaanderen (CR),CR12,Twente (CR),0.0
CR31,Zeeuwsch-Vlaanderen (CR),CR13,Veluwe (CR),0.0
CR31,Zeeuwsch-Vlaanderen (CR),CR14,Achterhoek (CR),0.0
CR31,Zeeuwsch-Vlaanderen (CR),CR15,Arnhem/Nijmegen (CR),0.0
CR31,Zeeuwsch-Vlaanderen (CR),CR16,Zuidwest-Gelderland (CR),0.0
CR31,Zeeuwsch-Vlaanderen (CR),CR17,Utrecht (CR),0.4
CR31,Zeeuwsch-Vlaanderen (CR),CR18,Kop van Noord-Holland (CR),0.1
CR31,Zeeuwsch-Vlaanderen (CR),CR19,Alkmaar en omgeving (CR),0.0
CR31,Zeeuwsch-Vlaanderen (CR),CR20,IJmond (CR),0.0
CR31,Zeeuwsch-Vlaanderen (CR),CR21,Agglomeratie Haarlem (CR),0.0
CR31,Zeeuwsch-Vlaanderen (CR),CR22,Zaanstreek (CR),0.0
CR31,Zeeuwsch-Vlaanderen (CR),CR23,Groot-Amsterdam (CR),0.3
CR31,Zeeuwsch-Vlaanderen (CR),CR24,Het Gooi en Vechtstreek (CR),0.0
CR31,Zeeuwsch-Vlaanderen (CR),CR25,Agglomeratie Leiden en Bollenstreek (CR),0.2
CR31,Zeeuwsch-Vlaanderen (CR),CR26,Agglomeratie 's-Gravenhage (CR),0.6
CR31,Zeeuwsch-Vlaanderen (CR),CR27,Delft en Westland (CR),0.3
CR31,Zeeuwsch-Vlaanderen (CR),CR28,Oost-Zuid-Holland (CR),0.1
CR31,Zeeuwsch-Vlaanderen (CR),CR29,Groot-Rijnmond (CR),3.1
CR31,Zeeuwsch-Vlaanderen (CR),CR30,Zuidoost-Zuid-Holland (CR),0.6
CR31,Zeeuwsch-Vlaanderen (CR),CR31,Zeeuwsch-Vlaanderen (CR),30.5
CR31,Zeeuwsch-Vlaanderen (CR),CR32,Overig Zeeland (CR),3.5
CR31,Zeeuwsch-Vlaanderen (CR),CR33,West-Noord-Brabant (CR),0.9
CR31,Zeeuwsch-Vlaanderen (CR),CR34,Midden-Noord-Brabant (CR),0.2
CR31,Zeeuwsch-Vlaanderen (CR),CR35,Noordoost-Noord-Brabant (CR),0.2
CR31,Zeeuwsch-Vlaanderen (CR),CR36,Zuidoost-Noord-Brabant (CR),0.1
CR31,Zeeuwsch-Vlaanderen (CR),CR37,Noord-Limburg (CR),0.0
CR31,Zeeuwsch-Vlaanderen (CR),CR38,Midden-Limburg (CR),0.0
CR31,Zeeuwsch-Vlaanderen (CR),CR39,Zuid-Limburg (CR),0.0
CR31,Zeeuwsch-Vlaanderen (CR),CR40,Flevoland (CR),0.0
CR32,Overig Zeeland (CR),CR01,Oost-Groningen (CR),0.0
CR32,Overig Zeeland (CR),CR02,Delfzijl en omgeving (CR),0.0
CR32,Overig Zeeland (CR),CR03,Overig Groningen (CR),0.0
CR32,Overig Zeeland (CR),CR04,Noord-Friesland (CR),0.0
CR32,Overig Zeeland (CR),CR05,Zuidwest-Friesland (CR),0.0
CR32,Overig Zeeland (CR),CR06,Zuidoost-Friesland (CR),0.0
CR32,Overig Zeeland (CR),CR07,Noord-Drenthe (CR),0.0
CR32,Overig Zeeland (CR),CR08,Zuidoost-Drenthe (CR),0.0
CR32,Overig Zeeland (CR),CR09,Zuidwest-Drenthe (CR),0.0
CR32,Overig Zeeland (CR),CR10,Noord-Overijssel (CR),0.0
CR32,Overig Zeeland (CR),CR11,Zuidwest-Overijssel (CR),0.0
CR32,Overig Zeeland (CR),CR12,Twente (CR),0.0
CR32,Overig Zeeland (CR),CR13,Veluwe (CR),0.2
CR32,Overig Zeeland (CR),CR14,Achterhoek (CR),0.0
CR32,Overig Zeeland (CR),CR15,Arnhem/Nijmegen (CR),0.1
CR32,Overig Zeeland (CR),CR16,Zuidwest-Gelderland (CR),0.2
CR32,Overig Zeeland (CR),CR17,Utrecht (CR),1.5
CR32,Overig Zeeland (CR),CR18,Kop van Noord-Holland (CR),0.2
CR32,Overig Zeeland (CR),CR19,Alkmaar en omgeving (CR),0.1
CR32,Overig Zeeland (CR),CR20,IJmond (CR),0.2
CR32,Overig Zeeland (CR),CR21,Agglomeratie Haarlem (CR),0.0
CR32,Overig Zeeland (CR),CR22,Zaanstreek (CR),0.0
CR32,Overig Zeeland (CR),CR23,Groot-Amsterdam (CR),1.1
CR32,Overig Zeeland (CR),CR24,Het Gooi en Vechtstreek (CR),0.1
CR32,Overig Zeeland (CR),CR25,Agglomeratie Leiden en Bollenstreek (CR),0.5
CR32,Overig Zeeland (CR),CR26,Agglomeratie 's-Gravenhage (CR),3.3
CR32,Overig Zeeland (CR),CR27,Delft en Westland (CR),1.0
CR32,Overig Zeeland (CR),CR28,Oost-Zuid-Holland (CR),0.5
CR32,Overig Zeeland (CR),CR29,Groot-Rijnmond (CR),11.9
CR32,Overig Zeeland (CR),CR30,Zuidoost-Zuid-Holland (CR),2.2
CR32,Overig Zeeland (CR),CR31,Zeeuwsch-Vlaanderen (CR),4.7
CR32,Overig Zeeland (CR),CR32,Overig Zeeland (CR),87.7
CR32,Overig Zeeland (CR),CR33,West-Noord-Brabant (CR),8.5
CR32,Overig Zeeland (CR),CR34,Midden-Noord-Brabant (CR),1.0
CR32,Overig Zeeland (CR),CR35,Noordoost-Noord-Brabant (CR),0.9
CR32,Overig Zeeland (CR),CR36,Zuidoost-Noord-Brabant (CR),0.8
CR32,Overig Zeeland (CR),CR37,Noord-Limburg (CR),0.0
CR32,Overig Zeeland (CR),CR38,Midden-Limburg (CR),0.1
CR32,Overig Zeeland (CR),CR39,Zuid-Limburg (CR),0.1
CR32,Overig Zeeland (CR),CR40,Flevoland (CR),0.1
CR33,West-Noord-Brabant (CR),CR01,Oost-Groningen (CR),0.0
CR33,West-Noord-Brabant (CR),CR02,Delfzijl en omgeving (CR),0.0
CR33,West-Noord-Brabant (CR),CR03,Overig Groningen (CR),0.1
CR33,West-Noord-Brabant (CR),CR04,Noord-Friesland (CR),0.0
CR33,West-Noord-Brabant (CR),CR05,Zuidwest-Friesland (CR),0.0
CR33,West-Noord-Brabant (CR),CR06,Zuidoost-Friesland (CR),0.0
CR33,West-Noord-Brabant (CR),CR07,Noord-Drenthe (CR),0.0
CR33,West-Noord-Brabant (CR),CR08,Zuidoost-Drenthe (CR),0.0
CR33,West-Noord-Brabant (CR),CR09,Zuidwest-Drenthe (CR),0.1
CR33,West-Noord-Brabant (CR),CR10,Noord-Overijssel (CR),0.2
CR33,West-Noord-Brabant (CR),CR11,Zuidwest-Overijssel (CR),0.1
CR33,West-Noord-Brabant (CR),CR12,Twente (CR),0.2
CR33,West-Noord-Brabant (CR),CR13,Veluwe (CR),0.7
CR33,West-Noord-Brabant (CR),CR14,Achterhoek (CR),0.2
CR33,West-Noord-Brabant (CR),CR15,Arnhem/Nijmegen (CR),0.8
CR33,West-Noord-Brabant (CR),CR16,Zuidwest-Gelderland (CR),0.7
CR33,West-Noord-Brabant (CR),CR17,Utrecht (CR),5.8
CR33,West-Noord-Brabant (CR),CR18,Kop van Noord-Holland (CR),0.1
CR33,West-Noord-Brabant (CR),CR19,Alkmaar en omgeving (CR),0.1
CR33,West-Noord-Brabant (CR),CR20,IJmond (CR),0.1
CR33,West-Noord-Brabant (CR),CR21,Agglomeratie Haarlem (CR),0.2
CR33,West-Noord-Brabant (CR),CR22,Zaanstreek (CR),0.1
CR33,West-Noord-Brabant (CR),CR23,Groot-Amsterdam (CR),4.0
CR33,West-Noord-Brabant (CR),CR24,Het Gooi en Vechtstreek (CR),0.4
CR33,West-Noord-Brabant (CR),CR25,Agglomeratie Leiden en Bollenstreek (CR),1.1
CR33,West-Noord-Brabant (CR),CR26,Agglomeratie 's-Gravenhage (CR),6.5
CR33,West-Noord-Brabant (CR),CR27,Delft en Westland (CR),1.4
CR33,West-Noord-Brabant (CR),CR28,Oost-Zuid-Holland (CR),1.2
CR33,West-Noord-Brabant (CR),CR29,Groot-Rijnmond (CR),21.1
CR33,West-Noord-Brabant (CR),CR30,Zuidoost-Zuid-Holland (CR),7.6
CR33,West-Noord-Brabant (CR),CR31,Zeeuwsch-Vlaanderen (CR),1.7
CR33,West-Noord-Brabant (CR),CR32,Overig Zeeland (CR),7.7
CR33,West-Noord-Brabant (CR),CR33,West-Noord-Brabant (CR),195.5
CR33,West-Noord-Brabant (CR),CR34,Midden-Noord-Brabant (CR),22.1
CR33,West-Noord-Brabant (CR),CR35,Noordoost-Noord-Brabant (CR),9.1
CR33,West-Noord-Brabant (CR),CR36,Zuidoost-Noord-Brabant (CR),8.3
CR33,West-Noord-Brabant (CR),CR37,Noord-Limburg (CR),0.3
CR33,West-Noord-Brabant (CR),CR38,Midden-Limburg (CR),0.4
CR33,West-Noord-Brabant (CR),CR39,Zuid-Limburg (CR),0.7
CR33,West-Noord-Brabant (CR),CR40,Flevoland (CR),0.4
CR34,Midden-Noord-Brabant (CR),CR01,Oost-Groningen (CR),0.0
CR34,Midden-Noord-Brabant (CR),CR02,Delfzijl en omgeving (CR),0.0
CR34,Midden-Noord-Brabant (CR),CR03,Overig Groningen (CR),0.1
CR34,Midden-Noord-Brabant (CR),CR04,Noord-Friesland (CR),0.0
CR34,Midden-Noord-Brabant (CR),CR05,Zuidwest-Friesland (CR),0.1
CR34,Midden-Noord-Brabant (CR),CR06,Zuidoost-Friesland (CR),0.0
CR34,Midden-Noord-Brabant (CR),CR07,Noord-Drenthe (CR),0.0
CR34,Midden-Noord-Brabant (CR),CR08,Zuidoost-Drenthe (CR),0.0
CR34,Midden-Noord-Brabant (CR),CR09,Zuidwest-Drenthe (CR),0.1
CR34,Midden-Noord-Brabant (CR),CR10,Noord-Overijssel (CR),0.1
CR34,Midden-Noord-Brabant (CR),CR11,Zuidwest-Overijssel (CR),0.1
CR34,Midden-Noord-Brabant (CR),CR12,Twente (CR),0.2
CR34,Midden-Noord-Brabant (CR),CR13,Veluwe (CR),1.2
CR34,Midden-Noord-Brabant (CR),CR14,Achterhoek (CR),0.3
CR34,Midden-Noord-Brabant (CR),CR15,Arnhem/Nijmegen (CR),0.9
CR34,Midden-Noord-Brabant (CR),CR16,Zuidwest-Gelderland (CR),2.4
CR34,Midden-Noord-Brabant (CR),CR17,Utrecht (CR),5.3
CR34,Midden-Noord-Brabant (CR),CR18,Kop van Noord-Holland (CR),0.1
CR34,Midden-Noord-Brabant (CR),CR19,Alkmaar en omgeving (CR),0.1
CR34,Midden-Noord-Brabant (CR),CR20,IJmond (CR),0.1
CR34,Midden-Noord-Brabant (CR),CR21,Agglomeratie Haarlem (CR),0.1
CR34,Midden-Noord-Brabant (CR),CR22,Zaanstreek (CR),0.0
CR34,Midden-Noord-Brabant (CR),CR23,Groot-Amsterdam (CR),2.8
CR34,Midden-Noord-Brabant (CR),CR24,Het Gooi en Vechtstreek (CR),0.3
CR34,Midden-Noord-Brabant (CR),CR25,Agglomeratie Leiden en Bollenstreek (CR),0.4
CR34,Midden-Noord-Brabant (CR),CR26,Agglomeratie 's-Gravenhage (CR),2.2
CR34,Midden-Noord-Brabant (CR),CR27,Delft en Westland (CR),0.8
CR34,Midden-Noord-Brabant (CR),CR28,Oost-Zuid-Holland (CR),0.6
CR34,Midden-Noord-Brabant (CR),CR29,Groot-Rijnmond (CR),5.4
CR34,Midden-Noord-Brabant (CR),CR30,Zuidoost-Zuid-Holland (CR),5.3
CR34,Midden-Noord-Brabant (CR),CR31,Zeeuwsch-Vlaanderen (CR),0.2
CR34,Midden-Noord-Brabant (CR),CR32,Overig Zeeland (CR),1.0
CR34,Midden-Noord-Brabant (CR),CR33,West-Noord-Brabant (CR),28.8
CR34,Midden-Noord-Brabant (CR),CR34,Midden-Noord-Brabant (CR),137.8
CR34,Midden-Noord-Brabant (CR),CR35,Noordoost-Noord-Brabant (CR),18.7
CR34,Midden-Noord-Brabant (CR),CR36,Zuidoost-Noord-Brabant (CR),19.6
CR34,Midden-Noord-Brabant (CR),CR37,Noord-Limburg (CR),0.4
CR34,Midden-Noord-Brabant (CR),CR38,Midden-Limburg (CR),0.4
CR34,Midden-Noord-Brabant (CR),CR39,Zuid-Limburg (CR),1.0
CR34,Midden-Noord-Brabant (CR),CR40,Flevoland (CR),0.2
CR35,Noordoost-Noord-Brabant (CR),CR01,Oost-Groningen (CR),0.0
CR35,Noordoost-Noord-Brabant (CR),CR02,Delfzijl en omgeving (CR),0.0
CR35,Noordoost-Noord-Brabant (CR),CR03,Overig Groningen (CR),0.1
CR35,Noordoost-Noord-Brabant (CR),CR04,Noord-Friesland (CR),0.0
CR35,Noordoost-Noord-Brabant (CR),CR05,Zuidwest-Friesland (CR),0.0
CR35,Noordoost-Noord-Brabant (CR),CR06,Zuidoost-Friesland (CR),0.0
CR35,Noordoost-Noord-Brabant (CR),CR07,Noord-Drenthe (CR),0.0
CR35,Noordoost-Noord-Brabant (CR),CR08,Zuidoost-Drenthe (CR),0.0
CR35,Noordoost-Noord-Brabant (CR),CR09,Zuidwest-Drenthe (CR),0.1
CR35,Noordoost-Noord-Brabant (CR),CR10,Noord-Overijssel (CR),0.3
CR35,Noordoost-Noord-Brabant (CR),CR11,Zuidwest-Overijssel (CR),0.2
CR35,Noordoost-Noord-Brabant (CR),CR12,Twente (CR),0.4
CR35,Noordoost-Noord-Brabant (CR),CR13,Veluwe (CR),2.0
CR35,Noordoost-Noord-Brabant (CR),CR14,Achterhoek (CR),0.9
CR35,Noordoost-Noord-Brabant (CR),CR15,Arnhem/Nijmegen (CR),12.2
CR35,Noordoost-Noord-Brabant (CR),CR16,Zuidwest-Gelderland (CR),5.6
CR35,Noordoost-Noord-Brabant (CR),CR17,Utrecht (CR),7.8
CR35,Noordoost-Noord-Brabant (CR),CR18,Kop van Noord-Holland (CR),0.1
CR35,Noordoost-Noord-Brabant (CR),CR19,Alkmaar en omgeving (CR),0.1
CR35,Noordoost-Noord-Brabant (CR),CR20,IJmond (CR),0.1
CR35,Noordoost-Noord-Brabant (CR),CR21,Agglomeratie Haarlem (CR),0.2
CR35,Noordoost-Noord-Brabant (CR),CR22,Zaanstreek (CR),0.1
CR35,Noordoost-Noord-Brabant (CR),CR23,Groot-Amsterdam (CR),4.3
CR35,Noordoost-Noord-Brabant (CR),CR24,Het Gooi en Vechtstreek (CR),0.4
CR35,Noordoost-Noord-Brabant (CR),CR25,Agglomeratie Leiden en Bollenstreek (CR),0.5
CR35,Noordoost-Noord-Brabant (CR),CR26,Agglomeratie 's-Gravenhage (CR),3.1
CR35,Noordoost-Noord-Brabant (CR),CR27,Delft en Westland (CR),0.4
CR35,Noordoost-Noord-Brabant (CR),CR28,Oost-Zuid-Holland (CR),0.6
CR35,Noordoost-Noord-Brabant (CR),CR29,Groot-Rijnmond (CR),4.8
CR35,Noordoost-Noord-Brabant (CR),CR30,Zuidoost-Zuid-Holland (CR),1.7
CR35,Noordoost-Noord-Brabant (CR),CR31,Zeeuwsch-Vlaanderen (CR),0.5
CR35,Noordoost-Noord-Brabant (CR),CR32,Overig Zeeland (CR),1.9
CR35,Noordoost-Noord-Brabant (CR),CR33,West-Noord-Brabant (CR),11.3
CR35,Noordoost-Noord-Brabant (CR),CR34,Midden-Noord-Brabant (CR),21.6
CR35,Noordoost-Noord-Brabant (CR),CR35,Noordoost-Noord-Brabant (CR),202.7
CR35,Noordoost-Noord-Brabant (CR),CR36,Zuidoost-Noord-Brabant (CR),31.1
CR35,Noordoost-Noord-Brabant (CR),CR37,Noord-Limburg (CR),6.1
CR35,Noordoost-Noord-Brabant (CR),CR38,Midden-Limburg (CR),1.2
CR35,Noordoost-Noord-Brabant (CR),CR39,Zuid-Limburg (CR),2.1
CR35,Noordoost-Noord-Brabant (CR),CR40,Flevoland (CR),0.3
CR36,Zuidoost-Noord-Brabant (CR),CR01,Oost-Groningen (CR),0.0
CR36,Zuidoost-Noord-Brabant (CR),CR02,Delfzijl en omgeving (CR),0.0
CR36,Zuidoost-Noord-Brabant (CR),CR03,Overig Groningen (CR),0.1
CR36,Zuidoost-Noord-Brabant (CR),CR04,Noord-Friesland (CR),0.0
CR36,Zuidoost-Noord-Brabant (CR),CR05,Zuidwest-Friesland (CR),0.0
CR36,Zuidoost-Noord-Brabant (CR),CR06,Zuidoost-Friesland (CR),0.0
CR36,Zuidoost-Noord-Brabant (CR),CR07,Noord-Drenthe (CR),0.0
CR36,Zuidoost-Noord-Brabant (CR),CR08,Zuidoost-Drenthe (CR),0.0
CR36,Zuidoost-Noord-Brabant (CR),CR09,Zuidwest-Drenthe (CR),0.2
CR36,Zuidoost-Noord-Brabant (CR),CR10,Noord-Overijssel (CR),0.3
CR36,Zuidoost-Noord-Brabant (CR),CR11,Zuidwest-Overijssel (CR),0.2
CR36,Zuidoost-Noord-Brabant (CR),CR12,Twente (CR),0.5
CR36,Zuidoost-Noord-Brabant (CR),CR13,Veluwe (CR),1.2
CR36,Zuidoost-Noord-Brabant (CR),CR14,Achterhoek (CR),0.5
CR36,Zuidoost-Noord-Brabant (CR),CR15,Arnhem/Nijmegen (CR),2.5
CR36,Zuidoost-Noord-Brabant (CR),CR16,Zuidwest-Gelderland (CR),1.2
CR36,Zuidoost-Noord-Brabant (CR),CR17,Utrecht (CR),5.3
CR36,Zuidoost-Noord-Brabant (CR),CR18,Kop van Noord-Holland (CR),0.1
CR36,Zuidoost-Noord-Brabant (CR),CR19,Alkmaar en omgeving (CR),0.1
CR36,Zuidoost-Noord-Brabant (CR),CR20,IJmond (CR),0.1
CR36,Zuidoost-Noord-Brabant (CR),CR21,Agglomeratie Haarlem (CR),0.1
CR36,Zuidoost-Noord-Brabant (CR),CR22,Zaanstreek (CR),0.0
CR36,Zuidoost-Noord-Brabant (CR),CR23,Groot-Amsterdam (CR),4.5
CR36,Zuidoost-Noord-Brabant (CR),CR24,Het Gooi en Vechtstreek (CR),0.3
CR36,Zuidoost-Noord-Brabant (CR),CR25,Agglomeratie Leiden en Bollenstreek (CR),1.0
CR36,Zuidoost-Noord-Brabant (CR),CR26,Agglomeratie 's-Gravenhage (CR),2.3
CR36,Zuidoost-Noord-Brabant (CR),CR27,Delft en Westland (CR),0.5
CR36,Zuidoost-Noord-Brabant (CR),CR28,Oost-Zuid-Holland (CR),0.5
CR36,Zuidoost-Noord-Brabant (CR),CR29,Groot-Rijnmond (CR),4.8
CR36,Zuidoost-Noord-Brabant (CR),CR30,Zuidoost-Zuid-Holland (CR),1.1
CR36,Zuidoost-Noord-Brabant (CR),CR31,Zeeuwsch-Vlaanderen (CR),0.2
CR36,Zuidoost-Noord-Brabant (CR),CR32,Overig Zeeland (CR),1.8
CR36,Zuidoost-Noord-Brabant (CR),CR33,West-Noord-Brabant (CR),8.9
CR36,Zuidoost-Noord-Brabant (CR),CR34,Midden-Noord-Brabant (CR),17.0
CR36,Zuidoost-Noord-Brabant (CR),CR35,Noordoost-Noord-Brabant (CR),30.4
CR36,Zuidoost-Noord-Brabant (CR),CR36,Zuidoost-Noord-Brabant (CR),275.5
CR36,Zuidoost-Noord-Brabant (CR),CR37,Noord-Limburg (CR),5.4
CR36,Zuidoost-Noord-Brabant (CR),CR38,Midden-Limburg (CR),4.8
CR36,Zuidoost-Noord-Brabant (CR),CR39,Zuid-Limburg (CR),5.8
CR36,Zuidoost-Noord-Brabant (CR),CR40,Flevoland (CR),0.3
CR37,Noord-Limburg (CR),CR01,Oost-Groningen (CR),0.0
CR37,Noord-Limburg (CR),CR02,Delfzijl en omgeving (CR),0.0
CR37,Noord-Limburg (CR),CR03,Overig Groningen (CR),0.0
CR37,Noord-Limburg (CR),CR04,Noord-Friesland (CR),0.0
CR37,Noord-Limburg (CR),CR05,Zuidwest-Friesland (CR),0.0
CR37,Noord-Limburg (CR),CR06,Zuidoost-Friesland (CR),0.0
CR37,Noord-Limburg (CR),CR07,Noord-Drenthe (CR),0.0
CR37,Noord-Limburg (CR),CR08,Zuidoost-Drenthe (CR),0.0
CR37,Noord-Limburg (CR),CR09,Zuidwest-Drenthe (CR),0.1
CR37,Noord-Limburg (CR),CR10,Noord-Overijssel (CR),0.1
CR37,Noord-Limburg (CR),CR11,Zuidwest-Overijssel (CR),0.1
CR37,Noord-Limburg (CR),CR12,Twente (CR),0.2
CR37,Noord-Limburg (CR),CR13,Veluwe (CR),1.0
CR37,Noord-Limburg (CR),CR14,Achterhoek (CR),0.6
CR37,Noord-Limburg (CR),CR15,Arnhem/Nijmegen (CR),5.9
CR37,Noord-Limburg (CR),CR16,Zuidwest-Gelderland (CR),0.9
CR37,Noord-Limburg (CR),CR17,Utrecht (CR),1.0
CR37,Noord-Limburg (CR),CR18,Kop van Noord-Holland (CR),0.1
CR37,Noord-Limburg (CR),CR19,Alkmaar en omgeving (CR),0.0
CR37,Noord-Limburg (CR),CR20,IJmond (CR),0.0
CR37,Noord-Limburg (CR),CR21,Agglomeratie Haarlem (CR),0.0
CR37,Noord-Limburg (CR),CR22,Zaanstreek (CR),0.0
CR37,Noord-Limburg (CR),CR23,Groot-Amsterdam (CR),0.9
CR37,Noord-Limburg (CR),CR24,Het Gooi en Vechtstreek (CR),0.1
CR37,Noord-Limburg (CR),CR25,Agglomeratie Leiden en Bollenstreek (CR),0.1
CR37,Noord-Limburg (CR),CR26,Agglomeratie 's-Gravenhage (CR),0.5
CR37,Noord-Limburg (CR),CR27,Delft en Westland (CR),0.1
CR37,Noord-Limburg (CR),CR28,Oost-Zuid-Holland (CR),0.2
CR37,Noord-Limburg (CR),CR29,Groot-Rijnmond (CR),0.8
CR37,Noord-Limburg (CR),CR30,Zuidoost-Zuid-Holland (CR),0.2
CR37,Noord-Limburg (CR),CR31,Zeeuwsch-Vlaanderen (CR),0.0
CR37,Noord-Limburg (CR),CR32,Overig Zeeland (CR),0.1
CR37,Noord-Limburg (CR),CR33,West-Noord-Brabant (CR),1.3
CR37,Noord-Limburg (CR),CR34,Midden-Noord-Brabant (CR),1.0
CR37,Noord-Limburg (CR),CR35,Noordoost-Noord-Brabant (CR),6.2
CR37,Noord-Limburg (CR),CR36,Zuidoost-Noord-Brabant (CR),10.2
CR37,Noord-Limburg (CR),CR37,Noord-Limburg (CR),89.4
CR37,Noord-Limburg (CR),CR38,Midden-Limburg (CR),10.2
CR37,Noord-Limburg (CR),CR39,Zuid-Limburg (CR),6.8
CR37,Noord-Limburg (CR),CR40,Flevoland (CR),0.1
CR38,Midden-Limburg (CR),CR01,Oost-Groningen (CR),0.0
CR38,Midden-Limburg (CR),CR02,Delfzijl en omgeving (CR),0.0
CR38,Midden-Limburg (CR),CR03,Overig Groningen (CR),0.0
CR38,Midden-Limburg (CR),CR04,Noord-Friesland (CR),0.0
CR38,Midden-Limburg (CR),CR05,Zuidwest-Friesland (CR),0.0
CR38,Midden-Limburg (CR),CR06,Zuidoost-Friesland (CR),0.0
CR38,Midden-Limburg (CR),CR07,Noord-Drenthe (CR),0.0
CR38,Midden-Limburg (CR),CR08,Zuidoost-Drenthe (CR),0.0
CR38,Midden-Limburg (CR),CR09,Zuidwest-Drenthe (CR),0.0
CR38,Midden-Limburg (CR),CR10,Noord-Overijssel (CR),0.2
CR38,Midden-Limburg (CR),CR11,Zuidwest-Overijssel (CR),0.1
CR38,Midden-Limburg (CR),CR12,Twente (CR),0.1
CR38,Midden-Limburg (CR),CR13,Veluwe (CR),0.4
CR38,Midden-Limburg (CR),CR14,Achterhoek (CR),0.2
CR38,Midden-Limburg (CR),CR15,Arnhem/Nijmegen (CR),0.6
CR38,Midden-Limburg (CR),CR16,Zuidwest-Gelderland (CR),0.3
CR38,Midden-Limburg (CR),CR17,Utrecht (CR),1.0
CR38,Midden-Limburg (CR),CR18,Kop van Noord-Holland (CR),0.0
CR38,Midden-Limburg (CR),CR19,Alkmaar en omgeving (CR),0.0
CR38,Midden-Limburg (CR),CR20,IJmond (CR),0.0
CR38,Midden-Limburg (CR),CR21,Agglomeratie Haarlem (CR),0.0
CR38,Midden-Limburg (CR),CR22,Zaanstreek (CR),0.0
CR38,Midden-Limburg (CR),CR23,Groot-Amsterdam (CR),0.9
CR38,Midden-Limburg (CR),CR24,Het Gooi en Vechtstreek (CR),0.0
CR38,Midden-Limburg (CR),CR25,Agglomeratie Leiden en Bollenstreek (CR),0.1
CR38,Midden-Limburg (CR),CR26,Agglomeratie 's-Gravenhage (CR),0.5
CR38,Midden-Limburg (CR),CR27,Delft en Westland (CR),0.1
CR38,Midden-Limburg (CR),CR28,Oost-Zuid-Holland (CR),0.1
CR38,Midden-Limburg (CR),CR29,Groot-Rijnmond (CR),1.0
CR38,Midden-Limburg (CR),CR30,Zuidoost-Zuid-Holland (CR),0.2
CR38,Midden-Limburg (CR),CR31,Zeeuwsch-Vlaanderen (CR),0.0
CR38,Midden-Limburg (CR),CR32,Overig Zeeland (CR),0.2
CR38,Midden-Limburg (CR),CR33,West-Noord-Brabant (CR),1.5
CR38,Midden-Limburg (CR),CR34,Midden-Noord-Brabant (CR),1.3
CR38,Midden-Limburg (CR),CR35,Noordoost-Noord-Brabant (CR),2.7
CR38,Midden-Limburg (CR),CR36,Zuidoost-Noord-Brabant (CR),11.9
CR38,Midden-Limburg (CR),CR37,Noord-Limburg (CR),7.8
CR38,Midden-Limburg (CR),CR38,Midden-Limburg (CR),60.9
CR38,Midden-Limburg (CR),CR39,Zuid-Limburg (CR),17.0
CR38,Midden-Limburg (CR),CR40,Flevoland (CR),0.1
CR39,Zuid-Limburg (CR),CR01,Oost-Groningen (CR),0.0
CR39,Zuid-Limburg (CR),CR02,Delfzijl en omgeving (CR),0.0
CR39,Zuid-Limburg (CR),CR03,Overig Groningen (CR),0.1
CR39,Zuid-Limburg (CR),CR04,Noord-Friesland (CR),0.0
CR39,Zuid-Limburg (CR),CR05,Zuidwest-Friesland (CR),0.0
CR39,Zuid-Limburg (CR),CR06,Zuidoost-Friesland (CR),0.0
CR39,Zuid-Limburg (CR),CR07,Noord-Drenthe (CR),0.0
CR39,Zuid-Limburg (CR),CR08,Zuidoost-Drenthe (CR),0.1
CR39,Zuid-Limburg (CR),CR09,Zuidwest-Drenthe (CR),0.0
CR39,Zuid-Limburg (CR),CR10,Noord-Overijssel (CR),0.3
CR39,Zuid-Limburg (CR),CR11,Zuidwest-Overijssel (CR),0.1
CR39,Zuid-Limburg (CR),CR12,Twente (CR),0.2
CR39,Zuid-Limburg (CR),CR13,Veluwe (CR),0.7
CR39,Zuid-Limburg (CR),CR14,Achterhoek (CR),0.2
CR39,Zuid-Limburg (CR),CR15,Arnhem/Nijmegen (CR),1.3
CR39,Zuid-Limburg (CR),CR16,Zuidwest-Gelderland (CR),0.4
CR39,Zuid-Limburg (CR),CR17,Utrecht (CR),1.7
CR39,Zuid-Limburg (CR),CR18,Kop van Noord-Holland (CR),0.1
CR39,Zuid-Limburg (CR),CR19,Alkmaar en omgeving (CR),0.1
CR39,Zuid-Limburg (CR),CR20,IJmond (CR),0.0
CR39,Zuid-Limburg (CR),CR21,Agglomeratie Haarlem (CR),0.0
CR39,Zuid-Limburg (CR),CR22,Zaanstreek (CR),0.0
CR39,Zuid-Limburg (CR),CR23,Groot-Amsterdam (CR),2.2
CR39,Zuid-Limburg (CR),CR24,Het Gooi en Vechtstreek (CR),0.1
CR39,Zuid-Limburg (CR),CR25,Agglomeratie Leiden en Bollenstreek (CR),0.1
CR39,Zuid-Limburg (CR),CR26,Agglomeratie 's-Gravenhage (CR),1.1
CR39,Zuid-Limburg (CR),CR27,Delft en Westland (CR),0.1
CR39,Zuid-Limburg (CR),CR28,Oost-Zuid-Holland (CR),0.2
CR39,Zuid-Limburg (CR),CR29,Groot-Rijnmond (CR),1.9
CR39,Zuid-Limburg (CR),CR30,Zuidoost-Zuid-Holland (CR),0.4
CR39,Zuid-Limburg (CR),CR31,Zeeuwsch-Vlaanderen (CR),0.0
CR39,Zuid-Limburg (CR),CR32,Overig Zeeland (CR),0.5
CR39,Zuid-Limburg (CR),CR33,West-Noord-Brabant (CR),1.9
CR39,Zuid-Limburg (CR),CR34,Midden-Noord-Brabant (CR),3.3
CR39,Zuid-Limburg (CR),CR35,Noordoost-Noord-Brabant (CR),6.0
CR39,Zuid-Limburg (CR),CR36,Zuidoost-Noord-Brabant (CR),14.4
CR39,Zuid-Limburg (CR),CR37,Noord-Limburg (CR),2.1
CR39,Zuid-Limburg (CR),CR38,Midden-Limburg (CR),11.1
CR39,Zuid-Limburg (CR),CR39,Zuid-Limburg (CR),194.2
CR39,Zuid-Limburg (CR),CR40,Flevoland (CR),0.2
CR40,Flevoland (CR),CR01,Oost-Groningen (CR),0.0
CR40,Flevoland (CR),CR02,Delfzijl en omgeving (CR),0.0
CR40,Flevoland (CR),CR03,Overig Groningen (CR),0.5
CR40,Flevoland (CR),CR04,Noord-Friesland (CR),0.2
CR40,Flevoland (CR),CR05,Zuidwest-Friesland (CR),0.8
CR40,Flevoland (CR),CR06,Zuidoost-Friesland (CR),0.6
CR40,Flevoland (CR),CR07,Noord-Drenthe (CR),0.2
CR40,Flevoland (CR),CR08,Zuidoost-Drenthe (CR),0.2
CR40,Flevoland (CR),CR09,Zuidwest-Drenthe (CR),0.5
CR40,Flevoland (CR),CR10,Noord-Overijssel (CR),5.6
CR40,Flevoland (CR),CR11,Zuidwest-Overijssel (CR),0.5
CR40,Flevoland (CR),CR12,Twente (CR),1.1
CR40,Flevoland (CR),CR13,Veluwe (CR),14.8
CR40,Flevoland (CR),CR14,Achterhoek (CR),0.7
CR40,Flevoland (CR),CR15,Arnhem/Nijmegen (CR),10.2
CR40,Flevoland (CR),CR16,Zuidwest-Gelderland (CR),1.8
CR40,Flevoland (CR),CR17,Utrecht (CR),10.0
CR40,Flevoland (CR),CR18,Kop van Noord-Holland (CR),0.7
CR40,Flevoland (CR),CR19,Alkmaar en omgeving (CR),0.3
CR40,Flevoland (CR),CR20,IJmond (CR),0.3
CR40,Flevoland (CR),CR21,Agglomeratie Haarlem (CR),0.7
CR40,Flevoland (CR),CR22,Zaanstreek (CR),0.8
CR40,Flevoland (CR),CR23,Groot-Amsterdam (CR),33.6
CR40,Flevoland (CR),CR24,Het Gooi en Vechtstreek (CR),8.3
CR40,Flevoland (CR),CR25,Agglomeratie Leiden en Bollenstreek (CR),0.6
CR40,Flevoland (CR),CR26,Agglomeratie 's-Gravenhage (CR),1.2
CR40,Flevoland (CR),CR27,Delft en Westland (CR),0.2
CR40,Flevoland (CR),CR28,Oost-Zuid-Holland (CR),0.4
CR40,Flevoland (CR),CR29,Groot-Rijnmond (CR),1.5
CR40,Flevoland (CR),CR30,Zuidoost-Zuid-Holland (CR),0.6
CR40,Flevoland (CR),CR31,Zeeuwsch-Vlaanderen (CR),0.0
CR40,Flevoland (CR),CR32,Overig Zeeland (CR),0.2
CR40,Flevoland (CR),CR33,West-Noord-Brabant (CR),0.7
CR40,Flevoland (CR),CR34,Midden-Noord-Brabant (CR),0.6
CR40,Flevoland (CR),CR35,Noordoost-Noord-Brabant (CR),0.9
CR40,Flevoland (CR),CR36,Zuidoost-Noord-Brabant (CR),1.1
CR40,Flevoland (CR),CR37,Noord-Limburg (CR),0.5
CR40,Flevoland (CR),CR38,Midden-Limburg (CR),0.4
CR40,Flevoland (CR),CR39,Zuid-Limburg (CR),0.5
CR40,Flevoland (CR),CR40,Flevoland (CR),102.9
